country,year,ic_reg_durs
arb,2003,47.5615384615
arb,2004,42.2375000000
arb,2005,39.7166666667
arb,2006,38.4888888889
arb,2007,32.1700000000
arb,2008,22.2700000000
arb,2009,21.6150000000
arb,2010,21.6400000000
arb,2011,21.0850000000
arb,2012,21.8428571429
arb,2013,20.6047619048
arb,2014,19.6095238095
arb,2015,22.2000000000
arb,2016,23.3090909091
arb,2017,21.5590909091
arb,2018,20.6727272727
arb,2019,19.6545454545
css,2003,31.0000000000
css,2004,36.5000000000
css,2005,90.0909090909
css,2006,84.6363636364
css,2007,79.5416666667
css,2008,79.6250000000
css,2009,78.1250000000
css,2010,76.6250000000
css,2011,71.4230769231
css,2012,71.3461538462
css,2013,33.5769230769
css,2014,23.2692307692
css,2015,22.7307692308
css,2016,21.0384615385
css,2017,20.8846153846
css,2018,20.8846153846
css,2019,19.6692307692
ceb,2003,50.8636363636
ceb,2004,46.1363636364
ceb,2005,36.5909090909
ceb,2006,33.9545454545
ceb,2007,28.2272727273
ceb,2008,24.5000000000
ceb,2009,19.4545454545
ceb,2010,18.9090909091
ceb,2011,19.0909090909
ceb,2012,18.9090909091
ceb,2013,17.9090909091
ceb,2014,16.8181818182
ceb,2015,16.0909090909
ceb,2016,15.7272727273
ceb,2017,15.7272727273
ceb,2018,18.0000000000
ceb,2019,15.9090909091
ear,2003,66.8590909091
ear,2004,61.3733333333
ear,2005,68.8452830189
ear,2006,65.0905660377
ear,2007,59.4203703704
ear,2008,55.6055555556
ear,2009,52.7518518519
ear,2010,50.4370370370
ear,2011,49.2148148148
ear,2012,49.2607142857
ear,2013,38.1803278689
ear,2014,35.1213114754
ear,2015,35.5311475410
ear,2016,35.0377049180
ear,2017,34.0459016393
ear,2018,32.1885245902
ear,2019,30.8229508197
eas,2003,38.8913043478
eas,2004,42.3541666667
eas,2005,42.5625000000
eas,2006,45.2800000000
eas,2007,42.3600000000
eas,2008,41.4200000000
eas,2009,39.1400000000
eas,2010,36.1800000000
eas,2011,32.5600000000
eas,2012,33.6538461538
eas,2013,34.5482758621
eas,2014,30.7689655172
eas,2015,27.6137931034
eas,2016,25.6310344828
eas,2017,24.9482758621
eas,2018,23.3655172414
eas,2019,22.8344827586
eap,2003,47.6562500000
eap,2004,52.5588235294
eap,2005,51.9705882353
eap,2006,51.0882352941
eap,2007,47.9117647059
eap,2008,47.6764705882
eap,2009,45.9705882353
eap,2010,42.7941176471
eap,2011,38.5000000000
eap,2012,39.8055555556
eap,2013,41.5900000000
eap,2014,36.1350000000
eap,2015,36.1050000000
eap,2016,33.2350000000
eap,2017,32.3450000000
eap,2018,30.4500000000
eap,2019,29.7000000000
tea,2003,46.7941176471
tea,2004,50.9722222222
tea,2005,50.4166666667
tea,2006,49.8055555556
tea,2007,46.8055555556
tea,2008,46.5833333333
tea,2009,44.9722222222
tea,2010,41.9722222222
tea,2011,37.9166666667
tea,2012,39.1842105263
tea,2013,40.9428571429
tea,2014,35.7476190476
tea,2015,35.7190476190
tea,2016,32.9857142857
tea,2017,32.1380952381
tea,2018,30.3333333333
tea,2019,29.6190476190
emu,2003,49.7812500000
emu,2004,41.6562500000
emu,2005,30.2812500000
emu,2006,26.5000000000
emu,2007,22.9705882353
emu,2008,18.0833333333
emu,2009,17.1944444444
emu,2010,16.0000000000
emu,2011,15.5526315789
emu,2012,15.1578947368
emu,2013,14.4210526316
emu,2014,12.3947368421
emu,2015,11.4210526316
emu,2016,10.8947368421
emu,2017,10.3684210526
emu,2018,10.4473684211
emu,2019,9.8157894737
ecs,2003,43.8536585366
ecs,2004,38.9166666667
ecs,2005,33.9534883721
ecs,2006,29.0888888889
ecs,2007,25.0777777778
ecs,2008,21.3152173913
ecs,2009,18.9468085106
ecs,2010,18.0744680851
ecs,2011,16.6170212766
ecs,2012,16.6250000000
ecs,2013,15.5040816327
ecs,2014,14.2040816327
ecs,2015,12.2612244898
ecs,2016,11.8795918367
ecs,2017,11.5938775510
ecs,2018,12.5520000000
ecs,2019,11.7620000000
eca,2003,45.3125000000
eca,2004,43.0312500000
eca,2005,43.1470588235
eca,2006,35.9166666667
eca,2007,30.9166666667
eca,2008,26.8611111111
eca,2009,22.0789473684
eca,2010,21.1842105263
eca,2011,19.3421052632
eca,2012,18.2368421053
eca,2013,16.2100000000
eca,2014,15.3000000000
eca,2015,13.0650000000
eca,2016,12.8550000000
eca,2017,12.1550000000
eca,2018,12.7300000000
eca,2019,11.7800000000
tec,2003,45.3888888889
tec,2004,43.3611111111
tec,2005,42.8684210526
tec,2006,35.8250000000
tec,2007,31.2000000000
tec,2008,27.5500000000
tec,2009,22.9047619048
tec,2010,22.0000000000
tec,2011,20.3095238095
tec,2012,19.4285714286
tec,2013,17.4409090909
tec,2014,16.6136363636
tec,2015,14.5818181818
tec,2016,14.3909090909
tec,2017,13.7545454545
tec,2018,14.2772727273
tec,2019,13.2772727273
euu,2003,45.4583333333
euu,2004,40.0000000000
euu,2005,30.5833333333
euu,2006,26.8400000000
euu,2007,23.0600000000
euu,2008,20.0192307692
euu,2009,17.8269230769
euu,2010,16.9038461538
euu,2011,16.6296296296
euu,2012,16.3703703704
euu,2013,15.7777777778
euu,2014,14.3518518519
euu,2015,13.2407407407
euu,2016,12.7222222222
euu,2017,12.3518518519
euu,2018,13.2777777778
euu,2019,11.8928571429
fcs,2003,73.3684210526
fcs,2004,64.9600000000
fcs,2005,67.8103448276
fcs,2006,66.2500000000
fcs,2007,62.7500000000
fcs,2008,61.5833333333
fcs,2009,59.3064516129
fcs,2010,53.0161290323
fcs,2011,43.6290322581
fcs,2012,41.0441176471
fcs,2013,34.8382352941
fcs,2014,29.6323529412
fcs,2015,28.9428571429
fcs,2016,28.3714285714
fcs,2017,27.0428571429
fcs,2018,26.4000000000
fcs,2019,25.4457142857
hpc,2003,60.2586206897
hpc,2004,55.8970588235
hpc,2005,59.1351351351
hpc,2006,56.2894736842
hpc,2007,50.6052631579
hpc,2008,50.0394736842
hpc,2009,47.6184210526
hpc,2010,44.0921052632
hpc,2011,33.8289473684
hpc,2012,32.3684210526
hpc,2013,26.7368421053
hpc,2014,23.4473684211
hpc,2015,24.1666666667
hpc,2016,23.5769230769
hpc,2017,22.9871794872
hpc,2018,23.0256410256
hpc,2019,22.5384615385
hic,2003,35.9714285714
hic,2004,31.9720930233
hic,2005,27.9872340426
hic,2006,26.8938775510
hic,2007,23.6615384615
hic,2008,20.8849056604
hic,2009,20.1660377358
hic,2010,19.1094339623
hic,2011,16.7581818182
hic,2012,16.9410714286
hic,2013,16.1551724138
hic,2014,14.8534482759
hic,2015,12.3137931034
hic,2016,12.2068965517
hic,2017,11.5258620690
hic,2018,11.8389830508
hic,2019,10.8864406780
ibd,2003,57.4893617021
ibd,2004,53.1122448980
ibd,2005,61.6293103448
ibd,2006,56.8559322034
ibd,2007,53.0254237288
ibd,2008,48.8050847458
ibd,2009,46.1864406780
ibd,2010,45.5338983051
ibd,2011,42.8559322034
ibd,2012,41.9500000000
ibd,2013,33.2075757576
ibd,2014,30.5712121212
ibd,2015,29.8909090909
ibd,2016,29.9196969697
ibd,2017,27.2454545455
ibd,2018,24.8500000000
ibd,2019,23.9090909091
ibt,2003,57.3622448980
ibt,2004,54.2452830189
ibt,2005,57.9160000000
ibt,2006,54.4212598425
ibt,2007,50.1614173228
ibt,2008,46.9763779528
ibt,2009,44.3554687500
ibt,2010,42.3125000000
ibt,2011,37.3984375000
ibt,2012,36.7022900763
ibt,2013,30.6450000000
ibt,2014,27.6928571429
ibt,2015,27.5078014184
ibt,2016,27.0078014184
ibt,2017,25.2524822695
ibt,2018,23.8475177305
ibt,2019,22.9645390071
idb,2003,50.1666666667
idb,2004,55.0500000000
idb,2005,46.5000000000
idb,2006,45.9666666667
idb,2007,42.7000000000
idb,2008,49.3333333333
idb,2009,46.4000000000
idb,2010,41.0000000000
idb,2011,39.4000000000
idb,2012,40.0666666667
idb,2013,34.8117647059
idb,2014,27.2235294118
idb,2015,26.5176470588
idb,2016,24.0823529412
idb,2017,21.7882352941
idb,2018,19.0823529412
idb,2019,17.8647058824
idx,2003,58.7619047619
idx,2004,55.2553191489
idx,2005,57.0673076923
idx,2006,54.1037735849
idx,2007,49.0849056604
idx,2008,44.2735849057
idx,2009,41.7870370370
idx,2010,39.1574074074
idx,2011,30.8796296296
idx,2012,30.1785714286
idx,2013,26.4350877193
idx,2014,24.5000000000
idx,2015,25.0862068966
idx,2016,24.5517241379
idx,2017,24.0000000000
idx,2018,24.1034482759
idx,2019,23.3844827586
ida,2003,57.2450980392
ida,2004,55.2192982456
ida,2005,54.7014925373
ida,2006,52.3088235294
ida,2007,47.6764705882
ida,2008,45.3897058824
ida,2009,42.7898550725
ida,2010,39.5579710145
ida,2011,32.7318840580
ida,2012,32.2676056338
ida,2013,28.3594594595
ida,2014,25.1256756757
ida,2015,25.4106666667
ida,2016,24.4453333333
ida,2017,23.4986666667
ida,2018,22.9653333333
ida,2019,22.1333333333
lte,2003,42.8030303030
lte,2004,38.9444444444
lte,2005,34.7525000000
lte,2006,33.2023809524
lte,2007,29.6295454545
lte,2008,25.1711111111
lte,2009,23.5600000000
lte,2010,22.4488888889
lte,2011,19.6466666667
lte,2012,18.5800000000
lte,2013,18.9937500000
lte,2014,18.2625000000
lte,2015,15.5270833333
lte,2016,15.7437500000
lte,2017,14.3270833333
lte,2018,12.3208333333
lte,2019,11.2708333333
lcn,2003,74.3157894737
lcn,2004,67.5000000000
lcn,2005,74.7931034483
lcn,2006,70.6551724138
lcn,2007,64.3000000000
lcn,2008,63.4666666667
lcn,2009,61.7833333333
lcn,2010,58.4000000000
lcn,2011,53.9516129032
lcn,2012,53.4354838710
lcn,2013,35.6515151515
lcn,2014,30.8030303030
lcn,2015,31.7242424242
lcn,2016,32.1787878788
lcn,2017,31.9363636364
lcn,2018,28.7575757576
lcn,2019,28.0969696970
lac,2003,86.6666666667
lac,2004,77.3750000000
lac,2005,88.0909090909
lac,2006,84.5000000000
lac,2007,77.6590909091
lac,2008,76.7954545455
lac,2009,73.5454545455
lac,2010,69.5909090909
lac,2011,69.0909090909
lac,2012,68.5000000000
lac,2013,43.0416666667
lac,2014,37.3333333333
lac,2015,38.3916666667
lac,2016,39.4958333333
lac,2017,39.1625000000
lac,2018,34.8541666667
lac,2019,34.5708333333
tla,2003,78.0555555556
tla,2004,70.6842105263
tla,2005,77.2142857143
tla,2006,72.9285714286
tla,2007,67.5535714286
tla,2008,66.6607142857
tla,2009,64.8571428571
tla,2010,61.4821428571
tla,2011,58.0357142857
tla,2012,57.4642857143
tla,2013,37.6333333333
tla,2014,32.2666666667
tla,2015,33.1133333333
tla,2016,33.9633333333
tla,2017,33.6966666667
tla,2018,30.2000000000
tla,2019,29.8066666667
ldc,2003,67.3281250000
ldc,2004,66.0675675676
ldc,2005,67.1219512195
ldc,2006,63.4285714286
ldc,2007,58.3809523810
ldc,2008,52.8571428571
ldc,2009,51.1190476190
ldc,2010,46.5238095238
ldc,2011,36.0714285714
ldc,2012,35.1250000000
ldc,2013,31.1622222222
ldc,2014,27.7777777778
ldc,2015,28.1847826087
ldc,2016,27.3152173913
ldc,2017,26.8260869565
ldc,2018,27.0000000000
ldc,2019,26.2086956522
lmy,2003,58.6032608696
lmy,2004,55.4801980198
lmy,2005,59.9310344828
lmy,2006,56.5423728814
lmy,2007,51.9703389831
lmy,2008,48.5084745763
lmy,2009,45.5504201681
lmy,2010,43.4327731092
lmy,2011,38.8613445378
lmy,2012,37.9754098361
lmy,2013,31.4679389313
lmy,2014,28.4656488550
lmy,2015,28.2621212121
lmy,2016,27.7356060606
lmy,2017,25.8606060606
lmy,2018,24.3712121212
lmy,2019,23.4886363636
lic,2003,63.0454545455
lic,2004,54.8541666667
lic,2005,61.9259259259
lic,2006,58.3571428571
lic,2007,53.3928571429
lic,2008,49.3571428571
lic,2009,45.9285714286
lic,2010,39.7142857143
lic,2011,31.1428571429
lic,2012,29.8275862069
lic,2013,25.6896551724
lic,2014,24.4827586207
lic,2015,24.8833333333
lic,2016,24.6166666667
lic,2017,23.7000000000
lic,2018,24.0333333333
lic,2019,23.4666666667
lmc,2003,57.0606060606
lmc,2004,58.8108108108
lmc,2005,54.0243902439
lmc,2006,52.2926829268
lmc,2007,47.2073170732
lmc,2008,45.5121951220
lmc,2009,44.3170731707
lmc,2010,42.9268292683
lmc,2011,37.5853658537
lmc,2012,37.0357142857
lmc,2013,33.9212765957
lmc,2014,29.2382978723
lmc,2015,28.0553191489
lmc,2016,26.5893617021
lmc,2017,25.8127659574
lmc,2018,23.9553191489
lmc,2019,22.7212765957
mea,2003,45.4142857143
mea,2004,40.9250000000
mea,2005,38.9941176471
mea,2006,37.6941176471
mea,2007,32.8105263158
mea,2008,24.4421052632
mea,2009,22.9105263158
mea,2010,23.0421052632
mea,2011,23.2600000000
mea,2012,24.4857142857
mea,2013,23.1047619048
mea,2014,22.3476190476
mea,2015,22.4000000000
mea,2016,23.4190476190
mea,2017,21.2047619048
mea,2018,20.3714285714
mea,2019,19.5190476190
mna,2003,49.5000000000
mna,2004,42.2272727273
mna,2005,39.9583333333
mna,2006,39.6250000000
mna,2007,38.8750000000
mna,2008,27.7083333333
mna,2009,25.7083333333
mna,2010,25.7083333333
mna,2011,25.6250000000
mna,2012,27.9615384615
mna,2013,26.2307692308
mna,2014,25.4615384615
mna,2015,26.0769230769
mna,2016,26.1923076923
mna,2017,25.5000000000
mna,2018,24.8076923077
mna,2019,24.8846153846
tmn,2003,49.5000000000
tmn,2004,39.0000000000
tmn,2005,36.8181818182
tmn,2006,36.4545454545
tmn,2007,35.7272727273
tmn,2008,24.4545454545
tmn,2009,22.2727272727
tmn,2010,22.2727272727
tmn,2011,22.2727272727
tmn,2012,26.1666666667
tmn,2013,24.4583333333
tmn,2014,23.9583333333
tmn,2015,24.6250000000
tmn,2016,24.7500000000
tmn,2017,24.0000000000
tmn,2018,23.2500000000
tmn,2019,23.3333333333
mic,2003,57.2071428571
mic,2004,55.6753246753
mic,2005,59.3258426966
mic,2006,55.9777777778
mic,2007,51.5277777778
mic,2008,48.2444444444
mic,2009,45.4340659341
mic,2010,44.5769230769
mic,2011,41.2362637363
mic,2012,40.5161290323
mic,2013,33.1107843137
mic,2014,29.5980392157
mic,2015,29.2558823529
mic,2016,28.6529411765
mic,2017,26.4960784314
mic,2018,24.4705882353
mic,2019,23.4950980392
nac,2003,3.5000000000
nac,2004,3.5000000000
nac,2005,3.5000000000
nac,2006,3.5000000000
nac,2007,3.5000000000
nac,2008,5.5000000000
nac,2009,5.5000000000
nac,2010,5.5000000000
nac,2011,5.5000000000
nac,2012,5.5000000000
nac,2013,5.8500000000
nac,2014,5.5500000000
nac,2015,3.5500000000
nac,2016,3.5500000000
nac,2017,3.5500000000
nac,2018,3.5500000000
nac,2019,2.8500000000
oed,2003,38.0483870968
oed,2004,31.9687500000
oed,2005,25.1093750000
oed,2006,22.4696969697
oed,2007,19.8030303030
oed,2008,16.9848484848
oed,2009,16.1060606061
oed,2010,15.3333333333
oed,2011,13.3636363636
oed,2012,13.1363636364
oed,2013,12.1305555556
oed,2014,10.9888888889
oed,2015,10.1305555556
oed,2016,9.7250000000
oed,2017,9.7250000000
oed,2018,9.6555555556
oed,2019,9.0916666667
oss,2003,82.0000000000
oss,2004,85.4500000000
oss,2005,79.7894736842
oss,2006,76.4523809524
oss,2007,66.9826086957
oss,2008,59.3166666667
oss,2009,55.4791666667
oss,2010,52.6666666667
oss,2011,36.0800000000
oss,2012,35.6923076923
oss,2013,33.6153846154
oss,2014,29.5961538462
oss,2015,24.9076923077
oss,2016,24.6538461538
oss,2017,18.5384615385
oss,2018,18.1346153846
oss,2019,15.5769230769
pss,2003,35.4444444444
pss,2004,32.7777777778
pss,2005,33.4444444444
pss,2006,33.8888888889
pss,2007,33.8888888889
pss,2008,33.1111111111
pss,2009,30.2222222222
pss,2010,30.2222222222
pss,2011,26.1111111111
pss,2012,23.8888888889
pss,2013,24.3333333333
pss,2014,24.3333333333
pss,2015,24.3333333333
pss,2016,20.4444444444
pss,2017,20.4444444444
pss,2018,20.4444444444
pss,2019,20.3666666667
pst,2003,35.5833333333
pst,2004,32.5166666667
pst,2005,28.4838709677
pst,2006,25.5000000000
pst,2007,22.6875000000
pst,2008,20.2031250000
pst,2009,17.7343750000
pst,2010,17.2968750000
pst,2011,15.9264705882
pst,2012,15.7500000000
pst,2013,14.8694444444
pst,2014,13.7555555556
pst,2015,12.4666666667
pst,2016,11.8666666667
pst,2017,11.5888888889
pst,2018,11.6166666667
pst,2019,11.1916666667
pre,2003,57.3958333333
pre,2004,55.3448275862
pre,2005,62.4696969697
pre,2006,60.0441176471
pre,2007,54.5441176471
pre,2008,52.5294117647
pre,2009,50.5000000000
pre,2010,46.9705882353
pre,2011,38.4705882353
pre,2012,36.1571428571
pre,2013,31.1055555556
pre,2014,26.0500000000
pre,2015,26.1702702703
pre,2016,25.3486486486
pre,2017,21.3486486486
pre,2018,21.2405405405
pre,2019,20.6540540541
sst,2003,52.6250000000
sst,2004,58.2142857143
sst,2005,72.0000000000
sst,2006,69.3048780488
sst,2007,63.6386363636
sst,2008,59.4911111111
sst,2009,56.4666666667
sst,2010,54.5666666667
sst,2011,43.9468085106
sst,2012,43.1354166667
sst,2013,31.8645833333
sst,2014,26.8958333333
sst,2015,24.2104166667
sst,2016,22.8854166667
sst,2017,19.5312500000
sst,2018,19.3125000000
sst,2019,17.5833333333
sas,2003,39.5000000000
sas,2004,31.5000000000
sas,2005,31.5000000000
sas,2006,31.5000000000
sas,2007,28.1000000000
sas,2008,28.1000000000
sas,2009,28.5000000000
sas,2010,27.3000000000
sas,2011,24.1000000000
sas,2012,19.3000000000
sas,2013,18.8750000000
sas,2014,17.2500000000
sas,2015,16.5000000000
sas,2016,16.1875000000
sas,2017,16.1000000000
sas,2018,14.0625000000
sas,2019,14.5625000000
tsa,2003,39.5000000000
tsa,2004,31.5000000000
tsa,2005,31.5000000000
tsa,2006,31.5000000000
tsa,2007,28.1000000000
tsa,2008,28.1000000000
tsa,2009,28.5000000000
tsa,2010,27.3000000000
tsa,2011,24.1000000000
tsa,2012,19.3000000000
tsa,2013,18.8750000000
tsa,2014,17.2500000000
tsa,2015,16.5000000000
tsa,2016,16.1875000000
tsa,2017,16.1000000000
tsa,2018,14.0625000000
tsa,2019,14.5625000000
ssf,2003,62.5156250000
ssf,2004,60.0416666667
ssf,2005,63.4772727273
ssf,2006,59.9555555556
ssf,2007,55.0888888889
ssf,2008,51.1222222222
ssf,2009,48.5222222222
ssf,2010,46.5666666667
ssf,2011,37.5000000000
ssf,2012,35.5652173913
ssf,2013,31.3468085106
ssf,2014,29.0914893617
ssf,2015,28.8916666667
ssf,2016,28.1958333333
ssf,2017,24.0708333333
ssf,2018,23.2062500000
ssf,2019,21.5250000000
ssa,2003,62.5156250000
ssa,2004,60.0416666667
ssa,2005,64.1860465116
ssa,2006,60.5681818182
ssa,2007,55.5909090909
ssa,2008,51.5340909091
ssa,2009,48.8750000000
ssa,2010,46.8750000000
ssa,2011,37.6022727273
ssa,2012,35.6222222222
ssa,2013,31.3326086957
ssa,2014,29.0282608696
ssa,2015,28.8255319149
ssa,2016,28.1148936170
ssa,2017,23.9021276596
ssa,2018,23.0191489362
ssa,2019,21.3021276596
tss,2003,62.5156250000
tss,2004,60.0416666667
tss,2005,63.4772727273
tss,2006,59.9555555556
tss,2007,55.0888888889
tss,2008,51.1222222222
tss,2009,48.5222222222
tss,2010,46.5666666667
tss,2011,37.5000000000
tss,2012,35.5652173913
tss,2013,31.3468085106
tss,2014,29.0914893617
tss,2015,28.8916666667
tss,2016,28.1958333333
tss,2017,24.0708333333
tss,2018,23.2062500000
tss,2019,21.5250000000
umc,2003,57.3378378378
umc,2004,52.7750000000
umc,2005,63.8541666667
umc,2006,59.0612244898
umc,2007,55.1428571429
umc,2008,50.5306122449
umc,2009,46.3500000000
umc,2010,45.9300000000
umc,2011,44.2300000000
umc,2012,43.3823529412
umc,2013,32.4181818182
umc,2014,29.9054545455
umc,2015,30.2818181818
umc,2016,30.4163636364
umc,2017,27.0800000000
umc,2018,24.9109090909
umc,2019,24.1563636364
wld,2003,51.5097014925
wld,2004,48.4604166667
wld,2005,50.7202453988
wld,2006,47.8431137725
wld,2007,43.3111764706
wld,2008,39.9467836257
wld,2009,37.7284883721
wld,2010,35.9377906977
wld,2011,31.8747126437
wld,2012,31.3578651685
wld,2013,26.7687830688
wld,2014,24.2883597884
wld,2015,23.3936842105
wld,2016,22.9952631579
wld,2017,21.4847368421
wld,2018,20.5000000000
wld,2019,19.5958115183
afg,2004,9.5000000000
afg,2005,9.5000000000
afg,2006,9.5000000000
afg,2007,10.5000000000
afg,2008,10.5000000000
afg,2009,9.5000000000
afg,2010,9.5000000000
afg,2011,9.5000000000
afg,2012,9.5000000000
afg,2013,6.5000000000
afg,2014,8.5000000000
afg,2015,8.5000000000
afg,2016,8.5000000000
afg,2017,8.5000000000
afg,2018,8.5000000000
afg,2019,8.5000000000
alb,2003,41.0000000000
alb,2004,40.0000000000
alb,2005,41.0000000000
alb,2006,39.0000000000
alb,2007,37.0000000000
alb,2008,10.0000000000
alb,2009,6.0000000000
alb,2010,6.0000000000
alb,2011,6.0000000000
alb,2012,5.0000000000
alb,2013,5.0000000000
alb,2014,5.0000000000
alb,2015,5.0000000000
alb,2016,5.0000000000
alb,2017,5.0000000000
alb,2018,4.5000000000
alb,2019,4.5000000000
dza,2003,25.0000000000
dza,2004,24.0000000000
dza,2005,22.0000000000
dza,2006,22.0000000000
dza,2007,22.0000000000
dza,2008,22.0000000000
dza,2009,22.0000000000
dza,2010,22.0000000000
dza,2011,22.0000000000
dza,2012,22.0000000000
dza,2013,22.0000000000
dza,2014,20.0000000000
dza,2015,18.0000000000
dza,2016,18.0000000000
dza,2017,18.0000000000
dza,2018,18.0000000000
dza,2019,18.0000000000
ago,2003,83.0000000000
ago,2004,83.0000000000
ago,2005,83.0000000000
ago,2006,83.0000000000
ago,2007,83.0000000000
ago,2008,68.0000000000
ago,2009,68.0000000000
ago,2010,66.0000000000
ago,2011,66.0000000000
ago,2012,66.0000000000
ago,2013,66.0000000000
ago,2014,66.0000000000
ago,2015,36.0000000000
ago,2016,36.0000000000
ago,2017,36.0000000000
ago,2018,36.0000000000
ago,2019,36.0000000000
atg,2005,26.0000000000
atg,2006,22.0000000000
atg,2007,22.0000000000
atg,2008,22.0000000000
atg,2009,22.0000000000
atg,2010,22.0000000000
atg,2011,22.0000000000
atg,2012,22.0000000000
atg,2013,22.0000000000
atg,2014,22.0000000000
atg,2015,22.0000000000
atg,2016,22.0000000000
atg,2017,22.0000000000
atg,2018,22.0000000000
atg,2019,19.0000000000
arg,2003,65.5000000000
arg,2004,29.5000000000
arg,2005,29.5000000000
arg,2006,29.5000000000
arg,2007,29.5000000000
arg,2008,30.0000000000
arg,2009,25.0000000000
arg,2010,24.5000000000
arg,2011,24.5000000000
arg,2012,24.5000000000
arg,2013,24.5000000000
arg,2014,24.5000000000
arg,2015,24.5000000000
arg,2016,24.5000000000
arg,2017,24.5000000000
arg,2018,11.0000000000
arg,2019,11.5000000000
arm,2003,18.0000000000
arm,2004,18.0000000000
arm,2005,18.0000000000
arm,2006,17.0000000000
arm,2007,17.0000000000
arm,2008,17.0000000000
arm,2009,14.0000000000
arm,2010,14.0000000000
arm,2011,8.0000000000
arm,2012,8.0000000000
arm,2013,5.0000000000
arm,2014,5.0000000000
arm,2015,5.0000000000
arm,2016,5.0000000000
arm,2017,5.0000000000
arm,2018,4.0000000000
arm,2019,4.0000000000
aus,2003,3.0000000000
aus,2004,3.0000000000
aus,2005,3.0000000000
aus,2006,3.0000000000
aus,2007,3.0000000000
aus,2008,2.5000000000
aus,2009,2.5000000000
aus,2010,2.5000000000
aus,2011,2.5000000000
aus,2012,2.5000000000
aus,2013,2.5000000000
aus,2014,2.5000000000
aus,2015,2.5000000000
aus,2016,2.5000000000
aus,2017,2.5000000000
aus,2018,2.5000000000
aus,2019,2.0000000000
aut,2003,25.0000000000
aut,2004,25.0000000000
aut,2005,25.0000000000
aut,2006,25.0000000000
aut,2007,25.0000000000
aut,2008,25.0000000000
aut,2009,25.0000000000
aut,2010,25.0000000000
aut,2011,25.0000000000
aut,2012,25.0000000000
aut,2013,25.0000000000
aut,2014,22.0000000000
aut,2015,22.0000000000
aut,2016,21.0000000000
aut,2017,21.0000000000
aut,2018,21.0000000000
aut,2019,21.0000000000
aze,2003,105.0000000000
aze,2004,121.0000000000
aze,2005,113.0000000000
aze,2006,51.0000000000
aze,2007,36.0000000000
aze,2008,10.0000000000
aze,2009,10.0000000000
aze,2010,8.0000000000
aze,2011,8.0000000000
aze,2012,8.0000000000
aze,2013,7.0000000000
aze,2014,5.5000000000
aze,2015,3.5000000000
aze,2016,3.5000000000
aze,2017,3.5000000000
aze,2018,3.5000000000
aze,2019,3.5000000000
bhs,2007,30.5000000000
bhs,2008,30.5000000000
bhs,2009,30.5000000000
bhs,2010,23.5000000000
bhs,2011,23.5000000000
bhs,2012,23.5000000000
bhs,2013,23.5000000000
bhs,2014,23.5000000000
bhs,2015,28.5000000000
bhs,2016,21.5000000000
bhs,2017,21.5000000000
bhs,2018,21.5000000000
bhs,2019,11.5000000000
bhr,2007,9.4000000000
bhr,2008,9.4000000000
bhr,2009,9.3000000000
bhr,2010,9.3000000000
bhr,2011,9.3000000000
bhr,2012,9.3000000000
bhr,2013,9.3000000000
bhr,2014,9.3000000000
bhr,2015,9.4000000000
bhr,2016,8.3000000000
bhr,2017,8.3000000000
bhr,2018,8.3000000000
bhr,2019,8.3000000000
bgd,2013,21.8000000000
bgd,2014,19.5000000000
bgd,2015,19.5000000000
bgd,2016,19.5000000000
bgd,2017,19.5000000000
bgd,2018,19.5000000000
bgd,2019,19.5000000000
brb,2011,18.0000000000
brb,2012,18.0000000000
brb,2013,18.0000000000
brb,2014,19.0000000000
brb,2015,19.0000000000
brb,2016,16.0000000000
brb,2017,16.0000000000
brb,2018,16.0000000000
brb,2019,16.0000000000
blr,2003,80.0000000000
blr,2004,80.0000000000
blr,2005,80.0000000000
blr,2006,70.0000000000
blr,2007,49.0000000000
blr,2008,32.0000000000
blr,2009,13.0000000000
blr,2010,13.0000000000
blr,2011,13.0000000000
blr,2012,13.0000000000
blr,2013,12.0000000000
blr,2014,12.0000000000
blr,2015,9.0000000000
blr,2016,9.0000000000
blr,2017,9.0000000000
blr,2018,9.0000000000
blr,2019,8.5000000000
bel,2003,56.0000000000
bel,2004,34.0000000000
bel,2005,34.0000000000
bel,2006,27.0000000000
bel,2007,4.5000000000
bel,2008,4.5000000000
bel,2009,4.5000000000
bel,2010,4.5000000000
bel,2011,4.5000000000
bel,2012,4.5000000000
bel,2013,4.5000000000
bel,2014,4.5000000000
bel,2015,4.5000000000
bel,2016,4.5000000000
bel,2017,4.5000000000
bel,2018,4.5000000000
bel,2019,5.0000000000
blz,2005,57.0000000000
blz,2006,44.0000000000
blz,2007,43.0000000000
blz,2008,43.0000000000
blz,2009,43.0000000000
blz,2010,43.0000000000
blz,2011,43.0000000000
blz,2012,43.0000000000
blz,2013,43.0000000000
blz,2014,43.0000000000
blz,2015,43.0000000000
blz,2016,43.0000000000
blz,2017,48.0000000000
blz,2018,48.0000000000
blz,2019,48.2000000000
ben,2003,35.5000000000
ben,2004,34.5000000000
ben,2005,34.5000000000
ben,2006,34.5000000000
ben,2007,34.5000000000
ben,2008,34.5000000000
ben,2009,34.5000000000
ben,2010,34.5000000000
ben,2011,32.5000000000
ben,2012,29.5000000000
ben,2013,18.5000000000
ben,2014,12.5000000000
ben,2015,12.5000000000
ben,2016,8.5000000000
ben,2017,8.5000000000
ben,2018,8.5000000000
ben,2019,8.5000000000
btn,2003,62.0000000000
btn,2004,62.0000000000
btn,2005,62.0000000000
btn,2006,62.0000000000
btn,2007,48.0000000000
btn,2008,46.0000000000
btn,2009,46.0000000000
btn,2010,46.0000000000
btn,2011,35.0000000000
btn,2012,35.0000000000
btn,2013,30.0000000000
btn,2014,15.0000000000
btn,2015,15.0000000000
btn,2016,15.0000000000
btn,2017,12.0000000000
btn,2018,12.0000000000
btn,2019,12.0000000000
bol,2003,59.0000000000
bol,2004,59.0000000000
bol,2005,49.0000000000
bol,2006,49.0000000000
bol,2007,49.0000000000
bol,2008,49.0000000000
bol,2009,49.0000000000
bol,2010,49.0000000000
bol,2011,49.0000000000
bol,2012,49.0000000000
bol,2013,49.0000000000
bol,2014,49.0000000000
bol,2015,49.0000000000
bol,2016,45.0000000000
bol,2017,41.0000000000
bol,2018,39.5000000000
bol,2019,39.5000000000
bih,2003,68.0000000000
bih,2004,63.0000000000
bih,2005,93.0000000000
bih,2006,93.0000000000
bih,2007,93.0000000000
bih,2008,99.0000000000
bih,2009,99.0000000000
bih,2010,109.0000000000
bih,2011,85.0000000000
bih,2012,82.0000000000
bih,2013,82.0000000000
bih,2014,82.0000000000
bih,2015,82.0000000000
bih,2016,80.0000000000
bih,2017,80.0000000000
bih,2018,80.0000000000
bih,2019,80.0000000000
bwa,2003,125.0000000000
bwa,2004,125.0000000000
bwa,2005,125.0000000000
bwa,2006,105.0000000000
bwa,2007,105.0000000000
bwa,2008,74.0000000000
bwa,2009,59.0000000000
bwa,2010,59.0000000000
bwa,2011,40.0000000000
bwa,2012,40.0000000000
bwa,2013,41.0000000000
bwa,2014,48.0000000000
bwa,2015,48.0000000000
bwa,2016,48.0000000000
bwa,2017,48.0000000000
bwa,2018,48.0000000000
bwa,2019,48.0000000000
bra,2013,86.6000000000
bra,2014,83.6000000000
bra,2015,86.0000000000
bra,2016,82.5000000000
bra,2017,82.5000000000
bra,2018,20.1000000000
bra,2019,16.6000000000
brn,2006,121.5000000000
brn,2007,121.5000000000
brn,2008,121.5000000000
brn,2009,121.5000000000
brn,2010,108.5000000000
brn,2011,104.5000000000
brn,2012,104.5000000000
brn,2013,104.5000000000
brn,2014,104.5000000000
brn,2015,14.5000000000
brn,2016,14.5000000000
brn,2017,12.5000000000
brn,2018,5.5000000000
brn,2019,5.5000000000
bgr,2003,39.0000000000
bgr,2004,39.0000000000
bgr,2005,39.0000000000
bgr,2006,39.0000000000
bgr,2007,39.0000000000
bgr,2008,56.0000000000
bgr,2009,25.0000000000
bgr,2010,25.0000000000
bgr,2011,25.0000000000
bgr,2012,25.0000000000
bgr,2013,25.0000000000
bgr,2014,25.0000000000
bgr,2015,25.0000000000
bgr,2016,23.0000000000
bgr,2017,23.0000000000
bgr,2018,23.0000000000
bgr,2019,23.0000000000
bfa,2003,40.0000000000
bfa,2004,40.0000000000
bfa,2005,40.0000000000
bfa,2006,34.0000000000
bfa,2007,18.0000000000
bfa,2008,16.0000000000
bfa,2009,14.0000000000
bfa,2010,14.0000000000
bfa,2011,13.0000000000
bfa,2012,13.0000000000
bfa,2013,13.0000000000
bfa,2014,13.0000000000
bfa,2015,13.0000000000
bfa,2016,13.0000000000
bfa,2017,13.0000000000
bfa,2018,13.0000000000
bfa,2019,13.0000000000
bdi,2003,13.0000000000
bdi,2004,13.0000000000
bdi,2005,13.0000000000
bdi,2006,13.0000000000
bdi,2007,13.0000000000
bdi,2008,13.0000000000
bdi,2009,13.0000000000
bdi,2010,13.0000000000
bdi,2011,13.0000000000
bdi,2012,7.0000000000
bdi,2013,5.0000000000
bdi,2014,5.0000000000
bdi,2015,4.0000000000
bdi,2016,4.0000000000
bdi,2017,4.0000000000
bdi,2018,5.0000000000
bdi,2019,5.0000000000
cpv,2005,60.0000000000
cpv,2006,52.0000000000
cpv,2007,52.0000000000
cpv,2008,52.0000000000
cpv,2009,24.0000000000
cpv,2010,18.0000000000
cpv,2011,18.0000000000
cpv,2012,18.0000000000
cpv,2013,18.0000000000
cpv,2014,18.0000000000
cpv,2015,18.0000000000
cpv,2016,18.0000000000
cpv,2017,18.0000000000
cpv,2018,18.0000000000
cpv,2019,9.0000000000
khm,2003,95.0000000000
khm,2004,95.0000000000
khm,2005,87.0000000000
khm,2006,86.0000000000
khm,2007,86.0000000000
khm,2008,102.0000000000
khm,2009,102.0000000000
khm,2010,102.0000000000
khm,2011,102.0000000000
khm,2012,102.0000000000
khm,2013,101.0000000000
khm,2014,101.0000000000
khm,2015,87.0000000000
khm,2016,99.0000000000
khm,2017,99.0000000000
khm,2018,99.0000000000
khm,2019,99.0000000000
cmr,2003,45.0000000000
cmr,2004,45.0000000000
cmr,2005,45.0000000000
cmr,2006,45.0000000000
cmr,2007,38.0000000000
cmr,2008,38.5000000000
cmr,2009,35.5000000000
cmr,2010,20.5000000000
cmr,2011,16.5000000000
cmr,2012,16.5000000000
cmr,2013,16.5000000000
cmr,2014,16.5000000000
cmr,2015,16.5000000000
cmr,2016,16.5000000000
cmr,2017,16.5000000000
cmr,2018,13.5000000000
cmr,2019,13.5000000000
can,2003,3.5000000000
can,2004,3.5000000000
can,2005,3.5000000000
can,2006,3.5000000000
can,2007,3.5000000000
can,2008,5.5000000000
can,2009,5.5000000000
can,2010,5.5000000000
can,2011,5.5000000000
can,2012,5.5000000000
can,2013,5.5000000000
can,2014,5.5000000000
can,2015,1.5000000000
can,2016,1.5000000000
can,2017,1.5000000000
can,2018,1.5000000000
can,2019,1.5000000000
caf,2003,22.0000000000
caf,2004,22.0000000000
caf,2005,22.0000000000
caf,2006,22.0000000000
caf,2007,22.0000000000
caf,2008,23.0000000000
caf,2009,24.0000000000
caf,2010,24.0000000000
caf,2011,22.0000000000
caf,2012,22.0000000000
caf,2013,22.0000000000
caf,2014,22.0000000000
caf,2015,22.0000000000
caf,2016,22.0000000000
caf,2017,22.0000000000
caf,2018,22.0000000000
caf,2019,22.0000000000
tcd,2003,62.0000000000
tcd,2004,62.0000000000
tcd,2005,62.0000000000
tcd,2006,62.0000000000
tcd,2007,62.0000000000
tcd,2008,62.0000000000
tcd,2009,62.0000000000
tcd,2010,62.0000000000
tcd,2011,53.0000000000
tcd,2012,60.0000000000
tcd,2013,60.0000000000
tcd,2014,60.0000000000
tcd,2015,60.0000000000
tcd,2016,60.0000000000
tcd,2017,60.0000000000
tcd,2018,58.0000000000
tcd,2019,58.0000000000
chl,2003,42.0000000000
chl,2004,42.0000000000
chl,2005,42.0000000000
chl,2006,40.0000000000
chl,2007,40.0000000000
chl,2008,40.0000000000
chl,2009,40.0000000000
chl,2010,36.5000000000
chl,2011,9.5000000000
chl,2012,7.5000000000
chl,2013,7.5000000000
chl,2014,7.5000000000
chl,2015,7.5000000000
chl,2016,7.5000000000
chl,2017,7.5000000000
chl,2018,6.0000000000
chl,2019,4.0000000000
chn,2013,32.3000000000
chn,2014,29.3000000000
chn,2015,29.3000000000
chn,2016,26.9000000000
chn,2017,22.9000000000
chn,2018,8.5000000000
chn,2019,8.6000000000
col,2003,44.0000000000
col,2004,41.0000000000
col,2005,41.0000000000
col,2006,42.0000000000
col,2007,41.0000000000
col,2008,35.0000000000
col,2009,19.0000000000
col,2010,11.0000000000
col,2011,11.0000000000
col,2012,12.0000000000
col,2013,12.0000000000
col,2014,12.0000000000
col,2015,12.0000000000
col,2016,11.0000000000
col,2017,11.0000000000
col,2018,11.0000000000
col,2019,10.0000000000
com,2005,30.0000000000
com,2006,30.0000000000
com,2007,30.0000000000
com,2008,22.0000000000
com,2009,22.0000000000
com,2010,22.0000000000
com,2011,22.0000000000
com,2012,20.0000000000
com,2013,16.0000000000
com,2014,16.0000000000
com,2015,16.0000000000
com,2016,16.0000000000
com,2017,16.0000000000
com,2018,16.0000000000
com,2019,16.0000000000
cod,2003,166.5000000000
cod,2004,133.5000000000
cod,2005,133.5000000000
cod,2006,133.5000000000
cod,2007,132.5000000000
cod,2008,132.5000000000
cod,2009,126.5000000000
cod,2010,84.5000000000
cod,2011,65.5000000000
cod,2012,58.5000000000
cod,2013,31.5000000000
cod,2014,16.5000000000
cod,2015,11.5000000000
cod,2016,11.5000000000
cod,2017,7.0000000000
cod,2018,7.0000000000
cod,2019,7.0000000000
cog,2003,37.5000000000
cog,2004,37.5000000000
cog,2005,37.5000000000
cog,2006,38.5000000000
cog,2007,38.5000000000
cog,2008,158.5000000000
cog,2009,158.5000000000
cog,2010,158.5000000000
cog,2011,158.5000000000
cog,2012,158.5000000000
cog,2013,98.5000000000
cog,2014,50.5000000000
cog,2015,50.5000000000
cog,2016,50.5000000000
cog,2017,49.5000000000
cog,2018,49.5000000000
cog,2019,49.5000000000
cri,2003,90.0000000000
cri,2004,90.0000000000
cri,2005,90.0000000000
cri,2006,87.0000000000
cri,2007,90.0000000000
cri,2008,74.0000000000
cri,2009,73.5000000000
cri,2010,73.5000000000
cri,2011,73.5000000000
cri,2012,57.5000000000
cri,2013,23.0000000000
cri,2014,23.0000000000
cri,2015,23.0000000000
cri,2016,22.5000000000
cri,2017,22.5000000000
cri,2018,23.0000000000
cri,2019,23.0000000000
civ,2003,62.0000000000
civ,2004,58.0000000000
civ,2005,45.0000000000
civ,2006,45.0000000000
civ,2007,42.0000000000
civ,2008,40.0000000000
civ,2009,40.0000000000
civ,2010,40.0000000000
civ,2011,32.0000000000
civ,2012,32.0000000000
civ,2013,8.0000000000
civ,2014,7.0000000000
civ,2015,7.0000000000
civ,2016,7.0000000000
civ,2017,8.0000000000
civ,2018,6.0000000000
civ,2019,6.0000000000
hrv,2003,29.0000000000
hrv,2004,29.0000000000
hrv,2005,29.0000000000
hrv,2006,25.0000000000
hrv,2007,22.5000000000
hrv,2008,22.5000000000
hrv,2009,22.5000000000
hrv,2010,20.5000000000
hrv,2011,20.0000000000
hrv,2012,22.5000000000
hrv,2013,22.5000000000
hrv,2014,22.5000000000
hrv,2015,22.5000000000
hrv,2016,22.5000000000
hrv,2017,22.5000000000
hrv,2018,22.5000000000
hrv,2019,19.5000000000
cyp,2008,8.0000000000
cyp,2009,8.0000000000
cyp,2010,8.0000000000
cyp,2011,8.0000000000
cyp,2012,8.0000000000
cyp,2013,8.0000000000
cyp,2014,8.0000000000
cyp,2015,8.0000000000
cyp,2016,6.0000000000
cyp,2017,6.0000000000
cyp,2018,6.0000000000
cyp,2019,6.0000000000
cze,2003,57.0000000000
cze,2004,57.0000000000
cze,2005,57.0000000000
cze,2006,39.0000000000
cze,2007,32.0000000000
cze,2008,35.0000000000
cze,2009,32.0000000000
cze,2010,32.0000000000
cze,2011,30.5000000000
cze,2012,30.5000000000
cze,2013,30.5000000000
cze,2014,30.5000000000
cze,2015,30.5000000000
cze,2016,24.5000000000
cze,2017,24.5000000000
cze,2018,24.5000000000
cze,2019,24.5000000000
dnk,2003,7.5000000000
dnk,2004,7.5000000000
dnk,2005,6.5000000000
dnk,2006,6.5000000000
dnk,2007,6.5000000000
dnk,2008,6.5000000000
dnk,2009,6.5000000000
dnk,2010,6.0000000000
dnk,2011,6.0000000000
dnk,2012,6.0000000000
dnk,2013,6.0000000000
dnk,2014,6.0000000000
dnk,2015,3.5000000000
dnk,2016,3.5000000000
dnk,2017,3.5000000000
dnk,2018,3.5000000000
dnk,2019,3.5000000000
dji,2005,44.0000000000
dji,2006,44.0000000000
dji,2007,44.0000000000
dji,2008,37.0000000000
dji,2009,37.0000000000
dji,2010,37.0000000000
dji,2011,37.0000000000
dji,2012,37.0000000000
dji,2013,17.0000000000
dji,2014,14.0000000000
dji,2015,14.0000000000
dji,2016,14.0000000000
dji,2017,14.0000000000
dji,2018,14.0000000000
dji,2019,14.0000000000
dma,2005,14.0000000000
dma,2006,14.0000000000
dma,2007,14.0000000000
dma,2008,13.0000000000
dma,2009,13.0000000000
dma,2010,13.0000000000
dma,2011,12.0000000000
dma,2012,12.0000000000
dma,2013,12.0000000000
dma,2014,12.0000000000
dma,2015,12.0000000000
dma,2016,12.0000000000
dma,2017,12.0000000000
dma,2018,12.0000000000
dma,2019,12.0000000000
dom,2003,79.0000000000
dom,2004,79.0000000000
dom,2005,76.0000000000
dom,2006,76.0000000000
dom,2007,25.0000000000
dom,2008,15.0000000000
dom,2009,16.0000000000
dom,2010,15.0000000000
dom,2011,14.5000000000
dom,2012,14.5000000000
dom,2013,14.5000000000
dom,2014,14.5000000000
dom,2015,14.5000000000
dom,2016,18.5000000000
dom,2017,16.5000000000
dom,2018,16.5000000000
dom,2019,16.5000000000
ecu,2003,92.0000000000
ecu,2004,92.0000000000
ecu,2005,69.0000000000
ecu,2006,65.0000000000
ecu,2007,65.0000000000
ecu,2008,65.0000000000
ecu,2009,64.0000000000
ecu,2010,56.0000000000
ecu,2011,55.5000000000
ecu,2012,55.5000000000
ecu,2013,55.5000000000
ecu,2014,55.5000000000
ecu,2015,50.5000000000
ecu,2016,48.5000000000
ecu,2017,48.5000000000
ecu,2018,48.5000000000
ecu,2019,48.5000000000
egy,2003,42.5000000000
egy,2004,42.5000000000
egy,2005,26.5000000000
egy,2006,23.5000000000
egy,2007,17.5000000000
egy,2008,12.5000000000
egy,2009,12.5000000000
egy,2010,12.5000000000
egy,2011,12.5000000000
egy,2012,12.5000000000
egy,2013,12.5000000000
egy,2014,12.5000000000
egy,2015,16.5000000000
egy,2016,16.5000000000
egy,2017,16.5000000000
egy,2018,11.5000000000
egy,2019,12.5000000000
slv,2003,115.0000000000
slv,2004,115.0000000000
slv,2005,40.0000000000
slv,2006,36.0000000000
slv,2007,19.5000000000
slv,2008,16.5000000000
slv,2009,16.5000000000
slv,2010,16.5000000000
slv,2011,16.5000000000
slv,2012,16.5000000000
slv,2013,16.5000000000
slv,2014,16.5000000000
slv,2015,16.5000000000
slv,2016,16.5000000000
slv,2017,16.5000000000
slv,2018,16.5000000000
slv,2019,16.5000000000
gnq,2005,155.0000000000
gnq,2006,155.0000000000
gnq,2007,155.0000000000
gnq,2008,155.0000000000
gnq,2009,155.0000000000
gnq,2010,155.0000000000
gnq,2011,150.0000000000
gnq,2012,150.0000000000
gnq,2013,150.0000000000
gnq,2014,150.0000000000
gnq,2015,150.0000000000
gnq,2016,149.0000000000
gnq,2017,33.0000000000
gnq,2018,33.0000000000
gnq,2019,33.0000000000
eri,2004,76.0000000000
eri,2005,76.0000000000
eri,2006,76.0000000000
eri,2007,83.0000000000
eri,2008,84.0000000000
eri,2009,84.0000000000
eri,2010,84.0000000000
eri,2011,84.0000000000
eri,2012,84.0000000000
eri,2013,84.0000000000
eri,2014,84.0000000000
eri,2015,84.0000000000
eri,2016,84.0000000000
eri,2017,84.0000000000
eri,2018,84.0000000000
eri,2019,84.0000000000
est,2003,72.0000000000
est,2004,72.0000000000
est,2005,35.0000000000
est,2006,35.0000000000
est,2007,6.5000000000
est,2008,6.5000000000
est,2009,6.5000000000
est,2010,6.5000000000
est,2011,6.5000000000
est,2012,6.5000000000
est,2013,6.5000000000
est,2014,4.5000000000
est,2015,3.5000000000
est,2016,3.5000000000
est,2017,3.5000000000
est,2018,3.5000000000
est,2019,3.5000000000
swz,2005,60.0000000000
swz,2006,60.0000000000
swz,2007,60.0000000000
swz,2008,60.0000000000
swz,2009,60.0000000000
swz,2010,56.0000000000
swz,2011,56.0000000000
swz,2012,56.0000000000
swz,2013,38.0000000000
swz,2014,30.0000000000
swz,2015,30.0000000000
swz,2016,30.0000000000
swz,2017,30.0000000000
swz,2018,30.0000000000
swz,2019,21.5000000000
eth,2003,47.0000000000
eth,2004,35.0000000000
eth,2005,35.0000000000
eth,2006,19.0000000000
eth,2007,19.0000000000
eth,2008,19.0000000000
eth,2009,20.0000000000
eth,2010,20.0000000000
eth,2011,40.0000000000
eth,2012,40.0000000000
eth,2013,39.0000000000
eth,2014,39.0000000000
eth,2015,35.0000000000
eth,2016,35.0000000000
eth,2017,33.0000000000
eth,2018,32.0000000000
eth,2019,32.0000000000
fji,2003,31.0000000000
fji,2004,31.0000000000
fji,2005,44.0000000000
fji,2006,44.0000000000
fji,2007,44.0000000000
fji,2008,44.0000000000
fji,2009,44.0000000000
fji,2010,44.0000000000
fji,2011,44.0000000000
fji,2012,58.0000000000
fji,2013,58.0000000000
fji,2014,58.0000000000
fji,2015,58.0000000000
fji,2016,40.0000000000
fji,2017,40.0000000000
fji,2018,40.0000000000
fji,2019,40.0000000000
fin,2003,31.0000000000
fin,2004,17.0000000000
fin,2005,17.0000000000
fin,2006,17.0000000000
fin,2007,17.0000000000
fin,2008,17.0000000000
fin,2009,17.0000000000
fin,2010,17.0000000000
fin,2011,17.0000000000
fin,2012,17.0000000000
fin,2013,17.0000000000
fin,2014,17.0000000000
fin,2015,17.0000000000
fin,2016,17.0000000000
fin,2017,17.0000000000
fin,2018,17.0000000000
fin,2019,13.0000000000
fra,2003,41.0000000000
fra,2004,7.0000000000
fra,2005,7.0000000000
fra,2006,7.0000000000
fra,2007,7.0000000000
fra,2008,6.5000000000
fra,2009,6.5000000000
fra,2010,6.5000000000
fra,2011,6.5000000000
fra,2012,6.5000000000
fra,2013,6.5000000000
fra,2014,4.5000000000
fra,2015,4.0000000000
fra,2016,3.5000000000
fra,2017,3.5000000000
fra,2018,3.5000000000
fra,2019,4.0000000000
gab,2005,54.0000000000
gab,2006,54.0000000000
gab,2007,54.0000000000
gab,2008,54.0000000000
gab,2009,54.0000000000
gab,2010,54.0000000000
gab,2011,54.0000000000
gab,2012,54.0000000000
gab,2013,47.0000000000
gab,2014,47.0000000000
gab,2015,47.0000000000
gab,2016,47.0000000000
gab,2017,33.0000000000
gab,2018,31.0000000000
gab,2019,10.0000000000
gmb,2005,28.0000000000
gmb,2006,27.0000000000
gmb,2007,32.0000000000
gmb,2008,27.0000000000
gmb,2009,27.0000000000
gmb,2010,27.0000000000
gmb,2011,27.0000000000
gmb,2012,27.0000000000
gmb,2013,27.0000000000
gmb,2014,26.0000000000
gmb,2015,25.0000000000
gmb,2016,25.0000000000
gmb,2017,25.0000000000
gmb,2018,25.0000000000
gmb,2019,8.0000000000
geo,2003,25.0000000000
geo,2004,25.0000000000
geo,2005,21.0000000000
geo,2006,16.0000000000
geo,2007,11.0000000000
geo,2008,3.0000000000
geo,2009,3.0000000000
geo,2010,3.0000000000
geo,2011,2.0000000000
geo,2012,2.0000000000
geo,2013,2.0000000000
geo,2014,2.0000000000
geo,2015,2.0000000000
geo,2016,2.0000000000
geo,2017,2.0000000000
geo,2018,2.0000000000
geo,2019,1.0000000000
deu,2003,45.0000000000
deu,2004,45.0000000000
deu,2005,22.0000000000
deu,2006,22.0000000000
deu,2007,18.0000000000
deu,2008,17.5000000000
deu,2009,17.5000000000
deu,2010,14.5000000000
deu,2011,14.5000000000
deu,2012,14.5000000000
deu,2013,14.5000000000
deu,2014,14.5000000000
deu,2015,10.5000000000
deu,2016,8.0000000000
deu,2017,8.0000000000
deu,2018,8.0000000000
deu,2019,8.0000000000
gha,2003,21.0000000000
gha,2004,21.0000000000
gha,2005,17.0000000000
gha,2006,17.0000000000
gha,2007,13.0000000000
gha,2008,11.0000000000
gha,2009,11.0000000000
gha,2010,11.0000000000
gha,2011,11.0000000000
gha,2012,11.0000000000
gha,2013,14.0000000000
gha,2014,14.0000000000
gha,2015,14.0000000000
gha,2016,14.0000000000
gha,2017,14.0000000000
gha,2018,14.0000000000
gha,2019,13.0000000000
grc,2003,38.0000000000
grc,2004,38.0000000000
grc,2005,38.0000000000
grc,2006,38.0000000000
grc,2007,38.0000000000
grc,2008,19.0000000000
grc,2009,19.0000000000
grc,2010,19.0000000000
grc,2011,11.0000000000
grc,2012,11.0000000000
grc,2013,14.0000000000
grc,2014,13.0000000000
grc,2015,13.0000000000
grc,2016,13.0000000000
grc,2017,12.5000000000
grc,2018,12.5000000000
grc,2019,4.0000000000
grd,2005,20.0000000000
grd,2006,20.0000000000
grd,2007,19.0000000000
grd,2008,19.0000000000
grd,2009,19.0000000000
grd,2010,14.0000000000
grd,2011,14.0000000000
grd,2012,14.0000000000
grd,2013,15.0000000000
grd,2014,15.0000000000
grd,2015,15.0000000000
grd,2016,15.0000000000
grd,2017,15.0000000000
grd,2018,15.0000000000
grd,2019,12.0000000000
gtm,2003,41.0000000000
gtm,2004,41.0000000000
gtm,2005,41.0000000000
gtm,2006,37.0000000000
gtm,2007,36.0000000000
gtm,2008,36.0000000000
gtm,2009,36.0000000000
gtm,2010,36.0000000000
gtm,2011,36.0000000000
gtm,2012,36.0000000000
gtm,2013,26.5000000000
gtm,2014,26.5000000000
gtm,2015,26.5000000000
gtm,2016,26.5000000000
gtm,2017,26.5000000000
gtm,2018,15.0000000000
gtm,2019,15.0000000000
gin,2003,48.0000000000
gin,2004,40.0000000000
gin,2005,40.0000000000
gin,2006,40.0000000000
gin,2007,40.0000000000
gin,2008,40.0000000000
gin,2009,40.0000000000
gin,2010,40.0000000000
gin,2011,40.0000000000
gin,2012,43.0000000000
gin,2013,23.0000000000
gin,2014,15.0000000000
gin,2015,15.0000000000
gin,2016,15.0000000000
gin,2017,15.0000000000
gin,2018,15.0000000000
gin,2019,15.0000000000
gnb,2005,259.5000000000
gnb,2006,260.5000000000
gnb,2007,259.5000000000
gnb,2008,259.5000000000
gnb,2009,216.5000000000
gnb,2010,216.5000000000
gnb,2011,8.5000000000
gnb,2012,8.5000000000
gnb,2013,8.5000000000
gnb,2014,8.5000000000
gnb,2015,8.5000000000
gnb,2016,8.5000000000
gnb,2017,8.5000000000
gnb,2018,8.5000000000
gnb,2019,8.5000000000
guy,2004,42.0000000000
guy,2005,42.0000000000
guy,2006,42.0000000000
guy,2007,37.0000000000
guy,2008,38.0000000000
guy,2009,27.0000000000
guy,2010,23.0000000000
guy,2011,19.0000000000
guy,2012,18.0000000000
guy,2013,18.0000000000
guy,2014,18.0000000000
guy,2015,18.0000000000
guy,2016,18.0000000000
guy,2017,18.0000000000
guy,2018,18.0000000000
guy,2019,18.0000000000
hti,2003,260.0000000000
hti,2004,202.0000000000
hti,2005,202.0000000000
hti,2006,202.0000000000
hti,2007,202.0000000000
hti,2008,224.0000000000
hti,2009,224.0000000000
hti,2010,134.0000000000
hti,2011,134.0000000000
hti,2012,134.0000000000
hti,2013,97.0000000000
hti,2014,97.0000000000
hti,2015,97.0000000000
hti,2016,97.0000000000
hti,2017,97.0000000000
hti,2018,97.0000000000
hti,2019,97.0000000000
hnd,2003,61.0000000000
hnd,2004,61.0000000000
hnd,2005,69.0000000000
hnd,2006,57.0000000000
hnd,2007,20.0000000000
hnd,2008,20.0000000000
hnd,2009,14.0000000000
hnd,2010,43.0000000000
hnd,2011,43.0000000000
hnd,2012,43.0000000000
hnd,2013,43.0000000000
hnd,2014,43.0000000000
hnd,2015,41.0000000000
hnd,2016,42.0000000000
hnd,2017,42.0000000000
hnd,2018,42.0000000000
hnd,2019,42.0000000000
hkg,2003,11.0000000000
hkg,2004,11.0000000000
hkg,2005,11.0000000000
hkg,2006,11.0000000000
hkg,2007,11.0000000000
hkg,2008,11.0000000000
hkg,2009,6.0000000000
hkg,2010,6.0000000000
hkg,2011,2.5000000000
hkg,2012,2.5000000000
hkg,2013,2.5000000000
hkg,2014,2.5000000000
hkg,2015,1.5000000000
hkg,2016,1.5000000000
hkg,2017,1.5000000000
hkg,2018,1.5000000000
hkg,2019,1.5000000000
hun,2003,54.0000000000
hun,2004,54.0000000000
hun,2005,39.0000000000
hun,2006,39.0000000000
hun,2007,17.0000000000
hun,2008,6.0000000000
hun,2009,5.0000000000
hun,2010,5.0000000000
hun,2011,5.0000000000
hun,2012,7.0000000000
hun,2013,7.0000000000
hun,2014,7.0000000000
hun,2015,7.0000000000
hun,2016,7.0000000000
hun,2017,7.0000000000
hun,2018,7.0000000000
hun,2019,7.0000000000
isl,2004,5.0000000000
isl,2005,5.0000000000
isl,2006,5.0000000000
isl,2007,5.0000000000
isl,2008,5.0000000000
isl,2009,5.0000000000
isl,2010,5.0000000000
isl,2011,4.5000000000
isl,2012,4.5000000000
isl,2013,4.5000000000
isl,2014,12.0000000000
isl,2015,12.0000000000
isl,2016,11.5000000000
isl,2017,11.5000000000
isl,2018,11.5000000000
isl,2019,11.5000000000
ind,2013,32.7000000000
ind,2014,35.0000000000
ind,2015,30.0000000000
ind,2016,28.5000000000
ind,2017,29.8000000000
ind,2018,16.5000000000
ind,2019,17.5000000000
idn,2013,77.0000000000
idn,2014,53.9000000000
idn,2015,49.3000000000
idn,2016,26.3000000000
idn,2017,24.5000000000
idn,2018,21.0000000000
idn,2019,12.6000000000
irn,2003,81.5000000000
irn,2004,81.5000000000
irn,2005,80.5000000000
irn,2006,80.5000000000
irn,2007,80.5000000000
irn,2008,80.5000000000
irn,2009,62.5000000000
irn,2010,64.5000000000
irn,2011,64.5000000000
irn,2012,73.5000000000
irn,2013,73.5000000000
irn,2014,72.5000000000
irn,2015,72.5000000000
irn,2016,72.5000000000
irn,2017,72.5000000000
irn,2018,72.5000000000
irn,2019,72.5000000000
irq,2004,30.5000000000
irq,2005,30.5000000000
irq,2006,29.5000000000
irq,2007,30.5000000000
irq,2008,30.5000000000
irq,2009,30.5000000000
irq,2010,30.5000000000
irq,2011,30.5000000000
irq,2012,27.5000000000
irq,2013,27.5000000000
irq,2014,27.5000000000
irq,2015,34.5000000000
irq,2016,34.5000000000
irq,2017,26.5000000000
irq,2018,26.5000000000
irq,2019,26.5000000000
irl,2003,24.0000000000
irl,2004,24.0000000000
irl,2005,24.0000000000
irl,2006,19.0000000000
irl,2007,19.0000000000
irl,2008,19.0000000000
irl,2009,19.0000000000
irl,2010,19.0000000000
irl,2011,19.0000000000
irl,2012,16.0000000000
irl,2013,16.0000000000
irl,2014,12.0000000000
irl,2015,12.0000000000
irl,2016,11.0000000000
irl,2017,11.0000000000
irl,2018,11.0000000000
irl,2019,11.0000000000
isr,2003,18.0000000000
isr,2004,18.0000000000
isr,2005,18.0000000000
isr,2006,18.0000000000
isr,2007,18.0000000000
isr,2008,18.0000000000
isr,2009,18.0000000000
isr,2010,18.0000000000
isr,2011,18.0000000000
isr,2012,19.0000000000
isr,2013,12.0000000000
isr,2014,12.0000000000
isr,2015,12.0000000000
isr,2016,11.0000000000
isr,2017,11.0000000000
isr,2018,11.0000000000
isr,2019,11.0000000000
ita,2003,23.0000000000
ita,2004,15.0000000000
ita,2005,15.0000000000
ita,2006,15.0000000000
ita,2007,15.0000000000
ita,2008,12.0000000000
ita,2009,12.5000000000
ita,2010,12.5000000000
ita,2011,12.5000000000
ita,2012,12.5000000000
ita,2013,12.5000000000
ita,2014,11.5000000000
ita,2015,11.0000000000
ita,2016,11.0000000000
ita,2017,11.0000000000
ita,2018,11.0000000000
ita,2019,11.0000000000
jam,2003,31.0000000000
jam,2004,31.0000000000
jam,2005,8.0000000000
jam,2006,8.0000000000
jam,2007,8.0000000000
jam,2008,8.0000000000
jam,2009,8.0000000000
jam,2010,8.0000000000
jam,2011,7.0000000000
jam,2012,7.0000000000
jam,2013,6.0000000000
jam,2014,15.0000000000
jam,2015,3.0000000000
jam,2016,10.0000000000
jam,2017,3.0000000000
jam,2018,3.0000000000
jam,2019,3.0000000000
jpn,2013,11.6000000000
jpn,2014,11.1000000000
jpn,2015,11.2000000000
jpn,2016,11.1000000000
jpn,2017,11.1000000000
jpn,2018,11.1000000000
jpn,2019,11.2000000000
jor,2003,79.5000000000
jor,2004,26.5000000000
jor,2005,16.5000000000
jor,2006,16.5000000000
jor,2007,13.5000000000
jor,2008,13.5000000000
jor,2009,12.5000000000
jor,2010,12.5000000000
jor,2011,12.5000000000
jor,2012,12.5000000000
jor,2013,12.5000000000
jor,2014,12.5000000000
jor,2015,12.5000000000
jor,2016,12.5000000000
jor,2017,12.5000000000
jor,2018,12.5000000000
jor,2019,12.5000000000
kaz,2003,32.0000000000
kaz,2004,32.0000000000
kaz,2005,31.0000000000
kaz,2006,27.0000000000
kaz,2007,27.0000000000
kaz,2008,27.0000000000
kaz,2009,26.0000000000
kaz,2010,25.0000000000
kaz,2011,25.0000000000
kaz,2012,25.0000000000
kaz,2013,18.0000000000
kaz,2014,16.0000000000
kaz,2015,11.0000000000
kaz,2016,9.0000000000
kaz,2017,9.0000000000
kaz,2018,5.0000000000
kaz,2019,5.0000000000
ken,2003,60.0000000000
ken,2004,47.0000000000
ken,2005,55.0000000000
ken,2006,55.0000000000
ken,2007,45.0000000000
ken,2008,33.0000000000
ken,2009,33.0000000000
ken,2010,33.0000000000
ken,2011,35.0000000000
ken,2012,34.0000000000
ken,2013,34.0000000000
ken,2014,32.0000000000
ken,2015,28.0000000000
ken,2016,22.0000000000
ken,2017,23.0000000000
ken,2018,23.0000000000
ken,2019,23.0000000000
kir,2003,21.0000000000
kir,2004,31.0000000000
kir,2005,31.0000000000
kir,2006,31.0000000000
kir,2007,31.0000000000
kir,2008,31.0000000000
kir,2009,31.0000000000
kir,2010,31.0000000000
kir,2011,31.0000000000
kir,2012,31.0000000000
kir,2013,31.0000000000
kir,2014,31.0000000000
kir,2015,31.0000000000
kir,2016,31.0000000000
kir,2017,31.0000000000
kir,2018,31.0000000000
kir,2019,30.6000000000
kor,2003,17.0000000000
kor,2004,17.0000000000
kor,2005,17.0000000000
kor,2006,17.0000000000
kor,2007,17.0000000000
kor,2008,17.0000000000
kor,2009,14.0000000000
kor,2010,14.0000000000
kor,2011,9.0000000000
kor,2012,8.0000000000
kor,2013,8.0000000000
kor,2014,8.0000000000
kor,2015,8.0000000000
kor,2016,8.0000000000
kor,2017,8.0000000000
kor,2018,8.0000000000
kor,2019,8.0000000000
xkx,2009,52.0000000000
xkx,2010,58.0000000000
xkx,2011,58.0000000000
xkx,2012,51.0000000000
xkx,2013,29.0000000000
xkx,2014,10.0000000000
xkx,2015,10.0000000000
xkx,2016,6.0000000000
xkx,2017,5.5000000000
xkx,2018,5.5000000000
xkx,2019,4.5000000000
kwt,2003,35.4000000000
kwt,2004,35.4000000000
kwt,2005,35.4000000000
kwt,2006,35.4000000000
kwt,2007,35.4000000000
kwt,2008,35.4000000000
kwt,2009,35.4000000000
kwt,2010,35.4000000000
kwt,2011,32.4000000000
kwt,2012,32.4000000000
kwt,2013,32.4000000000
kwt,2014,31.4000000000
kwt,2015,31.4000000000
kwt,2016,61.4000000000
kwt,2017,38.4000000000
kwt,2018,35.4000000000
kwt,2019,19.4000000000
kgz,2003,21.0000000000
kgz,2004,21.0000000000
kgz,2005,21.0000000000
kgz,2006,21.0000000000
kgz,2007,21.0000000000
kgz,2008,19.0000000000
kgz,2009,15.0000000000
kgz,2010,14.0000000000
kgz,2011,14.0000000000
kgz,2012,14.0000000000
kgz,2013,10.0000000000
kgz,2014,10.0000000000
kgz,2015,10.0000000000
kgz,2016,10.0000000000
kgz,2017,10.0000000000
kgz,2018,10.0000000000
kgz,2019,10.0000000000
lao,2003,135.0000000000
lao,2004,135.0000000000
lao,2005,135.0000000000
lao,2006,116.0000000000
lao,2007,86.0000000000
lao,2008,86.0000000000
lao,2009,86.0000000000
lao,2010,86.0000000000
lao,2011,78.0000000000
lao,2012,88.0000000000
lao,2013,88.0000000000
lao,2014,88.0000000000
lao,2015,187.0000000000
lao,2016,174.0000000000
lao,2017,174.0000000000
lao,2018,174.0000000000
lao,2019,173.0000000000
lva,2003,16.0000000000
lva,2004,16.0000000000
lva,2005,16.0000000000
lva,2006,16.0000000000
lva,2007,16.0000000000
lva,2008,15.5000000000
lva,2009,15.5000000000
lva,2010,15.5000000000
lva,2011,15.5000000000
lva,2012,15.5000000000
lva,2013,12.5000000000
lva,2014,12.5000000000
lva,2015,5.5000000000
lva,2016,5.5000000000
lva,2017,5.5000000000
lva,2018,5.5000000000
lva,2019,5.5000000000
lbn,2003,53.0000000000
lbn,2004,53.0000000000
lbn,2005,53.0000000000
lbn,2006,53.0000000000
lbn,2007,53.0000000000
lbn,2008,18.0000000000
lbn,2009,15.0000000000
lbn,2010,15.0000000000
lbn,2011,15.0000000000
lbn,2012,15.0000000000
lbn,2013,15.0000000000
lbn,2014,15.0000000000
lbn,2015,15.0000000000
lbn,2016,15.0000000000
lbn,2017,15.0000000000
lbn,2018,15.0000000000
lbn,2019,15.0000000000
lso,2003,138.0000000000
lso,2004,138.0000000000
lso,2005,103.0000000000
lso,2006,73.0000000000
lso,2007,73.0000000000
lso,2008,39.0000000000
lso,2009,39.0000000000
lso,2010,39.0000000000
lso,2011,39.0000000000
lso,2012,29.0000000000
lso,2013,29.0000000000
lso,2014,29.0000000000
lso,2015,29.0000000000
lso,2016,29.0000000000
lso,2017,29.0000000000
lso,2018,29.0000000000
lso,2019,15.0000000000
lbr,2006,69.0000000000
lbr,2007,69.0000000000
lbr,2008,33.0000000000
lbr,2009,21.0000000000
lbr,2010,21.0000000000
lbr,2011,7.0000000000
lbr,2012,7.0000000000
lbr,2013,6.0000000000
lbr,2014,6.0000000000
lbr,2015,6.0000000000
lbr,2016,6.0000000000
lbr,2017,6.0000000000
lbr,2018,18.0000000000
lbr,2019,18.0000000000
lby,2012,35.0000000000
lby,2013,35.0000000000
lby,2014,35.0000000000
lby,2015,35.0000000000
lby,2016,35.0000000000
lby,2017,35.0000000000
lby,2018,35.0000000000
lby,2019,35.0000000000
lie,2018,46.0000000000
lie,2019,46.0000000000
ltu,2003,26.0000000000
ltu,2004,26.0000000000
ltu,2005,26.0000000000
ltu,2006,26.0000000000
ltu,2007,26.0000000000
ltu,2008,26.0000000000
ltu,2009,26.0000000000
ltu,2010,22.0000000000
ltu,2011,22.0000000000
ltu,2012,19.5000000000
ltu,2013,8.5000000000
ltu,2014,5.5000000000
ltu,2015,5.5000000000
ltu,2016,5.5000000000
ltu,2017,5.5000000000
ltu,2018,5.5000000000
ltu,2019,5.5000000000
lux,2006,28.0000000000
lux,2007,24.0000000000
lux,2008,24.0000000000
lux,2009,22.0000000000
lux,2010,16.5000000000
lux,2011,16.5000000000
lux,2012,16.5000000000
lux,2013,16.5000000000
lux,2014,16.5000000000
lux,2015,16.5000000000
lux,2016,16.5000000000
lux,2017,16.5000000000
lux,2018,16.5000000000
lux,2019,16.5000000000
mdg,2003,67.0000000000
mdg,2004,47.0000000000
mdg,2005,42.0000000000
mdg,2006,20.0000000000
mdg,2007,12.0000000000
mdg,2008,12.0000000000
mdg,2009,12.0000000000
mdg,2010,12.0000000000
mdg,2011,12.0000000000
mdg,2012,12.0000000000
mdg,2013,12.0000000000
mdg,2014,12.0000000000
mdg,2015,13.0000000000
mdg,2016,12.0000000000
mdg,2017,8.0000000000
mdg,2018,8.0000000000
mdg,2019,8.0000000000
mwi,2003,43.0000000000
mwi,2004,37.0000000000
mwi,2005,37.0000000000
mwi,2006,37.0000000000
mwi,2007,37.0000000000
mwi,2008,37.0000000000
mwi,2009,36.0000000000
mwi,2010,36.0000000000
mwi,2011,36.0000000000
mwi,2012,37.0000000000
mwi,2013,40.0000000000
mwi,2014,38.0000000000
mwi,2015,38.0000000000
mwi,2016,37.0000000000
mwi,2017,37.0000000000
mwi,2018,37.0000000000
mwi,2019,37.0000000000
mys,2003,37.5000000000
mys,2004,37.5000000000
mys,2005,37.5000000000
mys,2006,37.5000000000
mys,2007,31.5000000000
mys,2008,20.5000000000
mys,2009,18.5000000000
mys,2010,17.5000000000
mys,2011,8.5000000000
mys,2012,9.5000000000
mys,2013,9.5000000000
mys,2014,7.5000000000
mys,2015,7.5000000000
mys,2016,23.5000000000
mys,2017,23.5000000000
mys,2018,13.5000000000
mys,2019,17.5000000000
mdv,2003,9.0000000000
mdv,2004,9.0000000000
mdv,2005,9.0000000000
mdv,2006,9.0000000000
mdv,2007,9.0000000000
mdv,2008,9.0000000000
mdv,2009,12.0000000000
mdv,2010,12.0000000000
mdv,2011,12.0000000000
mdv,2012,12.0000000000
mdv,2013,12.0000000000
mdv,2014,12.0000000000
mdv,2015,12.0000000000
mdv,2016,12.0000000000
mdv,2017,12.0000000000
mdv,2018,12.0000000000
mdv,2019,12.0000000000
mli,2003,33.0000000000
mli,2004,33.0000000000
mli,2005,27.0000000000
mli,2006,42.0000000000
mli,2007,25.0000000000
mli,2008,25.0000000000
mli,2009,8.0000000000
mli,2010,8.0000000000
mli,2011,8.0000000000
mli,2012,8.0000000000
mli,2013,11.0000000000
mli,2014,11.0000000000
mli,2015,8.5000000000
mli,2016,8.5000000000
mli,2017,11.0000000000
mli,2018,11.0000000000
mli,2019,11.0000000000
mlt,2011,38.5000000000
mlt,2012,38.5000000000
mlt,2013,38.5000000000
mlt,2014,33.5000000000
mlt,2015,28.0000000000
mlt,2016,26.0000000000
mlt,2017,16.0000000000
mlt,2018,16.0000000000
mlt,2019,20.5000000000
mhl,2003,22.0000000000
mhl,2004,17.0000000000
mhl,2005,17.0000000000
mhl,2006,17.0000000000
mhl,2007,17.0000000000
mhl,2008,17.0000000000
mhl,2009,17.0000000000
mhl,2010,17.0000000000
mhl,2011,17.0000000000
mhl,2012,17.0000000000
mhl,2013,17.0000000000
mhl,2014,17.0000000000
mhl,2015,17.0000000000
mhl,2016,17.0000000000
mhl,2017,17.0000000000
mhl,2018,17.0000000000
mhl,2019,17.0000000000
mrt,2003,82.0000000000
mrt,2004,82.0000000000
mrt,2005,82.0000000000
mrt,2006,82.0000000000
mrt,2007,50.0000000000
mrt,2008,19.0000000000
mrt,2009,19.0000000000
mrt,2010,19.0000000000
mrt,2011,19.0000000000
mrt,2012,19.0000000000
mrt,2013,19.0000000000
mrt,2014,8.0000000000
mrt,2015,8.0000000000
mrt,2016,8.0000000000
mrt,2017,6.0000000000
mrt,2018,6.0000000000
mrt,2019,6.0000000000
mus,2004,46.5000000000
mus,2005,46.5000000000
mus,2006,46.5000000000
mus,2007,7.5000000000
mus,2008,6.5000000000
mus,2009,6.5000000000
mus,2010,6.5000000000
mus,2011,6.5000000000
mus,2012,6.5000000000
mus,2013,6.5000000000
mus,2014,6.5000000000
mus,2015,6.5000000000
mus,2016,6.5000000000
mus,2017,5.5000000000
mus,2018,5.0000000000
mus,2019,4.5000000000
mex,2013,8.4000000000
mex,2014,8.4000000000
mex,2015,8.4000000000
mex,2016,8.4000000000
mex,2017,8.4000000000
mex,2018,8.4000000000
mex,2019,8.4000000000
fsm,2003,36.0000000000
fsm,2004,16.0000000000
fsm,2005,16.0000000000
fsm,2006,16.0000000000
fsm,2007,16.0000000000
fsm,2008,16.0000000000
fsm,2009,16.0000000000
fsm,2010,16.0000000000
fsm,2011,16.0000000000
fsm,2012,16.0000000000
fsm,2013,16.0000000000
fsm,2014,16.0000000000
fsm,2015,16.0000000000
fsm,2016,16.0000000000
fsm,2017,16.0000000000
fsm,2018,16.0000000000
fsm,2019,16.0000000000
mda,2003,42.0000000000
mda,2004,32.0000000000
mda,2005,30.0000000000
mda,2006,31.0000000000
mda,2007,23.0000000000
mda,2008,16.0000000000
mda,2009,10.0000000000
mda,2010,10.0000000000
mda,2011,9.0000000000
mda,2012,9.0000000000
mda,2013,7.0000000000
mda,2014,7.0000000000
mda,2015,6.0000000000
mda,2016,6.0000000000
mda,2017,5.0000000000
mda,2018,4.0000000000
mda,2019,4.0000000000
mng,2003,24.0000000000
mng,2004,17.0000000000
mng,2005,17.0000000000
mng,2006,17.0000000000
mng,2007,17.0000000000
mng,2008,17.0000000000
mng,2009,17.0000000000
mng,2010,17.0000000000
mng,2011,17.0000000000
mng,2012,16.0000000000
mng,2013,16.0000000000
mng,2014,16.0000000000
mng,2015,12.0000000000
mng,2016,12.0000000000
mng,2017,12.0000000000
mng,2018,12.0000000000
mng,2019,12.0000000000
mne,2006,26.0000000000
mne,2007,26.0000000000
mne,2008,23.0000000000
mne,2009,14.0000000000
mne,2010,12.0000000000
mne,2011,12.0000000000
mne,2012,12.0000000000
mne,2013,12.0000000000
mne,2014,12.0000000000
mne,2015,12.0000000000
mne,2016,12.0000000000
mne,2017,12.0000000000
mne,2018,12.0000000000
mne,2019,12.0000000000
mar,2003,35.0000000000
mar,2004,12.0000000000
mar,2005,12.0000000000
mar,2006,12.0000000000
mar,2007,12.0000000000
mar,2008,12.0000000000
mar,2009,12.0000000000
mar,2010,12.0000000000
mar,2011,12.0000000000
mar,2012,12.0000000000
mar,2013,11.5000000000
mar,2014,11.5000000000
mar,2015,10.5000000000
mar,2016,10.0000000000
mar,2017,9.0000000000
mar,2018,9.0000000000
mar,2019,9.0000000000
moz,2003,177.0000000000
moz,2004,179.0000000000
moz,2005,179.0000000000
moz,2006,117.0000000000
moz,2007,32.0000000000
moz,2008,34.0000000000
moz,2009,34.0000000000
moz,2010,21.0000000000
moz,2011,21.0000000000
moz,2012,21.0000000000
moz,2013,21.0000000000
moz,2014,21.0000000000
moz,2015,21.0000000000
moz,2016,21.0000000000
moz,2017,17.0000000000
moz,2018,17.0000000000
moz,2019,17.0000000000
mmr,2012,77.0000000000
mmr,2013,77.0000000000
mmr,2014,77.0000000000
mmr,2015,16.0000000000
mmr,2016,14.0000000000
mmr,2017,14.0000000000
mmr,2018,14.0000000000
mmr,2019,7.0000000000
nam,2003,86.0000000000
nam,2004,85.0000000000
nam,2005,95.0000000000
nam,2006,95.0000000000
nam,2007,99.0000000000
nam,2008,66.0000000000
nam,2009,66.0000000000
nam,2010,66.0000000000
nam,2011,66.0000000000
nam,2012,66.0000000000
nam,2013,66.0000000000
nam,2014,66.0000000000
nam,2015,66.0000000000
nam,2016,66.0000000000
nam,2017,54.0000000000
nam,2018,54.0000000000
nam,2019,54.0000000000
npl,2003,31.0000000000
npl,2004,31.0000000000
npl,2005,31.0000000000
npl,2006,31.0000000000
npl,2007,31.0000000000
npl,2008,31.0000000000
npl,2009,31.0000000000
npl,2010,31.0000000000
npl,2011,29.0000000000
npl,2012,29.0000000000
npl,2013,17.0000000000
npl,2014,17.0000000000
npl,2015,17.0000000000
npl,2016,17.0000000000
npl,2017,18.5000000000
npl,2018,18.5000000000
npl,2019,22.5000000000
nld,2003,9.0000000000
nld,2004,9.0000000000
nld,2005,9.0000000000
nld,2006,8.0000000000
nld,2007,8.0000000000
nld,2008,8.0000000000
nld,2009,8.0000000000
nld,2010,8.0000000000
nld,2011,8.0000000000
nld,2012,5.0000000000
nld,2013,4.0000000000
nld,2014,3.5000000000
nld,2015,3.5000000000
nld,2016,3.5000000000
nld,2017,3.5000000000
nld,2018,3.5000000000
nld,2019,3.5000000000
nzl,2003,12.0000000000
nzl,2004,12.0000000000
nzl,2005,12.0000000000
nzl,2006,12.0000000000
nzl,2007,12.0000000000
nzl,2008,0.5000000000
nzl,2009,0.5000000000
nzl,2010,0.5000000000
nzl,2011,0.5000000000
nzl,2012,0.5000000000
nzl,2013,0.5000000000
nzl,2014,0.5000000000
nzl,2015,0.5000000000
nzl,2016,0.5000000000
nzl,2017,0.5000000000
nzl,2018,0.5000000000
nzl,2019,0.5000000000
nic,2003,47.0000000000
nic,2004,40.0000000000
nic,2005,40.0000000000
nic,2006,40.0000000000
nic,2007,39.0000000000
nic,2008,39.0000000000
nic,2009,39.0000000000
nic,2010,39.0000000000
nic,2011,39.0000000000
nic,2012,39.0000000000
nic,2013,37.0000000000
nic,2014,14.0000000000
nic,2015,14.0000000000
nic,2016,14.0000000000
nic,2017,14.0000000000
nic,2018,14.0000000000
nic,2019,14.0000000000
ner,2003,36.0000000000
ner,2004,36.0000000000
ner,2005,36.0000000000
ner,2006,32.0000000000
ner,2007,24.0000000000
ner,2008,20.0000000000
ner,2009,18.0000000000
ner,2010,18.0000000000
ner,2011,18.0000000000
ner,2012,18.0000000000
ner,2013,18.0000000000
ner,2014,16.0000000000
ner,2015,16.0000000000
ner,2016,11.0000000000
ner,2017,8.0000000000
ner,2018,10.0000000000
ner,2019,10.0000000000
nga,2013,30.3000000000
nga,2014,30.3000000000
nga,2015,30.3000000000
nga,2016,24.9000000000
nga,2017,18.9000000000
nga,2018,10.9000000000
nga,2019,7.2000000000
mkd,2003,60.0000000000
mkd,2004,60.0000000000
mkd,2005,60.0000000000
mkd,2006,31.0000000000
mkd,2007,28.0000000000
mkd,2008,22.0000000000
mkd,2009,17.0000000000
mkd,2010,16.0000000000
mkd,2011,16.0000000000
mkd,2012,15.0000000000
mkd,2013,15.0000000000
mkd,2014,15.0000000000
mkd,2015,15.0000000000
mkd,2016,15.0000000000
mkd,2017,15.0000000000
mkd,2018,15.0000000000
mkd,2019,15.0000000000
nor,2003,18.0000000000
nor,2004,18.0000000000
nor,2005,8.0000000000
nor,2006,7.0000000000
nor,2007,8.0000000000
nor,2008,6.0000000000
nor,2009,6.0000000000
nor,2010,6.0000000000
nor,2011,6.0000000000
nor,2012,6.0000000000
nor,2013,6.0000000000
nor,2014,5.0000000000
nor,2015,4.0000000000
nor,2016,4.0000000000
nor,2017,4.0000000000
nor,2018,4.0000000000
nor,2019,4.0000000000
omn,2003,36.4000000000
omn,2004,36.4000000000
omn,2005,36.4000000000
omn,2006,43.4000000000
omn,2007,40.4000000000
omn,2008,15.4000000000
omn,2009,13.4000000000
omn,2010,13.4000000000
omn,2011,9.3000000000
omn,2012,9.3000000000
omn,2013,9.3000000000
omn,2014,9.3000000000
omn,2015,9.3000000000
omn,2016,7.3000000000
omn,2017,4.3000000000
omn,2018,4.3000000000
omn,2019,4.3000000000
pak,2013,20.0000000000
pak,2014,20.0000000000
pak,2015,20.0000000000
pak,2016,20.0000000000
pak,2017,19.5000000000
pak,2018,16.5000000000
pak,2019,16.5000000000
plw,2003,33.0000000000
plw,2004,24.0000000000
plw,2005,24.0000000000
plw,2006,28.0000000000
plw,2007,28.0000000000
plw,2008,28.0000000000
plw,2009,28.0000000000
plw,2010,28.0000000000
plw,2011,28.0000000000
plw,2012,28.0000000000
plw,2013,28.0000000000
plw,2014,28.0000000000
plw,2015,28.0000000000
plw,2016,28.0000000000
plw,2017,28.0000000000
plw,2018,28.0000000000
plw,2019,28.0000000000
pan,2003,18.0000000000
pan,2004,18.0000000000
pan,2005,18.0000000000
pan,2006,18.0000000000
pan,2007,18.0000000000
pan,2008,12.0000000000
pan,2009,12.0000000000
pan,2010,9.0000000000
pan,2011,8.0000000000
pan,2012,7.0000000000
pan,2013,6.0000000000
pan,2014,6.0000000000
pan,2015,6.0000000000
pan,2016,6.0000000000
pan,2017,6.0000000000
pan,2018,6.0000000000
pan,2019,6.0000000000
png,2003,52.0000000000
png,2004,52.0000000000
png,2005,52.0000000000
png,2006,52.0000000000
png,2007,52.0000000000
png,2008,52.0000000000
png,2009,52.0000000000
png,2010,52.0000000000
png,2011,52.0000000000
png,2012,52.0000000000
png,2013,53.0000000000
png,2014,53.0000000000
png,2015,53.0000000000
png,2016,41.0000000000
png,2017,41.0000000000
png,2018,41.0000000000
png,2019,41.0000000000
pry,2003,72.0000000000
pry,2004,72.0000000000
pry,2005,72.0000000000
pry,2006,72.0000000000
pry,2007,34.0000000000
pry,2008,35.0000000000
pry,2009,35.0000000000
pry,2010,35.0000000000
pry,2011,35.0000000000
pry,2012,35.0000000000
pry,2013,35.0000000000
pry,2014,35.0000000000
pry,2015,35.0000000000
pry,2016,35.0000000000
pry,2017,35.0000000000
pry,2018,35.0000000000
pry,2019,35.0000000000
per,2003,100.5000000000
per,2004,100.5000000000
per,2005,104.5000000000
per,2006,74.5000000000
per,2007,74.5000000000
per,2008,67.0000000000
per,2009,41.0000000000
per,2010,42.5000000000
per,2011,41.5000000000
per,2012,41.5000000000
per,2013,41.5000000000
per,2014,41.5000000000
per,2015,41.5000000000
per,2016,41.0000000000
per,2017,41.0000000000
per,2018,26.0000000000
per,2019,26.0000000000
phl,2003,37.0000000000
phl,2004,37.0000000000
phl,2005,35.0000000000
phl,2006,35.0000000000
phl,2007,35.0000000000
phl,2008,34.0000000000
phl,2009,34.0000000000
phl,2010,29.0000000000
phl,2011,28.0000000000
phl,2012,28.0000000000
phl,2013,28.0000000000
phl,2014,26.0000000000
phl,2015,25.0000000000
phl,2016,25.0000000000
phl,2017,39.0000000000
phl,2018,34.0000000000
phl,2019,33.0000000000
pol,2003,63.0000000000
pol,2004,63.0000000000
pol,2005,52.0000000000
pol,2006,45.0000000000
pol,2007,45.0000000000
pol,2008,45.0000000000
pol,2009,39.0000000000
pol,2010,39.0000000000
pol,2011,39.0000000000
pol,2012,39.0000000000
pol,2013,37.0000000000
pol,2014,37.0000000000
pol,2015,37.0000000000
pol,2016,37.0000000000
pol,2017,37.0000000000
pol,2018,37.0000000000
pol,2019,37.0000000000
prt,2003,78.0000000000
prt,2004,78.0000000000
prt,2005,48.0000000000
prt,2006,9.0000000000
prt,2007,8.0000000000
prt,2008,7.0000000000
prt,2009,7.0000000000
prt,2010,7.0000000000
prt,2011,7.0000000000
prt,2012,7.0000000000
prt,2013,6.0000000000
prt,2014,6.0000000000
prt,2015,6.0000000000
prt,2016,6.0000000000
prt,2017,6.5000000000
prt,2018,6.5000000000
prt,2019,6.5000000000
pri,2003,7.0000000000
pri,2004,7.0000000000
pri,2005,7.0000000000
pri,2006,7.0000000000
pri,2007,7.0000000000
pri,2008,7.0000000000
pri,2009,7.0000000000
pri,2010,7.0000000000
pri,2011,6.0000000000
pri,2012,6.0000000000
pri,2013,6.0000000000
pri,2014,6.0000000000
pri,2015,6.0000000000
pri,2016,5.5000000000
pri,2017,5.5000000000
pri,2018,5.5000000000
pri,2019,5.5000000000
qat,2007,8.2000000000
qat,2008,8.2000000000
qat,2009,8.2000000000
qat,2010,10.7000000000
qat,2011,9.7000000000
qat,2012,9.7000000000
qat,2013,9.7000000000
qat,2014,9.7000000000
qat,2015,9.7000000000
qat,2016,9.7000000000
qat,2017,9.7000000000
qat,2018,8.7000000000
qat,2019,8.7000000000
rou,2003,29.0000000000
rou,2004,28.0000000000
rou,2005,11.0000000000
rou,2006,11.0000000000
rou,2007,8.0000000000
rou,2008,8.0000000000
rou,2009,8.0000000000
rou,2010,8.0000000000
rou,2011,12.0000000000
rou,2012,8.0000000000
rou,2013,8.0000000000
rou,2014,8.0000000000
rou,2015,8.0000000000
rou,2016,12.0000000000
rou,2017,12.0000000000
rou,2018,35.0000000000
rou,2019,20.0000000000
rus,2013,13.2000000000
rus,2014,11.5000000000
rus,2015,10.8000000000
rus,2016,10.1000000000
rus,2017,10.1000000000
rus,2018,10.1000000000
rus,2019,10.1000000000
rwa,2003,18.0000000000
rwa,2004,18.0000000000
rwa,2005,18.0000000000
rwa,2006,16.0000000000
rwa,2007,16.0000000000
rwa,2008,14.0000000000
rwa,2009,7.0000000000
rwa,2010,7.0000000000
rwa,2011,7.0000000000
rwa,2012,8.0000000000
rwa,2013,7.0000000000
rwa,2014,7.0000000000
rwa,2015,6.0000000000
rwa,2016,4.0000000000
rwa,2017,4.0000000000
rwa,2018,4.0000000000
rwa,2019,4.0000000000
wsm,2003,42.0000000000
wsm,2004,42.0000000000
wsm,2005,35.0000000000
wsm,2006,35.0000000000
wsm,2007,35.0000000000
wsm,2008,35.0000000000
wsm,2009,9.0000000000
wsm,2010,9.0000000000
wsm,2011,9.0000000000
wsm,2012,9.0000000000
wsm,2013,9.0000000000
wsm,2014,9.0000000000
wsm,2015,9.0000000000
wsm,2016,9.0000000000
wsm,2017,9.0000000000
wsm,2018,9.0000000000
wsm,2019,9.0000000000
smr,2012,41.0000000000
smr,2013,41.0000000000
smr,2014,36.0000000000
smr,2015,12.5000000000
smr,2016,12.5000000000
smr,2017,12.5000000000
smr,2018,12.5000000000
smr,2019,11.5000000000
stp,2004,145.0000000000
stp,2005,145.0000000000
stp,2006,145.0000000000
stp,2007,145.0000000000
stp,2008,145.0000000000
stp,2009,145.0000000000
stp,2010,147.0000000000
stp,2011,11.0000000000
stp,2012,8.0000000000
stp,2013,8.0000000000
stp,2014,7.0000000000
stp,2015,7.0000000000
stp,2016,7.0000000000
stp,2017,7.0000000000
stp,2018,7.0000000000
stp,2019,7.0000000000
sau,2003,81.3000000000
sau,2004,81.3000000000
sau,2005,74.3000000000
sau,2006,49.3000000000
sau,2007,27.3000000000
sau,2008,27.3000000000
sau,2009,27.3000000000
sau,2010,27.3000000000
sau,2011,27.3000000000
sau,2012,24.3000000000
sau,2013,24.8000000000
sau,2014,24.8000000000
sau,2015,23.3000000000
sau,2016,19.3000000000
sau,2017,17.8000000000
sau,2018,17.8000000000
sau,2019,10.4000000000
sen,2003,57.0000000000
sen,2004,57.0000000000
sen,2005,57.0000000000
sen,2006,57.0000000000
sen,2007,58.0000000000
sen,2008,9.0000000000
sen,2009,9.0000000000
sen,2010,9.0000000000
sen,2011,6.0000000000
sen,2012,6.0000000000
sen,2013,6.0000000000
sen,2014,6.0000000000
sen,2015,6.0000000000
sen,2016,6.0000000000
sen,2017,6.0000000000
sen,2018,6.0000000000
sen,2019,6.0000000000
srb,2003,56.0000000000
srb,2004,56.0000000000
srb,2005,23.0000000000
srb,2006,23.0000000000
srb,2007,23.0000000000
srb,2008,23.0000000000
srb,2009,13.0000000000
srb,2010,13.0000000000
srb,2011,13.0000000000
srb,2012,12.0000000000
srb,2013,12.0000000000
srb,2014,11.5000000000
srb,2015,11.5000000000
srb,2016,6.5000000000
srb,2017,5.5000000000
srb,2018,5.5000000000
srb,2019,7.0000000000
syc,2005,33.0000000000
syc,2006,33.0000000000
syc,2007,33.0000000000
syc,2008,33.0000000000
syc,2009,33.0000000000
syc,2010,33.0000000000
syc,2011,33.0000000000
syc,2012,33.0000000000
syc,2013,32.0000000000
syc,2014,32.0000000000
syc,2015,32.0000000000
syc,2016,32.0000000000
syc,2017,32.0000000000
syc,2018,32.0000000000
syc,2019,32.0000000000
sle,2003,26.0000000000
sle,2004,26.0000000000
sle,2005,26.0000000000
sle,2006,26.0000000000
sle,2007,26.0000000000
sle,2008,17.0000000000
sle,2009,12.0000000000
sle,2010,12.0000000000
sle,2011,12.0000000000
sle,2012,12.0000000000
sle,2013,12.0000000000
sle,2014,12.0000000000
sle,2015,10.0000000000
sle,2016,8.0000000000
sle,2017,8.0000000000
sle,2018,8.0000000000
sle,2019,8.0000000000
sgp,2003,8.0000000000
sgp,2004,8.0000000000
sgp,2005,6.0000000000
sgp,2006,6.0000000000
sgp,2007,5.0000000000
sgp,2008,3.5000000000
sgp,2009,2.5000000000
sgp,2010,2.5000000000
sgp,2011,2.5000000000
sgp,2012,2.5000000000
sgp,2013,2.5000000000
sgp,2014,2.5000000000
sgp,2015,2.5000000000
sgp,2016,2.5000000000
sgp,2017,2.5000000000
sgp,2018,1.5000000000
sgp,2019,1.5000000000
svk,2003,113.0000000000
svk,2004,62.0000000000
svk,2005,37.0000000000
svk,2006,37.0000000000
svk,2007,37.0000000000
svk,2008,28.5000000000
svk,2009,28.5000000000
svk,2010,28.5000000000
svk,2011,28.5000000000
svk,2012,28.5000000000
svk,2013,33.5000000000
svk,2014,26.5000000000
svk,2015,26.5000000000
svk,2016,26.5000000000
svk,2017,26.5000000000
svk,2018,26.5000000000
svk,2019,21.5000000000
svn,2003,61.5000000000
svn,2004,61.5000000000
svn,2005,61.5000000000
svn,2006,61.5000000000
svn,2007,61.5000000000
svn,2008,20.5000000000
svn,2009,6.0000000000
svn,2010,6.0000000000
svn,2011,6.0000000000
svn,2012,6.0000000000
svn,2013,6.0000000000
svn,2014,6.0000000000
svn,2015,6.0000000000
svn,2016,6.0000000000
svn,2017,6.0000000000
svn,2018,8.0000000000
svn,2019,8.0000000000
slb,2003,55.0000000000
slb,2004,55.0000000000
slb,2005,55.0000000000
slb,2006,55.0000000000
slb,2007,55.0000000000
slb,2008,55.0000000000
slb,2009,55.0000000000
slb,2010,55.0000000000
slb,2011,41.0000000000
slb,2012,7.0000000000
slb,2013,9.0000000000
slb,2014,9.0000000000
slb,2015,9.0000000000
slb,2016,9.0000000000
slb,2017,9.0000000000
slb,2018,9.0000000000
slb,2019,9.0000000000
som,2015,70.0000000000
som,2016,70.0000000000
som,2017,70.0000000000
som,2018,70.0000000000
som,2019,70.0000000000
zaf,2003,56.0000000000
zaf,2004,56.0000000000
zaf,2005,53.0000000000
zaf,2006,53.0000000000
zaf,2007,53.0000000000
zaf,2008,45.0000000000
zaf,2009,45.0000000000
zaf,2010,45.0000000000
zaf,2011,45.0000000000
zaf,2012,45.0000000000
zaf,2013,45.0000000000
zaf,2014,46.0000000000
zaf,2015,46.0000000000
zaf,2016,45.0000000000
zaf,2017,45.0000000000
zaf,2018,40.0000000000
zaf,2019,40.0000000000
ssd,2012,14.0000000000
ssd,2013,14.0000000000
ssd,2014,14.0000000000
ssd,2015,14.0000000000
ssd,2016,14.0000000000
ssd,2017,13.0000000000
ssd,2018,13.0000000000
ssd,2019,13.0000000000
esp,2003,138.0000000000
esp,2004,137.0000000000
esp,2005,70.0000000000
esp,2006,60.0000000000
esp,2007,60.0000000000
esp,2008,61.0000000000
esp,2009,61.0000000000
esp,2010,52.0000000000
esp,2011,29.0000000000
esp,2012,30.0000000000
esp,2013,24.0000000000
esp,2014,14.0000000000
esp,2015,14.0000000000
esp,2016,13.0000000000
esp,2017,13.0000000000
esp,2018,12.5000000000
esp,2019,12.5000000000
lka,2003,56.0000000000
lka,2004,46.0000000000
lka,2005,46.0000000000
lka,2006,46.0000000000
lka,2007,42.0000000000
lka,2008,44.0000000000
lka,2009,44.0000000000
lka,2010,38.0000000000
lka,2011,35.0000000000
lka,2012,11.0000000000
lka,2013,11.0000000000
lka,2014,11.0000000000
lka,2015,10.0000000000
lka,2016,9.0000000000
lka,2017,9.0000000000
lka,2018,9.0000000000
lka,2019,8.0000000000
kna,2005,19.0000000000
kna,2006,19.0000000000
kna,2007,19.0000000000
kna,2008,19.0000000000
kna,2009,19.0000000000
kna,2010,19.0000000000
kna,2011,19.0000000000
kna,2012,19.0000000000
kna,2013,18.5000000000
kna,2014,18.5000000000
kna,2015,18.5000000000
kna,2016,18.5000000000
kna,2017,18.5000000000
kna,2018,18.5000000000
kna,2019,18.5000000000
lca,2005,22.0000000000
lca,2006,20.0000000000
lca,2007,20.0000000000
lca,2008,20.0000000000
lca,2009,14.0000000000
lca,2010,14.0000000000
lca,2011,11.0000000000
lca,2012,11.0000000000
lca,2013,11.0000000000
lca,2014,11.0000000000
lca,2015,11.0000000000
lca,2016,11.0000000000
lca,2017,11.0000000000
lca,2018,11.0000000000
lca,2019,11.0000000000
vct,2005,12.0000000000
vct,2006,12.0000000000
vct,2007,12.0000000000
vct,2008,12.0000000000
vct,2009,11.0000000000
vct,2010,10.0000000000
vct,2011,10.0000000000
vct,2012,10.0000000000
vct,2013,10.0000000000
vct,2014,10.0000000000
vct,2015,10.0000000000
vct,2016,10.0000000000
vct,2017,10.0000000000
vct,2018,10.0000000000
vct,2019,10.0000000000
sdn,2004,38.5000000000
sdn,2005,38.5000000000
sdn,2006,38.5000000000
sdn,2007,38.5000000000
sdn,2008,38.5000000000
sdn,2009,36.5000000000
sdn,2010,36.5000000000
sdn,2011,36.5000000000
sdn,2012,36.5000000000
sdn,2013,36.5000000000
sdn,2014,36.5000000000
sdn,2015,36.5000000000
sdn,2016,36.5000000000
sdn,2017,36.5000000000
sdn,2018,34.5000000000
sdn,2019,34.5000000000
sur,2005,697.0000000000
sur,2006,689.0000000000
sur,2007,689.0000000000
sur,2008,690.0000000000
sur,2009,690.0000000000
sur,2010,690.0000000000
sur,2011,690.0000000000
sur,2012,690.0000000000
sur,2013,204.0000000000
sur,2014,84.0000000000
sur,2015,84.0000000000
sur,2016,66.0000000000
sur,2017,66.0000000000
sur,2018,66.0000000000
sur,2019,66.0000000000
swe,2003,16.0000000000
swe,2004,16.0000000000
swe,2005,16.0000000000
swe,2006,16.0000000000
swe,2007,16.0000000000
swe,2008,16.0000000000
swe,2009,16.0000000000
swe,2010,16.0000000000
swe,2011,16.0000000000
swe,2012,16.0000000000
swe,2013,16.0000000000
swe,2014,16.0000000000
swe,2015,7.0000000000
swe,2016,7.0000000000
swe,2017,7.0000000000
swe,2018,7.5000000000
swe,2019,7.5000000000
che,2003,20.0000000000
che,2004,18.0000000000
che,2005,18.0000000000
che,2006,18.0000000000
che,2007,18.0000000000
che,2008,18.0000000000
che,2009,18.0000000000
che,2010,18.0000000000
che,2011,18.0000000000
che,2012,18.0000000000
che,2013,18.0000000000
che,2014,10.0000000000
che,2015,10.0000000000
che,2016,10.0000000000
che,2017,10.0000000000
che,2018,10.0000000000
che,2019,10.0000000000
syr,2003,43.5000000000
syr,2004,43.5000000000
syr,2005,43.5000000000
syr,2006,43.5000000000
syr,2007,43.5000000000
syr,2008,16.5000000000
syr,2009,15.5000000000
syr,2010,13.5000000000
syr,2011,13.5000000000
syr,2012,13.5000000000
syr,2013,13.5000000000
syr,2014,13.5000000000
syr,2015,13.5000000000
syr,2016,15.5000000000
syr,2017,15.5000000000
syr,2018,15.5000000000
syr,2019,15.5000000000
tjk,2005,79.0000000000
tjk,2006,79.0000000000
tjk,2007,66.0000000000
tjk,2008,66.0000000000
tjk,2009,42.0000000000
tjk,2010,16.0000000000
tjk,2011,13.0000000000
tjk,2012,13.0000000000
tjk,2013,22.0000000000
tjk,2014,28.0000000000
tjk,2015,11.0000000000
tjk,2016,21.0000000000
tjk,2017,10.0000000000
tjk,2018,10.0000000000
tjk,2019,7.0000000000
tza,2003,36.0000000000
tza,2004,36.0000000000
tza,2005,36.0000000000
tza,2006,33.0000000000
tza,2007,32.0000000000
tza,2008,31.0000000000
tza,2009,31.0000000000
tza,2010,31.0000000000
tza,2011,31.0000000000
tza,2012,29.0000000000
tza,2013,29.0000000000
tza,2014,29.0000000000
tza,2015,29.0000000000
tza,2016,29.0000000000
tza,2017,29.0000000000
tza,2018,27.5000000000
tza,2019,29.5000000000
tha,2003,35.0000000000
tha,2004,35.0000000000
tha,2005,35.0000000000
tha,2006,35.0000000000
tha,2007,35.0000000000
tha,2008,35.0000000000
tha,2009,34.0000000000
tha,2010,34.0000000000
tha,2011,32.0000000000
tha,2012,31.0000000000
tha,2013,31.0000000000
tha,2014,31.0000000000
tha,2015,31.0000000000
tha,2016,29.0000000000
tha,2017,6.0000000000
tha,2018,6.0000000000
tha,2019,6.0000000000
tls,2004,167.0000000000
tls,2005,167.0000000000
tls,2006,167.0000000000
tls,2007,158.0000000000
tls,2008,157.0000000000
tls,2009,157.0000000000
tls,2010,110.0000000000
tls,2011,94.0000000000
tls,2012,94.0000000000
tls,2013,94.0000000000
tls,2014,15.0000000000
tls,2015,14.0000000000
tls,2016,14.0000000000
tls,2017,13.0000000000
tls,2018,13.0000000000
tls,2019,13.0000000000
tgo,2003,74.0000000000
tgo,2004,63.0000000000
tgo,2005,63.0000000000
tgo,2006,62.0000000000
tgo,2007,60.0000000000
tgo,2008,60.0000000000
tgo,2009,84.0000000000
tgo,2010,84.0000000000
tgo,2011,84.0000000000
tgo,2012,38.0000000000
tgo,2013,19.0000000000
tgo,2014,10.0000000000
tgo,2015,10.0000000000
tgo,2016,6.0000000000
tgo,2017,6.0000000000
tgo,2018,5.5000000000
tgo,2019,2.5000000000
ton,2003,32.0000000000
ton,2004,32.0000000000
ton,2005,32.0000000000
ton,2006,32.0000000000
ton,2007,32.0000000000
ton,2008,25.0000000000
ton,2009,25.0000000000
ton,2010,25.0000000000
ton,2011,16.0000000000
ton,2012,16.0000000000
ton,2013,16.0000000000
ton,2014,16.0000000000
ton,2015,16.0000000000
ton,2016,16.0000000000
ton,2017,16.0000000000
ton,2018,16.0000000000
ton,2019,15.7000000000
tto,2005,74.0000000000
tto,2006,41.0000000000
tto,2007,41.0000000000
tto,2008,41.0000000000
tto,2009,41.0000000000
tto,2010,40.0000000000
tto,2011,40.0000000000
tto,2012,40.0000000000
tto,2013,35.5000000000
tto,2014,11.5000000000
tto,2015,11.5000000000
tto,2016,10.5000000000
tto,2017,10.5000000000
tto,2018,10.5000000000
tto,2019,10.5000000000
tun,2003,13.0000000000
tun,2004,13.0000000000
tun,2005,13.0000000000
tun,2006,13.0000000000
tun,2007,13.0000000000
tun,2008,13.0000000000
tun,2009,13.0000000000
tun,2010,13.0000000000
tun,2011,13.0000000000
tun,2012,13.0000000000
tun,2013,13.0000000000
tun,2014,13.0000000000
tun,2015,13.0000000000
tun,2016,13.0000000000
tun,2017,13.0000000000
tun,2018,9.0000000000
tun,2019,9.0000000000
tur,2003,40.0000000000
tur,2004,10.5000000000
tur,2005,10.5000000000
tur,2006,10.5000000000
tur,2007,10.5000000000
tur,2008,10.5000000000
tur,2009,10.5000000000
tur,2010,10.5000000000
tur,2011,10.5000000000
tur,2012,10.5000000000
tur,2013,10.5000000000
tur,2014,11.0000000000
tur,2015,11.0000000000
tur,2016,10.0000000000
tur,2017,10.0000000000
tur,2018,7.0000000000
tur,2019,7.0000000000
uga,2003,36.0000000000
uga,2004,36.0000000000
uga,2005,36.0000000000
uga,2006,30.0000000000
uga,2007,30.0000000000
uga,2008,27.0000000000
uga,2009,27.0000000000
uga,2010,26.0000000000
uga,2011,26.0000000000
uga,2012,29.0000000000
uga,2013,28.0000000000
uga,2014,28.0000000000
uga,2015,27.0000000000
uga,2016,26.0000000000
uga,2017,24.0000000000
uga,2018,24.0000000000
uga,2019,24.0000000000
ukr,2003,41.0000000000
ukr,2004,35.0000000000
ukr,2005,35.0000000000
ukr,2006,34.0000000000
ukr,2007,28.0000000000
ukr,2008,28.0000000000
ukr,2009,28.0000000000
ukr,2010,28.0000000000
ukr,2011,25.0000000000
ukr,2012,23.0000000000
ukr,2013,22.0000000000
ukr,2014,22.0000000000
ukr,2015,8.0000000000
ukr,2016,6.5000000000
ukr,2017,6.5000000000
ukr,2018,6.5000000000
ukr,2019,6.5000000000
are,2003,19.2000000000
are,2004,19.2000000000
are,2005,19.3000000000
are,2006,19.2000000000
are,2007,18.2000000000
are,2008,18.2000000000
are,2009,15.2000000000
are,2010,15.2000000000
are,2011,13.2000000000
are,2012,8.2000000000
are,2013,8.2000000000
are,2014,8.3000000000
are,2015,8.3000000000
are,2016,8.3000000000
are,2017,8.3000000000
are,2018,3.8000000000
are,2019,3.8000000000
gbr,2003,12.0000000000
gbr,2004,12.0000000000
gbr,2005,11.5000000000
gbr,2006,11.5000000000
gbr,2007,11.5000000000
gbr,2008,11.5000000000
gbr,2009,11.5000000000
gbr,2010,11.5000000000
gbr,2011,11.5000000000
gbr,2012,11.5000000000
gbr,2013,11.5000000000
gbr,2014,6.0000000000
gbr,2015,4.5000000000
gbr,2016,4.5000000000
gbr,2017,4.5000000000
gbr,2018,4.5000000000
gbr,2019,4.5000000000
usa,2013,6.2000000000
usa,2014,5.6000000000
usa,2015,5.6000000000
usa,2016,5.6000000000
usa,2017,5.6000000000
usa,2018,5.6000000000
usa,2019,4.2000000000
ury,2003,45.0000000000
ury,2004,45.0000000000
ury,2005,45.0000000000
ury,2006,43.0000000000
ury,2007,43.0000000000
ury,2008,43.0000000000
ury,2009,64.0000000000
ury,2010,64.0000000000
ury,2011,6.5000000000
ury,2012,6.5000000000
ury,2013,6.5000000000
ury,2014,6.5000000000
ury,2015,6.5000000000
ury,2016,6.5000000000
ury,2017,6.5000000000
ury,2018,6.5000000000
ury,2019,6.5000000000
uzb,2003,28.0000000000
uzb,2004,28.0000000000
uzb,2005,28.0000000000
uzb,2006,28.0000000000
uzb,2007,14.0000000000
uzb,2008,14.0000000000
uzb,2009,14.0000000000
uzb,2010,14.0000000000
uzb,2011,13.0000000000
uzb,2012,11.0000000000
uzb,2013,7.5000000000
uzb,2014,7.5000000000
uzb,2015,5.5000000000
uzb,2016,5.5000000000
uzb,2017,5.0000000000
uzb,2018,3.0000000000
uzb,2019,3.0000000000
vut,2003,47.0000000000
vut,2004,47.0000000000
vut,2005,47.0000000000
vut,2006,47.0000000000
vut,2007,47.0000000000
vut,2008,47.0000000000
vut,2009,47.0000000000
vut,2010,47.0000000000
vut,2011,33.0000000000
vut,2012,33.0000000000
vut,2013,35.0000000000
vut,2014,35.0000000000
vut,2015,35.0000000000
vut,2016,18.0000000000
vut,2017,18.0000000000
vut,2018,18.0000000000
vut,2019,18.0000000000
ven,2003,143.0000000000
ven,2004,143.0000000000
ven,2005,143.0000000000
ven,2006,143.0000000000
ven,2007,142.0000000000
ven,2008,141.0000000000
ven,2009,141.0000000000
ven,2010,141.0000000000
ven,2011,141.0000000000
ven,2012,144.0000000000
ven,2013,144.0000000000
ven,2014,144.0000000000
ven,2015,186.0000000000
ven,2016,230.0000000000
ven,2017,230.0000000000
ven,2018,230.0000000000
ven,2019,230.0000000000
vnm,2003,61.0000000000
vnm,2004,47.0000000000
vnm,2005,41.0000000000
vnm,2006,46.0000000000
vnm,2007,37.0000000000
vnm,2008,37.0000000000
vnm,2009,37.0000000000
vnm,2010,36.0000000000
vnm,2011,36.0000000000
vnm,2012,32.0000000000
vnm,2013,34.0000000000
vnm,2014,34.0000000000
vnm,2015,20.0000000000
vnm,2016,24.0000000000
vnm,2017,22.0000000000
vnm,2018,17.0000000000
vnm,2019,16.0000000000
pse,2004,74.5000000000
pse,2005,74.5000000000
pse,2006,74.5000000000
pse,2007,73.5000000000
pse,2008,63.5000000000
pse,2009,63.5000000000
pse,2010,63.5000000000
pse,2011,62.5000000000
pse,2012,49.5000000000
pse,2013,47.5000000000
pse,2014,43.5000000000
pse,2015,43.5000000000
pse,2016,43.5000000000
pse,2017,43.5000000000
pse,2018,43.5000000000
pse,2019,43.5000000000
yem,2003,72.5000000000
yem,2004,63.5000000000
yem,2005,63.5000000000
yem,2006,63.5000000000
yem,2007,63.5000000000
yem,2008,13.5000000000
yem,2009,12.5000000000
yem,2010,12.5000000000
yem,2011,12.5000000000
yem,2012,40.5000000000
yem,2013,40.5000000000
yem,2014,40.5000000000
yem,2015,40.5000000000
yem,2016,40.5000000000
yem,2017,40.5000000000
yem,2018,40.5000000000
yem,2019,40.5000000000
zmb,2003,36.0000000000
zmb,2004,36.0000000000
zmb,2005,36.0000000000
zmb,2006,36.0000000000
zmb,2007,34.0000000000
zmb,2008,19.0000000000
zmb,2009,19.0000000000
zmb,2010,19.0000000000
zmb,2011,19.0000000000
zmb,2012,18.5000000000
zmb,2013,8.5000000000
zmb,2014,8.5000000000
zmb,2015,8.5000000000
zmb,2016,8.5000000000
zmb,2017,8.5000000000
zmb,2018,8.5000000000
zmb,2019,8.5000000000
zwe,2003,132.0000000000
zwe,2004,94.0000000000
zwe,2005,94.0000000000
zwe,2006,94.0000000000
zwe,2007,94.0000000000
zwe,2008,94.0000000000
zwe,2009,94.0000000000
zwe,2010,87.0000000000
zwe,2011,87.0000000000
zwe,2012,87.0000000000
zwe,2013,91.0000000000
zwe,2014,91.0000000000
zwe,2015,91.0000000000
zwe,2016,91.0000000000
zwe,2017,61.0000000000
zwe,2018,32.0000000000
zwe,2019,27.0000000000
