country,year,se_prm_prs5_zs
arb,1999,89.9359510346
css,2000,86.8743830615
css,2008,89.9143994956
ear,1986,65.1574029857
ear,1987,68.7413409468
ear,1994,67.1011828012
ear,2001,71.4216102100
ear,2013,83.2696609376
ear,2015,88.5971793280
ear,2016,89.9566162094
eas,1988,82.2628851005
eas,1989,82.3468728124
eas,1990,86.1825899119
eas,1991,86.6236326388
eas,1992,87.9513814470
eas,1993,88.7266152644
eas,1994,89.7825466646
eas,1995,91.9128116591
eas,1996,92.5020288496
eap,1988,80.6841443962
eap,1989,80.8279936328
eap,1990,84.9792742993
eap,1991,85.5165318097
eap,1992,87.6371754655
eap,1993,88.4576817598
eap,1994,89.5696477198
eap,1995,91.8942693111
eap,1996,92.4836667780
tea,1988,80.6841443962
tea,1989,80.8279936328
tea,1990,84.9792742993
tea,1991,85.5165318097
tea,1992,87.6371754655
tea,1993,88.4576817598
tea,1994,89.5696477198
tea,1995,91.8942693111
tea,1996,92.4836667780
hpc,2009,62.7865887296
hpc,2011,63.7260591529
hpc,2012,67.9858349224
ibd,1994,77.7476164148
idb,2004,75.6912946136
idb,2008,75.5955788624
idb,2009,67.6563128650
idx,2009,63.8265327185
ida,2008,68.4921508569
ida,2009,65.1933981529
lte,1988,79.9451970890
lte,1989,80.6180610955
lte,1990,84.5372293040
lte,1991,85.7348253059
lte,1992,87.4292205756
lte,1993,87.4496802805
lte,1994,89.5721575387
lte,1995,91.1916879394
ldc,2008,62.3276527511
ldc,2009,62.8573549903
lmc,2001,69.4199215921
lmc,2013,82.3943372298
mea,1986,87.0512331881
mea,2000,95.0448264243
mea,2001,91.3638879589
mea,2002,90.2383267217
mna,1986,86.9755950498
mna,1999,89.8446874791
mna,2000,95.0225515748
mna,2001,91.0900486763
mna,2002,89.9522387554
mna,2009,95.3272439964
mna,2016,96.9342160159
tmn,1986,86.9755950498
tmn,1999,89.8446874791
tmn,2000,95.0225515748
tmn,2001,91.0900486763
tmn,2002,89.9522387554
tmn,2009,95.3272439964
tmn,2016,96.9342160159
oss,1999,84.5631144619
oss,2005,85.6045936673
oss,2012,87.0412717728
pss,1983,88.7350771773
pss,2011,86.2856134953
pss,2015,90.3777070787
pre,2009,68.0201486934
sst,2000,85.3905293759
sst,2012,87.6772172465
sas,1973,38.8616828408
sas,1986,53.4716903220
sas,1987,61.9547195435
sas,1994,58.6283416748
sas,1999,61.9855826745
sas,2000,59.0274137566
sas,2001,61.8480657534
sas,2013,81.2753083296
sas,2014,92.8292046932
sas,2015,88.0179737105
sas,2016,87.5787347011
tsa,1973,38.8616828408
tsa,1986,53.4716903220
tsa,1987,61.9547195435
tsa,1994,58.6283416748
tsa,1999,61.9855826745
tsa,2000,59.0274137566
tsa,2001,61.8480657534
tsa,2013,81.2753083296
tsa,2014,92.8292046932
tsa,2015,88.0179737105
tsa,2016,87.5787347011
ssf,2008,69.5944775161
ssf,2009,64.4651831861
ssa,2008,69.5924692194
ssa,2009,64.4629679470
tss,2008,69.5944775161
tss,2009,64.4651831861
umc,1988,81.1153303009
umc,1989,81.3787553390
umc,1990,84.7724358175
umc,1991,86.1283902959
umc,1992,87.1210715787
umc,1993,86.7909065915
umc,1994,89.3694505671
afg,1973,64.3061294556
afg,1976,72.7545700073
afg,1977,77.9123916626
afg,1980,61.6882591248
afg,1984,81.9531173706
alb,1995,18.9338397980
alb,2008,92.1695327759
alb,2009,95.2287063599
alb,2010,97.8643569946
alb,2011,98.7833709717
alb,2012,98.6670379639
alb,2013,98.7125320435
alb,2014,95.7201309204
alb,2015,88.8438262939
alb,2016,93.1785430908
dza,1972,89.5271682739
dza,1973,88.1494674683
dza,1974,85.4274978638
dza,1975,87.6332626343
dza,1976,85.4916534424
dza,1977,86.1121597290
dza,1978,86.5420532227
dza,1979,87.9608764648
dza,1980,86.6409988403
dza,1981,87.7682189941
dza,1982,90.2914199829
dza,1983,91.2086486816
dza,1984,93.6484832764
dza,1985,95.5056610107
dza,1986,93.5666809082
dza,1987,93.7593307495
dza,1988,91.9822616577
dza,1989,93.4636764526
dza,1990,94.1977996826
dza,1991,93.9550933838
dza,1992,92.4468688965
dza,1993,93.3025970459
dza,1994,92.1580276489
dza,1995,94.3864898682
dza,1996,94.1186981201
dza,1998,95.0359115601
dza,1999,95.0019073486
dza,2000,97.0923080444
dza,2001,95.9850463867
dza,2002,96.9697189331
dza,2003,96.1852493286
dza,2004,95.6074829102
dza,2005,95.1732406616
dza,2006,95.9814910889
dza,2007,95.9086303711
dza,2009,95.0389709473
dza,2010,94.5525588989
dza,2011,92.7675170898
dza,2012,96.2097930908
dza,2013,93.4130020142
dza,2014,93.8004531860
dza,2015,93.5985107422
dza,2016,94.8499526978
and,2006,97.7819595337
and,2007,95.8364334106
and,2008,94.7837066650
and,2009,94.3299331665
and,2010,91.6359405518
and,2011,93.9323883057
and,2012,95.0249710083
and,2013,98.1642227173
and,2014,97.2496719360
and,2016,98.7967224121
ago,2008,40.1021499634
ago,2009,44.7980918884
atg,2007,93.5380020142
atg,2014,89.8209609985
arg,1970,75.2336196899
arg,1973,77.5387802124
arg,1974,72.6144409180
arg,1975,75.8264312744
arg,1996,70.1163864136
arg,1998,90.4637069702
arg,1999,96.2877807617
arg,2000,92.9591522217
arg,2001,92.1087570190
arg,2002,84.2322235107
arg,2003,96.3128890991
arg,2004,89.6829605103
arg,2005,95.9879302979
arg,2006,96.3018188477
arg,2007,98.1681365967
arg,2008,95.3454208374
arg,2009,96.5689086914
arg,2010,94.8981628418
arg,2011,97.3665618896
arg,2012,95.9745483398
arg,2013,97.1126403809
arg,2014,96.3750915527
arg,2015,98.2601165771
abw,1999,96.7097778320
abw,2000,95.9051818848
abw,2001,95.3323211670
abw,2002,94.8461303711
abw,2003,94.9200897217
abw,2004,93.9965820312
abw,2005,94.9393310547
abw,2006,94.3852996826
abw,2007,88.1978912354
abw,2008,93.0412292480
abw,2009,93.4448394775
abw,2013,96.0028076172
bhs,1993,77.7187194824
bhs,2005,85.0488281250
bhs,2006,93.8678283691
bhs,2007,92.3151321411
bhs,2008,82.7701492310
bhs,2009,91.3616561890
bhr,1981,88.9481964111
bhr,1982,87.8607864380
bhr,1984,81.2930603027
bhr,1985,89.3352432251
bhr,1986,86.5168609619
bhr,1987,90.9894332886
bhr,1988,97.1101684570
bhr,1991,89.2438430786
bhr,1992,98.5536499023
bhr,1993,98.3137969971
bhr,1994,98.2859115601
bhr,1995,91.1473464966
bhr,1997,97.0604629517
bhr,1998,98.6255874634
bhr,1999,95.6272430420
bhr,2000,98.0515899658
bhr,2001,98.6700210571
bhr,2003,99.1484222412
bhr,2004,98.3633499146
bhr,2011,97.9494018555
bhr,2015,98.6984786987
bhr,2016,97.3277587891
bgd,1976,21.0300407410
bgd,1980,20.5040206909
bgd,1988,46.6778488159
bgd,2008,66.6008605957
bgd,2009,66.2009582520
brb,1999,91.8206329346
brb,2000,95.5613403320
brb,2001,94.4944686890
brb,2002,96.0822296143
brb,2003,96.2938919067
brb,2004,97.4918823242
brb,2005,93.3095626831
brb,2006,92.7071380615
brb,2007,93.5848464966
brb,2008,92.1787109375
brb,2009,93.3313064575
brb,2010,94.4611892700
blr,1971,99.3419418335
blr,1972,99.2969131470
blr,1973,99.6115112305
blr,1974,99.0870666504
blr,1975,99.3369827271
blr,1976,99.2807998657
blr,1977,99.5254135132
blr,1978,99.2627105713
blr,1979,96.3053512573
blr,1980,89.3900527954
blr,1981,82.0006484985
blr,1982,76.9851608276
blr,1983,72.8773574829
blr,1984,69.2987518311
blr,1985,66.0568695068
blr,1988,98.4464797974
blr,1989,45.7444305420
bel,1974,73.0680618286
bel,1975,70.7268676758
bel,1976,74.7131576538
bel,1977,69.8264389038
bel,1978,72.9699935913
bel,1979,75.2958526611
bel,1980,76.2819595337
bel,1981,76.0673675537
bel,1982,68.1228408813
bel,1983,70.0563278198
bel,1984,75.1000137329
bel,1985,79.7926483154
bel,1986,80.9517364502
bel,1987,80.7905120850
bel,2005,96.4186782837
bel,2006,96.2592086792
bel,2007,91.2393722534
bel,2008,96.5216522217
bel,2009,98.9410705566
bel,2012,99.1104125977
bel,2013,95.7179565430
bel,2014,96.6534729004
bel,2015,98.0694427490
blz,1991,67.4140777588
blz,1994,70.4300994873
blz,1995,70.0554428101
blz,1999,76.0945205688
blz,2000,84.5291900635
blz,2005,91.0416030884
blz,2006,87.3378677368
blz,2007,92.6937103271
blz,2008,95.5822067261
blz,2009,91.1053237915
blz,2010,91.9557800293
blz,2012,93.5623779297
blz,2013,96.4191818237
blz,2014,99.1287078857
blz,2016,94.7656021118
ben,1971,66.2931365967
ben,1972,61.8971214294
ben,1973,47.7533607483
ben,1974,67.1170883179
ben,1975,60.5713806152
ben,1976,51.6794509888
ben,1977,53.3179817200
ben,1978,60.1476097107
ben,1979,58.9100418091
ben,1980,55.0541305542
ben,1982,59.4276313782
ben,1983,39.7782211304
ben,1984,55.1081504822
ben,1985,43.6122283936
ben,1986,50.1180000305
ben,1987,42.0429496765
ben,1988,46.8131294250
ben,1989,14.1700000763
ben,1990,67.1125717163
ben,1991,55.0709495544
ben,1992,67.3001098633
ben,1993,55.3737106323
ben,1994,64.7895431519
ben,1995,60.9391288757
ben,1996,66.3604507446
ben,1997,64.6226119995
ben,2000,84.1647720337
ben,2001,72.0334167480
ben,2002,68.4756393433
ben,2003,69.8001708984
ben,2009,60.4158592224
ben,2010,62.9836082458
ben,2011,67.5265274048
ben,2012,61.1456909180
ben,2013,62.7007904053
ben,2014,66.8319931030
ben,2015,57.5923881531
bmu,2001,89.0748825073
bmu,2002,96.4424667358
bmu,2003,93.4108810425
bmu,2004,93.0957031250
bmu,2005,87.4952316284
bmu,2010,90.1345520020
bmu,2011,86.8992462158
bmu,2012,81.3729629517
btn,1976,18.3920192719
btn,1977,13.9672203064
btn,1978,30.1299495697
btn,1993,82.1071624756
btn,1997,86.2298812866
btn,1998,87.4827194214
btn,1999,90.4521636963
btn,2000,91.0735015869
btn,2003,93.2286911011
btn,2004,94.3590927124
btn,2005,93.1153793335
btn,2006,95.3572769165
btn,2007,92.4051971436
btn,2008,95.5038604736
btn,2009,93.1613693237
btn,2010,95.5386886597
btn,2011,97.3910064697
btn,2012,87.3669204712
btn,2016,94.8104934692
bol,2010,90.0785522461
bol,2011,92.8280181885
bol,2012,98.0048904419
bol,2013,96.4242019653
bol,2014,97.7491378784
bol,2015,97.0925903320
bol,2016,96.1928100586
bih,2009,73.2280120850
bih,2010,80.5639114380
bih,2011,83.3074035645
bih,2012,82.7721481323
bih,2013,86.5172195435
bih,2014,97.0373382568
bih,2015,95.5952529907
bih,2016,98.3573913574
bwa,1970,64.0363082886
bwa,1973,90.8787689209
bwa,1974,90.1463699341
bwa,1975,88.0867691040
bwa,1976,90.6235504150
bwa,1977,84.5873031616
bwa,1978,88.6643676758
bwa,1979,94.9684219360
bwa,1980,82.3773117065
bwa,1981,86.3960266113
bwa,1982,89.0996932983
bwa,1983,87.1612396240
bwa,1984,91.4446487427
bwa,1985,89.6375808716
bwa,1986,91.9829711914
bwa,1987,89.8316802979
bwa,1989,86.2313003540
bwa,1990,94.2224578857
bwa,1991,84.0339736938
bwa,1992,89.1864471436
bwa,1993,88.7150421143
bwa,1994,86.8016891479
bwa,1995,89.9220962524
bwa,1998,87.5558624268
bwa,1999,86.6023712158
bwa,2000,89.0275192261
bwa,2001,88.2512512207
bwa,2002,89.3514709473
bwa,2003,90.1663208008
bwa,2004,89.6708984375
bwa,2005,89.0558700562
bwa,2006,78.8461074829
bwa,2007,79.6043319702
bwa,2008,96.5928726196
bwa,2012,96.3005065918
vgb,2009,74.0824813843
vgb,2010,70.2957763672
brn,1975,79.2455978394
brn,1983,85.7635269165
brn,1993,95.2700271606
brn,1994,95.0605163574
brn,1998,94.4975891113
brn,2003,97.6829910278
brn,2004,98.2617111206
brn,2005,98.0251464844
brn,2006,98.0348663330
brn,2007,97.6185226440
brn,2008,98.3414230347
brn,2009,98.0682907104
brn,2010,98.8421020508
brn,2011,98.6325988770
brn,2016,96.2943191528
bfa,1971,56.4164199829
bfa,1972,52.7095794678
bfa,1973,57.4925117493
bfa,1974,62.7235908508
bfa,1975,63.2878608704
bfa,1976,64.0131072998
bfa,1977,63.7168502808
bfa,1978,65.2816162109
bfa,1979,67.8714523315
bfa,1980,67.8271331787
bfa,1981,75.4741134644
bfa,1982,72.1810302734
bfa,1983,73.7590103149
bfa,1984,73.4712066650
bfa,1986,75.2147903442
bfa,1987,72.0602264404
bfa,1988,70.8646926880
bfa,1989,69.9095230103
bfa,1990,75.5052185059
bfa,1991,69.7398376465
bfa,1994,78.6580429077
bfa,1998,66.7059707642
bfa,1999,68.3004074097
bfa,2000,69.1350708008
bfa,2001,65.3874969482
bfa,2002,73.1596221924
bfa,2003,75.8537368774
bfa,2004,75.5116729736
bfa,2005,72.4899597168
bfa,2006,80.5784835815
bfa,2007,79.6104507446
bfa,2008,82.2269821167
bfa,2009,75.0886917114
bfa,2011,80.3058700562
bfa,2012,80.7140579224
bfa,2013,79.0508575439
bfa,2014,78.5538101196
bfa,2015,80.4525222778
bfa,2016,77.0408782959
bdi,1972,15.5871295929
bdi,1973,50.4749908447
bdi,1974,67.1288986206
bdi,1975,58.8743095398
bdi,1976,56.8578109741
bdi,1977,80.5891113281
bdi,1978,61.1940116882
bdi,1979,76.4647064209
bdi,1980,81.2810516357
bdi,1982,85.3992462158
bdi,1983,84.6364974976
bdi,1984,83.3587265015
bdi,1986,86.2989501953
bdi,1987,84.0232086182
bdi,1988,68.3395614624
bdi,1989,69.8123397827
bdi,1990,76.1068572998
bdi,1991,61.8216094971
bdi,1992,73.4262084961
bdi,2000,58.8123817444
bdi,2001,64.7607879639
bdi,2002,68.3241424561
bdi,2003,64.2331237793
bdi,2004,68.5536422729
bdi,2006,68.9918975830
bdi,2007,64.6818618774
bdi,2008,72.5826110840
bdi,2009,62.3465690613
bdi,2010,58.9939308167
bdi,2011,53.5934600830
bdi,2012,59.3095588684
bdi,2013,64.3993606567
bdi,2014,58.7014503479
bdi,2015,56.3357582092
bdi,2016,53.8098716736
cpv,1978,18.0935897827
cpv,1979,24.5845298767
cpv,1980,27.8466396332
cpv,1981,25.1966495514
cpv,1982,26.9030399323
cpv,1984,37.7397804260
cpv,1985,51.3760910034
cpv,1986,50.7410888672
cpv,1987,53.8162918091
cpv,1989,60.1907501221
cpv,2001,91.7945327759
cpv,2002,87.1541595459
cpv,2003,90.9426879883
cpv,2004,89.6424179077
cpv,2005,90.4645767212
cpv,2006,89.6939086914
cpv,2007,89.6685028076
cpv,2008,87.8881988525
cpv,2009,88.3752365112
cpv,2010,92.1483612061
cpv,2012,93.6190338135
cpv,2013,92.7593536377
cpv,2014,91.8830566406
cpv,2015,92.6949310303
khm,1994,49.8416404724
khm,1997,49.1101799011
khm,1998,52.4974594116
khm,2000,62.9919395447
khm,2001,70.3734664917
khm,2002,60.9162788391
khm,2003,59.6997604370
khm,2004,63.1412582397
khm,2005,62.1972885132
khm,2006,62.1823501587
khm,2007,62.1018486023
khm,2010,68.6533584595
khm,2011,72.6500015259
khm,2012,69.8581619263
khm,2015,79.4693679810
khm,2016,80.8082885742
cmr,1972,59.2741317749
cmr,1973,61.4856300354
cmr,1974,67.2201538086
cmr,1975,63.1695404053
cmr,1976,57.3616485596
cmr,1977,65.6960067749
cmr,1978,66.1661529541
cmr,1979,66.8860778809
cmr,1980,72.2730331421
cmr,1981,69.9894638062
cmr,1982,74.4668884277
cmr,1983,62.9346389771
cmr,1984,73.7719421387
cmr,1985,72.7166366577
cmr,1986,76.8849563599
cmr,1987,73.9865188599
cmr,1990,66.7303237915
cmr,1999,77.7906188965
cmr,2006,81.7702865601
cmr,2007,62.9556007385
cmr,2008,77.9723281860
cmr,2009,76.2907485962
cmr,2010,68.3940887451
cmr,2011,78.6855926514
cmr,2014,79.1887130737
cmr,2015,71.2656707764
cmr,2016,54.9689102173
can,1998,97.6867523193
can,1999,98.8963394165
cym,1999,70.2761383057
cym,2000,93.2469024658
cym,2004,77.8424682617
cym,2012,80.7985382080
caf,1971,35.8671798706
caf,1972,51.2682113647
caf,1973,46.8245315552
caf,1975,56.9602890015
caf,1976,57.3551101685
caf,1977,50.1754913330
caf,1980,44.0637283325
caf,1981,58.8499984741
caf,1982,55.4916801453
caf,1985,50.3860397339
caf,1986,26.2865104675
caf,1987,67.0206222534
caf,1988,60.5131988525
caf,1990,36.0852584839
caf,1991,24.1340293884
caf,2008,53.5921897888
caf,2009,56.2672080994
caf,2010,54.9530906677
caf,2011,56.6995201111
tcd,1976,33.9501991272
tcd,1988,35.4166107178
tcd,1990,50.0236816406
tcd,1994,28.8922100067
tcd,1995,41.3966407776
tcd,1996,60.2941398621
tcd,1998,51.8968200684
tcd,1999,55.8869285583
tcd,2000,54.8502998352
tcd,2001,61.5424003601
tcd,2002,53.5207214355
tcd,2004,33.4056205750
tcd,2005,37.9500503540
tcd,2009,36.5061683655
tcd,2010,56.7333908081
tcd,2011,46.5786895752
tcd,2012,56.6132202148
tcd,2015,35.8034515381
chl,1970,81.6488037109
chl,1971,74.1570968628
chl,1972,76.1498184204
chl,1973,75.9608688354
chl,1974,74.1107482910
chl,1975,73.9653625488
chl,1976,78.5622329712
chl,1982,94.8299484253
chl,1996,98.7617416382
chl,2010,98.1455001831
chl,2011,98.7274017334
chl,2013,99.6369323730
chl,2014,99.6204986572
chl,2015,99.6203994751
chl,2016,99.6420288086
chn,1988,80.0233306885
chn,1989,80.6173782349
chn,1990,85.0645370483
chn,1991,86.0028991699
chn,1992,88.0308380127
chn,1993,88.0560226440
chn,1994,90.6457901001
chn,1995,92.1500930786
chn,1996,93.5709381104
col,1970,40.1925315857
col,1971,36.6148490906
col,1972,41.3356208801
col,1973,37.1248893738
col,1981,37.1315193176
col,1982,54.6408500671
col,1983,55.0167312622
col,1984,55.0673217773
col,1985,55.8348083496
col,1986,60.6902198792
col,1987,56.0439414978
col,1988,55.9797782898
col,1989,52.1793098450
col,1990,55.2706108093
col,1991,71.9673309326
col,1992,59.0684509277
col,1993,62.8491516113
col,1994,57.7075881958
col,1995,71.5123367310
col,1998,63.4347305298
col,1999,66.5694274902
col,2000,60.9313507080
col,2001,69.4060363770
col,2004,80.8726272583
col,2005,80.8321075439
col,2006,85.2229080200
col,2007,84.7212219238
col,2009,84.5323867798
col,2010,87.3609619141
col,2011,84.7118911743
col,2012,71.9665069580
col,2013,83.4970397949
col,2014,88.2582092285
col,2015,89.9809494019
col,2016,91.6786270142
com,1986,38.9704895020
com,1992,46.2966194153
com,1993,80.5008621216
com,1998,48.7288894653
com,2003,61.4559288025
com,2013,74.6165771484
cod,1971,45.8802909851
cod,1975,57.4623718262
cod,1976,58.8163299561
cod,1977,65.4202728271
cod,1979,55.0055999756
cod,1980,54.7343482971
cod,1981,54.3939094543
cod,1982,54.0257682800
cod,1987,68.3394927979
cod,1991,54.7015113831
cod,1992,63.6715087891
cod,1993,63.4944686890
cod,2007,77.6392211914
cod,2009,59.9610290527
cod,2010,59.8007812500
cod,2011,73.6565017700
cod,2012,60.9860000610
cod,2014,54.6869697571
cog,1971,76.7365798950
cog,1972,79.0307312012
cog,1973,81.7814102173
cog,1974,74.0700378418
cog,1975,78.6371078491
cog,1976,77.0849227905
cog,1977,77.5966033936
cog,1978,75.5660018921
cog,1980,75.4680023193
cog,1983,81.4757003784
cog,1984,81.3044281006
cog,1986,76.1005172729
cog,1989,67.7928924561
cog,1991,62.9915390015
cog,1993,65.7915191650
cog,1995,55.0301589966
cog,2002,67.7386169434
cog,2007,76.9257812500
cri,1970,77.2423934937
cri,1971,76.4892883301
cri,1972,79.2315216064
cri,1973,73.9886169434
cri,1974,65.6657028198
cri,1975,81.3074722290
cri,1976,76.3744201660
cri,1977,78.0606994629
cri,1978,80.5109786987
cri,1979,74.8752899170
cri,1980,79.7956237793
cri,1981,76.5429611206
cri,1982,83.8683090210
cri,1983,84.5615386963
cri,1984,81.3418884277
cri,1985,85.6120071411
cri,1986,81.3828964233
cri,1987,83.6752166748
cri,1988,82.7163772583
cri,1989,84.5418930054
cri,1990,82.4059066772
cri,1991,84.1656036377
cri,1992,85.3848495483
cri,1993,87.9551696777
cri,1994,88.6229019165
cri,1995,87.6341018677
cri,1999,91.4986801147
cri,2000,93.6892623901
cri,2001,91.5964889526
cri,2004,86.6028594971
cri,2005,93.7664566040
cri,2006,87.6257629395
cri,2007,95.7417907715
cri,2008,95.6619873047
cri,2009,91.1766281128
cri,2010,92.8815536499
cri,2011,91.0285797119
cri,2012,89.8810424805
cri,2013,91.8123626709
cri,2014,94.7684402466
cri,2015,95.2351837158
civ,1972,86.2265014648
civ,1973,82.1871719360
civ,1974,85.0470581055
civ,1975,79.4280471802
civ,1976,93.7642822266
civ,1977,92.3122100830
civ,1978,93.1385421753
civ,1979,88.9932937622
civ,1980,89.4426498413
civ,1981,83.3254394531
civ,1982,82.7889099121
civ,1983,74.5695190430
civ,1984,70.8415908813
civ,1985,72.9800796509
civ,1986,74.7750778198
civ,1987,76.9220886230
civ,1988,80.3813400269
civ,1989,75.0258026123
civ,1990,67.7081375122
civ,1991,72.9793319702
civ,1992,61.3695907593
civ,1993,84.0097198486
civ,1994,74.2682800293
civ,1995,72.6622924805
civ,1996,71.8802871704
civ,1997,69.8198699951
civ,1998,83.0844268799
civ,1999,69.2493209839
civ,2000,88.9145431519
civ,2006,78.5929107666
civ,2008,66.0550231934
civ,2011,84.8147201538
civ,2012,78.3567428589
civ,2013,76.2742233276
civ,2014,83.8606719971
civ,2015,83.5438766479
civ,2016,75.1137008667
cub,1971,71.6339187622
cub,1972,85.2393112183
cub,1973,84.5203170776
cub,1974,87.4612121582
cub,1975,87.5038299561
cub,1976,87.6916885376
cub,1977,86.8861999512
cub,1980,87.1469497681
cub,1981,88.8629379272
cub,1982,90.1907196045
cub,1983,91.6368408203
cub,1984,92.6231613159
cub,1985,92.5876235962
cub,1986,94.0180435181
cub,1987,92.9268722534
cub,1988,91.0349578857
cub,1989,89.7929229736
cub,1990,90.3265075684
cub,1991,91.5756072998
cub,1992,94.0229873657
cub,1993,94.9275207520
cub,1994,93.7231521606
cub,1998,77.7079925537
cub,1999,95.6468276978
cub,2000,96.6699218750
cub,2001,97.3898010254
cub,2002,97.2356109619
cub,2003,96.9423675537
cub,2004,96.9366836548
cub,2005,97.0006332397
cub,2006,96.8172302246
cub,2007,96.4706115723
cub,2008,95.9206008911
cub,2009,96.5976562500
cub,2010,95.9193496704
cub,2011,96.5003890991
cub,2012,96.6864471436
cub,2013,96.6695404053
cub,2014,95.9751968384
cub,2015,96.2500076294
cub,2016,96.3048706055
cyp,1971,97.1065902710
cyp,1972,98.7077026367
cyp,1973,97.6333923340
cyp,1974,70.4731674194
cyp,1975,94.9616622925
cyp,1976,98.4719696045
cyp,1977,99.2339401245
cyp,1978,99.1618881226
cyp,1979,98.7603530884
cyp,1980,98.8915328979
cyp,1981,98.5121536255
cyp,1982,99.4705963135
cyp,1983,98.8335494995
cyp,1984,98.8252487183
cyp,1985,99.1708221436
cyp,1986,98.6145172119
cyp,1987,99.2065582275
cyp,1988,99.2368469238
cyp,1989,99.1254501343
cyp,1990,98.4200897217
cyp,1991,99.5043487549
cyp,1992,99.0509262085
cyp,1993,99.0276718140
cyp,1994,99.4326400757
cyp,1999,95.0104370117
cyp,2000,99.0717163086
cyp,2001,98.2016830444
cyp,2002,98.0032424927
cyp,2003,99.1590499878
cyp,2004,98.6382369995
cyp,2005,98.7373504639
cyp,2006,98.8828811646
cyp,2007,95.3712921143
cyp,2012,95.0144424438
cyp,2013,92.2026672363
cyp,2014,97.9340209961
cze,1999,98.3124694824
cze,2000,98.5490417480
cze,2001,98.7488403320
cze,2002,97.6841888428
cze,2003,98.4122314453
cze,2004,98.4152908325
cze,2005,99.3717727661
cze,2006,98.2241287231
cze,2007,98.8297195435
cze,2008,99.5840301514
cze,2009,98.7806472778
cze,2010,99.1760101318
cze,2011,99.2513885498
cze,2012,99.2305603027
cze,2013,99.2887191772
cze,2014,99.4510421753
cze,2015,99.5149383545
dnk,1971,96.3161163330
dnk,1972,96.7421417236
dnk,1973,97.6854629517
dnk,1974,97.0400924683
dnk,1975,99.5342407227
dnk,1976,92.7251586914
dnk,1977,98.8756408691
dnk,1978,98.1267318726
dnk,1980,99.7313385010
dnk,1981,99.1031723022
dnk,1982,98.8180236816
dnk,1983,99.1426010132
dnk,1984,98.8291320801
dnk,1985,98.6016921997
dnk,1986,99.2918395996
dnk,1987,99.1457824707
dnk,1988,99.0001296997
dnk,1989,98.6695175171
dnk,1990,99.2268524170
dnk,1991,94.2072677612
dnk,1992,99.8686981201
dnk,1998,99.8365478516
dnk,1999,99.8934478760
dnk,2000,99.9323577881
dnk,2004,92.4764328003
dnk,2005,99.7546615601
dnk,2007,98.6549530029
dnk,2008,99.6617279053
dnk,2009,99.2833023071
dnk,2012,99.4903564453
dnk,2013,99.6596908569
dnk,2014,99.9285736084
dji,1974,81.3853912354
dji,1975,49.2248115540
dji,1986,91.5942077637
dji,1987,92.8424835205
dji,1988,88.5506286621
dji,1989,96.9697189331
dji,1990,80.2826232910
dji,1991,87.3029708862
dji,1992,54.8765907288
dji,1994,94.3127517700
dji,1995,81.9515228271
dji,1996,79.0357513428
dji,1999,76.7127990723
dji,2005,89.8737564087
dji,2012,75.8632812500
dji,2013,84.4022979736
dma,1999,85.4539031982
dma,2000,86.2389068604
dma,2001,85.4195175171
dma,2002,83.6509628296
dma,2003,83.5593032837
dma,2004,92.2760314941
dma,2005,89.1652603149
dma,2006,89.3319931030
dma,2007,92.2759094238
dma,2008,89.7429199219
dma,2009,89.8677978516
dma,2010,93.7650070190
dma,2011,89.7380599976
dma,2012,93.9019165039
dma,2013,89.6745834351
dma,2014,83.6187973022
dma,2015,77.9956893921
dom,1993,50.4361915588
dom,1998,72.1865234375
dom,1999,75.0903625488
dom,2003,57.0121994019
dom,2005,68.4517288208
dom,2009,79.7528610229
dom,2011,83.5635528564
dom,2012,94.8122787476
dom,2013,82.8376770020
dom,2014,96.3819122314
dom,2015,87.3734436035
dom,2016,83.9355468750
ecu,1971,51.0665817261
ecu,1972,53.7239418030
ecu,1973,58.7811203003
ecu,1974,54.6327514648
ecu,1975,59.6319694519
ecu,1976,59.3016700745
ecu,1977,60.9744110107
ecu,1978,71.6849975586
ecu,1979,62.9381217957
ecu,1980,70.6427917480
ecu,1981,67.2307205200
ecu,1982,65.9933166504
ecu,1983,70.0368423462
ecu,1984,60.9133682251
ecu,1987,67.0320587158
ecu,1993,40.2949409485
ecu,1994,76.6355972290
ecu,1995,77.6642837524
ecu,1996,85.2450637817
ecu,1998,77.6038970947
ecu,1999,77.0131378174
ecu,2000,77.8499374390
ecu,2001,78.0232315063
ecu,2002,74.4096908569
ecu,2003,76.2689437866
ecu,2004,76.3288421631
ecu,2005,77.2888870239
ecu,2006,81.7008972168
ecu,2008,94.7620773315
ecu,2009,91.7784423828
ecu,2010,95.1434326172
ecu,2011,87.2359085083
ecu,2012,94.1747207642
ecu,2014,84.6728515625
ecu,2015,92.5515289307
egy,1975,84.9590072632
egy,1976,85.5172195435
egy,1977,67.4861984253
egy,1986,97.3619918823
egy,1999,99.1244964600
egy,2000,98.9977188110
egy,2001,94.9990081787
egy,2002,96.0857086182
egy,2003,98.6022720337
egy,2004,93.5188674927
egy,2005,94.3657684326
egy,2006,94.3875122070
egy,2009,97.2372894287
egy,2016,97.3792495728
slv,1970,35.6431617737
slv,1971,37.6706314087
slv,1972,51.8464584351
slv,1973,42.1900291443
slv,1974,42.8582115173
slv,1975,43.5337600708
slv,1976,41.9072608948
slv,1980,16.9322490692
slv,1981,65.4173965454
slv,1982,47.1811714172
slv,1983,49.4880790710
slv,1987,50.8339691162
slv,1988,44.4667701721
slv,1991,58.0216712952
slv,1992,58.3213882446
slv,1995,76.6529998779
slv,2000,67.0335006714
slv,2001,68.8801498413
slv,2002,74.4727172852
slv,2005,72.0872192383
slv,2006,73.6630706787
slv,2007,79.7853622437
slv,2008,80.2475967407
slv,2009,89.3638000488
slv,2010,87.3174514771
slv,2011,87.0142211914
slv,2012,87.3637924194
slv,2013,85.9973068237
slv,2014,82.5175170898
slv,2015,82.5127029419
slv,2016,78.8279037476
gnq,2008,60.9446105957
gnq,2009,69.6267318726
gnq,2010,66.4421920776
gnq,2011,76.0173492432
eri,1993,82.6539382935
eri,1994,78.8741531372
eri,1995,78.5844268799
eri,1996,70.5146179199
eri,1999,93.8747100830
eri,2000,60.5433082581
eri,2001,81.5932922363
eri,2002,86.1698226929
eri,2003,80.8531799316
eri,2004,79.2180023193
eri,2005,73.7033996582
eri,2006,59.9699592590
eri,2007,73.3388519287
eri,2008,73.1326217651
eri,2009,69.0192184448
eri,2010,92.9847869873
eri,2011,84.7513275146
eri,2012,77.6005477905
eri,2014,73.0771789551
est,1995,96.4334716797
est,1998,98.3658676147
est,1999,99.0121307373
est,2000,98.9138488770
est,2001,98.5364913940
est,2002,98.0050430298
est,2003,98.5748214722
est,2004,98.7400894165
est,2005,96.8584136963
est,2006,98.1196670532
est,2007,98.3649520874
est,2008,98.8284988403
est,2009,97.6467666626
est,2010,97.8457794189
est,2011,97.5151519775
est,2012,97.2686004639
est,2013,97.9843063354
est,2014,98.2832870483
est,2015,99.2760620117
swz,1970,66.1316070557
swz,1971,76.9665603638
swz,1972,76.9896087646
swz,1973,77.6766967773
swz,1974,74.2119827271
swz,1975,72.2899398804
swz,1976,75.0445098877
swz,1977,73.2203521729
swz,1978,74.2361526489
swz,1979,75.8375320435
swz,1980,78.8572692871
swz,1981,72.2435226440
swz,1982,74.2817687988
swz,1983,76.6294708252
swz,1984,77.5929565430
swz,1985,73.9931488037
swz,1986,81.3701782227
swz,1987,76.7755279541
swz,1988,77.3543624878
swz,1989,79.2267532349
swz,1990,76.1976089478
swz,1991,77.1509323120
swz,1992,76.9046096802
swz,1993,78.7218093872
swz,1994,86.6902999878
swz,1995,74.4194488525
swz,1996,75.7793884277
swz,1997,80.5238189697
swz,1998,84.0305709839
swz,1999,80.0477294922
swz,2000,73.9839477539
swz,2001,73.3043365479
swz,2002,76.8787918091
swz,2004,84.2522430420
swz,2005,93.9732131958
swz,2006,80.3304595947
swz,2009,96.2251205444
swz,2010,82.3839187622
swz,2011,84.6769027710
swz,2012,89.3381271362
swz,2013,93.9266204834
swz,2014,93.8369293213
swz,2015,94.3931274414
eth,1981,50.0995712280
eth,1986,52.3950691223
eth,1987,46.3258094788
eth,1988,31.0988197327
eth,1993,58.1259689331
eth,1994,51.1006202698
eth,1995,55.2601089478
eth,1998,49.0251083374
eth,1999,56.4968109131
eth,2000,64.6218566895
eth,2001,60.4447212219
eth,2002,56.0096015930
eth,2003,53.6400985718
eth,2004,68.7515335083
eth,2005,65.5521697998
eth,2006,64.3769912720
eth,2007,50.8443908691
eth,2008,45.6620101929
eth,2009,43.4441909790
eth,2010,48.6313400269
eth,2011,44.1235389709
eth,2014,44.1405410767
fji,1971,92.0639495850
fji,1972,93.7010879517
fji,1973,93.8705902100
fji,1975,92.9000930786
fji,1976,94.7485961914
fji,1977,96.5807418823
fji,1978,95.0769805908
fji,1979,92.3478698730
fji,1980,93.3341217041
fji,1983,93.2827606201
fji,1984,93.6935272217
fji,1985,93.9764328003
fji,1991,85.6088485718
fji,1994,88.4365081787
fji,1995,85.3614730835
fji,1996,92.5249099731
fji,1997,91.5598220825
fji,1998,91.3866119385
fji,1999,87.4327011108
fji,2000,89.8139495850
fji,2001,87.3818511963
fji,2003,95.9973526001
fji,2007,91.8505630493
fji,2008,94.2862167358
fji,2011,97.0811767578
fji,2012,98.3807983398
fji,2015,92.4998397827
fin,1986,97.4489898682
fin,1987,96.5757522583
fin,1988,96.7538299561
fin,1989,99.1687469482
fin,1990,99.4947967529
fin,1991,99.7033233643
fin,1992,99.4668807983
fin,1993,99.5241775513
fin,1994,99.5499191284
fin,1995,99.4342498779
fin,1996,99.8087997437
fin,1997,99.4787216187
fin,1998,99.5579986572
fin,1999,99.4876480103
fin,2000,99.3630294800
fin,2001,99.5252532959
fin,2002,99.8627624512
fin,2003,99.7970809937
fin,2004,99.4775772095
fin,2005,99.4289169312
fin,2006,99.7178115845
fin,2007,99.6904907227
fin,2008,99.6887207031
fin,2009,99.7279891968
fin,2010,99.6796035767
fin,2011,99.6913299561
fin,2012,99.4886016846
fin,2013,99.6795425415
fin,2014,99.8567428589
fin,2015,99.7999420166
fra,1971,86.9061889648
fra,1974,87.5566406250
fra,1975,88.8377685547
fra,1976,90.5382308960
fra,1977,94.6801300049
fra,1978,94.9125671387
fra,1979,94.4887771606
fra,1985,99.5000000000
fra,1986,94.9095306396
fra,1987,94.6691207886
fra,1988,95.1795501709
fra,1989,96.4555664062
fra,1990,96.6000518799
fra,1991,96.3792266846
fra,1999,97.9584808350
pyf,1974,63.4855613708
pyf,1982,78.0308227539
gab,1971,56.2594299316
gab,1972,57.6979293823
gab,1974,69.4884033203
gab,1975,66.3383102417
gab,1976,50.3820381165
gab,1977,66.9461898804
gab,1978,50.0813407898
gab,1979,61.2225685120
gab,1980,62.9267616272
gab,1981,57.2514381409
gab,1982,57.8180389404
gab,1983,58.6224403381
gab,1986,62.6615715027
gab,1987,51.2569084167
gab,1988,66.6846389771
gab,1995,60.1444892883
gab,2002,72.3013076782
gmb,1971,88.0467071533
gmb,1982,72.5302124023
gmb,1984,78.1846313477
gmb,1985,64.4278411865
gmb,1988,74.2271804810
gmb,1992,85.0276718140
gmb,1993,80.4461135864
gmb,1995,79.8239593506
gmb,1996,78.2070007324
gmb,1999,65.7956237793
gmb,2000,72.9972000122
gmb,2001,62.0715217590
gmb,2002,78.4760971069
gmb,2003,78.4145202637
gmb,2004,68.4128112793
gmb,2005,67.7398681641
gmb,2007,71.5396575928
gmb,2010,67.4148330688
gmb,2011,85.8504409790
gmb,2012,76.5318298340
gmb,2013,80.0716934204
gmb,2014,80.9003677368
gmb,2015,79.1796188354
geo,2003,92.6209182739
geo,2004,88.1262588501
geo,2005,98.8436431885
geo,2006,99.7328186035
geo,2007,95.0371780396
geo,2008,95.5448684692
geo,2009,96.4482116699
geo,2011,94.6591491699
geo,2012,99.8472824097
geo,2013,98.9374008179
geo,2014,96.9166564941
geo,2015,99.4636077881
geo,2016,99.2162628174
gha,1971,74.8266906738
gha,1973,71.4009170532
gha,1974,79.3889923096
gha,1975,93.2966995239
gha,1976,78.4459686279
gha,1977,74.3114929199
gha,1978,77.6899337769
gha,1979,75.2086029053
gha,1980,77.6659011841
gha,1991,80.4912490845
gha,2000,66.2479324341
gha,2001,90.5160293579
gha,2002,63.2863197327
gha,2008,78.4208831787
gha,2012,88.1182479858
gha,2013,89.7566604614
gha,2016,90.2174377441
gha,2017,86.3419876099
grc,1971,94.9567413330
grc,1972,96.2157592773
grc,1973,95.2781600952
grc,1974,93.7165832520
grc,1975,97.9545898438
grc,1976,97.9619293213
grc,1977,97.2711105347
grc,1978,97.3620300293
grc,1979,93.8928070068
grc,1980,98.2727279663
grc,1981,98.3048324585
grc,1982,99.0941619873
grc,1983,99.3174133301
grc,1984,99.8453826904
grc,1985,98.9556808472
grc,1986,94.0087203979
grc,1987,99.2075424194
grc,1988,97.8070983887
grc,1991,99.3194885254
grc,2004,97.9496688843
grc,2005,97.7508163452
grc,2006,97.6005325317
grc,2010,93.7138519287
grc,2011,95.1337814331
grc,2012,92.1032104492
grc,2013,93.0305175781
grc,2015,96.1793823242
grd,1975,80.1653213501
grd,1976,78.6997604370
grd,1982,91.1220626831
grd,1983,93.7115097046
grd,1984,97.0602722168
grd,2002,77.6833190918
grd,2009,83.0391921997
gtm,1970,34.2825393677
gtm,1971,35.3517189026
gtm,1974,37.3027305603
gtm,1975,35.4899902344
gtm,1976,41.0650482178
gtm,1977,40.8268699646
gtm,1978,39.5428886414
gtm,1979,42.3514785767
gtm,1980,45.9131393433
gtm,1981,29.8395004272
gtm,1982,50.7270011902
gtm,1983,43.4836692810
gtm,1984,44.0624008179
gtm,1985,39.0835685730
gtm,1995,49.5920715332
gtm,1999,56.0650291443
gtm,2000,55.8761596680
gtm,2001,65.2710876465
gtm,2004,68.0774765015
gtm,2005,68.9824066162
gtm,2006,68.3567810059
gtm,2007,70.5942535400
gtm,2008,83.3668594360
gtm,2009,72.7007980347
gtm,2010,75.2610626221
gtm,2011,72.0698013306
gtm,2012,73.6930923462
gtm,2013,77.0241088867
gtm,2014,79.6145629883
gtm,2016,82.8948516846
gin,1976,74.7878189087
gin,1977,66.4379806519
gin,1980,55.0595893860
gin,1981,55.2247200012
gin,1982,59.9179992676
gin,1983,52.5417404175
gin,1984,48.7769317627
gin,1985,53.7701911926
gin,1986,56.5904808044
gin,1987,57.8627090454
gin,1988,60.8772583008
gin,1989,56.3909606934
gin,1990,75.3338623047
gin,1991,58.7934188843
gin,1992,79.8901977539
gin,1993,79.9800415039
gin,2003,81.2943420410
gin,2004,75.9347000122
gin,2005,79.2178878784
gin,2006,81.8537597656
gin,2007,69.7023086548
gin,2008,68.5702667236
gin,2009,68.5786514282
gin,2011,59.5122604370
gin,2012,66.1231079102
gin,2013,66.5953826904
gnb,1978,17.1309700012
gnb,1979,19.7962207794
gnb,1980,20.2632293701
gnb,1981,22.3449897766
gnb,1982,24.0634193420
gnb,1983,25.0175704956
gnb,1987,21.8661098480
guy,1972,87.6559066772
guy,1977,87.6852569580
guy,1978,87.7462005615
guy,1979,82.5222930908
guy,1980,91.2231063843
guy,1981,90.1541671753
guy,1982,90.3695831299
guy,1983,75.2600936890
guy,1999,90.4763565063
guy,2000,77.1733932495
guy,2008,86.6612091064
guy,2011,94.6162185669
hti,1978,35.1839790344
hti,1979,51.2244491577
hti,1981,19.9983291626
hti,1982,33.4262008667
hti,1984,18.8766307831
hti,1985,36.2085685730
hnd,1979,41.9175491333
hnd,1983,47.8125381470
hnd,1991,65.1739425659
hnd,1992,60.9990005493
hnd,1993,59.7932205200
hnd,1994,54.9996109009
hnd,1995,61.1351203918
hnd,1996,60.3293495178
hnd,1997,58.0276718140
hnd,2005,83.4184112549
hnd,2007,77.8252029419
hnd,2008,76.9354629517
hnd,2009,82.5378417969
hnd,2010,79.8843917847
hnd,2011,75.0497131348
hnd,2012,75.9860916138
hnd,2013,82.2721405029
hnd,2015,86.7884902954
hnd,2016,87.3173522949
hkg,1979,97.6405868530
hkg,1980,99.0416412354
hkg,1981,98.4838790894
hkg,1982,99.4977722168
hkg,1983,99.4310226440
hkg,1984,98.7714462280
hkg,1985,100.0000000000
hkg,1988,100.0000000000
hkg,1989,99.9134521484
hkg,1990,98.5173492432
hkg,1991,99.8390808105
hkg,1992,99.6642074585
hkg,1993,99.8834075928
hkg,1994,100.0000000000
hkg,1995,100.0000000000
hkg,2002,99.5638504028
hkg,2003,99.6220779419
hkg,2004,99.5038528442
hkg,2007,99.6594009399
hkg,2008,99.6791229248
hkg,2010,99.7745513916
hkg,2011,99.6433715820
hkg,2012,99.8373031616
hkg,2013,99.5081710815
hkg,2014,99.3027801514
hkg,2015,99.2695388794
hkg,2016,99.4370498657
isl,1997,96.0634307861
isl,1998,98.4545593262
isl,1999,98.5719833374
isl,2000,99.0226593018
isl,2001,98.3211364746
isl,2002,98.4427871704
isl,2003,98.3023300171
isl,2004,98.5062637329
isl,2005,97.7860183716
isl,2006,94.4785690308
isl,2007,99.6700134277
isl,2008,98.9691085815
isl,2009,98.5637512207
isl,2010,98.1237792969
isl,2011,98.4384613037
ind,1973,38.2849998474
ind,1986,52.7354316711
ind,1987,61.9547195435
ind,1994,58.6283416748
ind,1999,62.0466690063
ind,2000,59.0063400269
ind,2001,61.3731117249
ind,2013,81.8377532959
ind,2014,93.2661972046
ind,2015,90.1634521484
ind,2016,87.7373733521
idn,1971,67.8954010010
idn,1972,67.7769622803
idn,1973,56.0650291443
idn,1974,58.9113616943
idn,1975,59.6644592285
idn,1976,63.6219596863
idn,1977,82.3497085571
idn,1981,75.5488510132
idn,1982,73.7827301025
idn,1983,78.5888366699
idn,1984,79.8039779663
idn,1985,81.0642623901
idn,1986,84.5610275269
idn,1987,83.2585601807
idn,1988,84.4845275879
idn,1989,82.9737014771
idn,1990,84.0035171509
idn,1991,83.5879287720
idn,1992,85.6103668213
idn,1993,92.5483169556
idn,1994,87.1346435547
idn,1995,91.1853866577
idn,1996,88.1878814697
idn,2001,89.2478866577
idn,2002,89.0713424683
idn,2003,88.6298522949
idn,2004,87.3528366089
idn,2007,86.0865478516
idn,2008,90.2133483887
idn,2009,91.7996673584
idn,2010,89.5358428955
idn,2011,89.5260696411
idn,2012,86.4065628052
idn,2013,84.0093383789
idn,2016,98.8817367554
irn,1983,83.0669937134
irn,1984,85.2288208008
irn,1985,84.4175033569
irn,1986,83.1776885986
irn,1987,86.9359588623
irn,1988,88.7242889404
irn,1989,90.5771331787
irn,1990,90.7558670044
irn,1991,89.9411697388
irn,1992,90.5938491821
irn,1993,89.1199188232
irn,1994,90.3600082397
irn,2000,97.4440917969
irn,2001,93.7291564941
irn,2002,87.5167388916
irn,2008,96.3031463623
irn,2009,93.1631317139
irn,2010,98.1307067871
irn,2011,96.1757736206
irn,2013,86.1812820435
irn,2014,98.3702316284
irn,2015,98.3658599854
irn,2016,97.3869094849
irq,1971,73.7365570068
irq,1972,82.0928497314
irq,1973,81.8163375854
irq,1974,70.0990905762
irq,1982,70.2267074585
irq,1984,78.7812423706
irq,1985,79.6854019165
irq,1986,84.0418167114
irq,1987,84.0103378296
irq,1988,72.1018676758
irq,1999,65.5614471436
irl,1991,99.5299911499
irl,1992,99.4575576782
irl,1993,99.9128417969
irl,1994,99.2941513062
isr,2001,99.1832885742
isr,2002,99.1036224365
isr,2003,99.2717590332
isr,2004,99.5188217163
isr,2005,99.3248825073
isr,2006,99.0034103394
isr,2007,99.1369094849
isr,2008,98.9600677490
isr,2009,98.9625396729
isr,2010,98.9286804199
isr,2011,99.0322723389
isr,2012,99.1751022339
isr,2013,99.2633819580
isr,2014,98.8958129883
isr,2015,99.2791671753
isr,2016,98.7972869873
ita,1999,93.8457031250
ita,2001,95.8191528320
ita,2004,99.7116165161
ita,2005,99.4008636475
ita,2006,99.4986495972
ita,2007,99.5748214722
ita,2008,99.6605606079
ita,2009,99.6420211792
ita,2010,99.5177536011
ita,2011,99.3345489502
ita,2012,98.9404373169
ita,2013,99.4176635742
ita,2014,99.1757202148
ita,2015,99.2369613647
jam,1983,90.5755996704
jam,1987,85.7316436768
jam,1990,94.6138763428
jam,2000,87.1151428223
jam,2001,88.8835906982
jam,2008,87.6234512329
jam,2010,88.1024475098
jam,2012,87.5203628540
jam,2013,95.3927764893
jam,2016,94.1136932373
jpn,1971,99.7451629639
jpn,1972,99.7577667236
jpn,1973,99.7765274048
jpn,1974,99.8255462646
jpn,1975,99.7892303467
jpn,1976,99.7557601929
jpn,1977,99.8108520508
jpn,1978,99.8522567749
jpn,1979,99.6460876465
jpn,1980,99.8412017822
jpn,1981,99.8717880249
jpn,1982,99.8618392944
jpn,1983,99.8552398682
jpn,1984,99.8845596313
jpn,1985,99.8578491211
jpn,1986,99.9104995728
jpn,1987,99.9251403809
jpn,1988,99.8763504028
jpn,1989,99.8883285522
jpn,1990,99.9221267700
jpn,1991,99.9692611694
jpn,2013,99.9456176758
jpn,2014,99.9673995972
jpn,2015,99.9403762817
jor,1971,78.9362106323
jor,1972,90.8159484863
jor,1973,91.2707672119
jor,1974,89.2618331909
jor,1975,89.6696166992
jor,1976,90.7350311279
jor,1977,91.0956726074
jor,1978,93.5450363159
jor,1979,95.6395111084
jor,1980,94.6856002808
jor,1981,96.2734603882
jor,1982,92.4317092896
jor,1983,97.4616775513
jor,1986,83.3454971313
jor,1987,86.9563827515
jor,1988,86.6283569336
jor,1989,97.0032730103
jor,1992,98.1524963379
jor,1993,98.3565979004
jor,1999,97.3061981201
jor,2002,96.8801574707
jor,2003,98.1844024658
jor,2004,96.2259979248
jor,2006,94.2455673218
jor,2010,98.4715423584
ken,1970,73.8879318237
ken,1971,79.5774230957
ken,1972,77.5972900391
ken,1974,63.6309394836
ken,1975,54.8258399963
ken,1976,61.6835784912
ken,1977,56.8788986206
ken,1979,67.5972824097
ken,1980,60.6953697205
ken,2003,75.3311004639
ken,2004,80.6108779907
ken,2014,93.5672836304
kir,1977,91.2247161865
kir,1978,92.3442382812
kir,1980,90.1254882812
kir,1981,89.3581008911
kir,1982,86.4727630615
kir,1983,82.7311401367
kir,1986,83.7846908569
kir,1987,85.3179779053
kir,1989,87.1625823975
kir,1991,86.4090270996
kir,1992,84.4151077271
kir,1994,86.5383377075
kir,1996,95.4014968872
kir,2001,71.8572387695
kir,2003,79.7339324951
kir,2005,80.6206970215
kir,2006,78.5713119507
kor,1971,96.3216018677
kor,1972,93.3955230713
kor,1973,94.1559829712
kor,1974,95.4143600464
kor,1975,95.0851974487
kor,1976,93.8359527588
kor,1977,95.8687896729
kor,1978,96.4473876953
kor,1979,97.4746780396
kor,1981,93.7934494019
kor,1982,97.1781387329
kor,1983,97.0878906250
kor,1984,99.0126495361
kor,1985,99.3846969604
kor,1986,99.1645507812
kor,1987,99.4048385620
kor,1988,99.3407669067
kor,1989,99.5713577271
kor,1990,99.7366867065
kor,1991,99.4555282593
kor,1992,99.6498718262
kor,1993,99.7704467773
kor,1994,99.4231491089
kor,1996,93.4625396729
kor,1997,96.6504211426
kor,1998,99.3141632080
kor,1999,99.4516601562
kor,2000,99.1650466919
kor,2001,98.7673873901
kor,2002,99.6079711914
kor,2003,97.9753799438
kor,2004,98.9305877686
kor,2005,99.0413436890
kor,2006,98.0186996460
kor,2007,98.6862182617
kor,2008,99.0857391357
kor,2009,99.3690567017
kor,2010,99.1309509277
kor,2011,99.3125228882
kor,2012,99.6073379517
kor,2013,99.3882827759
kor,2014,99.4855270386
kor,2015,99.4523925781
kwt,2009,95.9930572510
kwt,2011,94.0715408325
kwt,2012,95.6984863281
kwt,2015,96.0771331787
kwt,2016,92.2715835571
lao,1992,53.5885696411
lao,1993,53.1334190369
lao,1996,55.5146293640
lao,1997,59.7234497070
lao,1998,54.2943687439
lao,1999,54.5664787292
lao,2000,53.4781799316
lao,2001,62.6553688049
lao,2002,64.4685363770
lao,2003,62.8996391296
lao,2004,63.3260383606
lao,2005,62.2340202332
lao,2006,61.6126899719
lao,2007,66.9750595093
lao,2008,68.4520492554
lao,2009,71.0538482666
lao,2010,68.0158767700
lao,2011,69.9473571777
lao,2012,73.3374176025
lao,2013,77.6148681641
lao,2014,78.7229766846
lao,2015,79.6340332031
lao,2016,81.0819702148
lva,2006,96.0760803223
lva,2007,95.9608993530
lva,2008,96.1654663086
lva,2009,95.7283630371
lva,2010,94.9269409180
lva,2011,92.5448989868
lva,2012,93.8363876343
lva,2013,94.6479110718
lva,2014,96.0980682373
lva,2015,97.3743896484
lva,2016,97.1077880859
lbn,1999,90.3152313232
lbn,2000,96.3194122314
lbn,2001,93.9061431885
lbn,2002,92.1175308228
lbn,2003,96.6402969360
lbn,2004,93.5797424316
lbn,2005,91.1574783325
lbn,2006,96.8178787231
lbn,2007,92.5949478149
lbn,2008,95.2516326904
lbn,2010,93.6420974731
lbn,2011,96.0360565186
lbn,2013,97.0781707764
lbn,2015,85.8985900879
lbn,2016,95.8947906494
lso,1970,41.2651214600
lso,1971,56.1652984619
lso,1972,61.6980514526
lso,1973,73.3511123657
lso,1974,54.9961700439
lso,1975,52.1850891113
lso,1976,50.3727912903
lso,1977,51.9951896667
lso,1978,52.3961791992
lso,1979,55.1013107300
lso,1980,59.9807090759
lso,1981,65.2834014893
lso,1982,59.2957687378
lso,1983,58.0038185120
lso,1984,65.9954833984
lso,1985,60.1130714417
lso,1986,67.3932495117
lso,1987,66.9100112915
lso,1988,59.6382789612
lso,1989,65.7893371582
lso,1990,70.7225494385
lso,1991,66.4189300537
lso,1992,60.5694808960
lso,1993,79.5020904541
lso,1994,75.3051071167
lso,1995,63.1309318542
lso,1996,68.3747406006
lso,1997,73.1682968140
lso,1998,68.7502822876
lso,1999,74.5619506836
lso,2000,67.1598205566
lso,2001,72.8161315918
lso,2002,77.0280380249
lso,2003,63.4228401184
lso,2004,73.3733215332
lso,2005,74.3095016479
lso,2006,62.1677284241
lso,2007,80.4112625122
lso,2008,72.0044631958
lso,2009,80.4762725830
lso,2010,75.3504333496
lso,2011,76.4353713989
lso,2012,69.0806884766
lso,2013,79.5611801147
lso,2014,77.3252182007
lso,2015,83.7048187256
lbr,2008,81.6874237061
lby,1971,90.0172882080
lby,1972,88.9753036499
lby,1973,88.7668075562
lby,1975,92.5459136963
lby,1976,88.9797210693
lby,1977,78.7138214111
lby,1979,84.3973312378
lby,1980,86.4291381836
lie,2007,81.8286972046
lie,2008,83.2229003906
lie,2009,79.3987503052
lie,2010,76.6015319824
lie,2011,75.0723724365
lie,2014,96.6898498535
lie,2015,97.2816314697
lux,1975,90.5745086670
lux,1976,94.6951980591
lux,1977,91.9914703369
lux,1978,89.1783065796
lux,1982,91.1494598389
lux,2000,95.5334930420
lux,2005,97.8392791748
lux,2006,97.9664611816
lux,2007,96.4013137817
lux,2012,96.7113265991
lux,2013,92.8771133423
mac,1992,92.0035171509
mac,2000,98.7975997925
mac,2002,99.2284317017
mac,2008,98.8611221313
mac,2009,98.5858230591
mdg,1971,42.7726402283
mdg,1972,29.4929599762
mdg,1974,41.5891990662
mdg,1988,34.4663085938
mdg,1989,32.8607788086
mdg,1990,39.3990592957
mdg,1991,21.7599506378
mdg,1992,31.4063701630
mdg,1993,28.1224308014
mdg,1994,27.7338008881
mdg,1995,40.7597503662
mdg,1998,37.7189216614
mdg,1999,52.4225311279
mdg,2000,36.1403388977
mdg,2001,34.6823883057
mdg,2002,55.4096107483
mdg,2003,59.8624191284
mdg,2004,42.8821983337
mdg,2005,35.9786491394
mdg,2006,42.4667015076
mdg,2007,42.6606216431
mdg,2008,49.3871917725
mdg,2009,34.5846900940
mdg,2010,39.5192985535
mdg,2011,40.6585693359
mdg,2012,37.9697990417
mdg,2013,40.0512199402
mdg,2014,42.5731391907
mdg,2015,35.1020584106
mwi,1973,47.5229301453
mwi,1974,50.5451698303
mwi,1975,38.6906585693
mwi,1976,36.7550392151
mwi,1977,37.2008018494
mwi,1978,38.9488410950
mwi,1979,45.8093986511
mwi,1980,37.7555618286
mwi,1981,43.9978218079
mwi,1982,30.0857601166
mwi,1983,34.2181015015
mwi,1984,45.9729995728
mwi,1985,44.3773803711
mwi,1986,57.1262397766
mwi,1987,43.8268508911
mwi,1988,60.3957290649
mwi,1989,53.2636909485
mwi,1990,46.3072509766
mwi,1991,64.4709777832
mwi,1992,41.9401397705
mwi,1993,37.3403205872
mwi,1995,34.2007408142
mwi,1998,44.1681213379
mwi,1999,48.4827308655
mwi,2000,48.8062782288
mwi,2001,43.8588218689
mwi,2004,42.2400207520
mwi,2005,44.4457702637
mwi,2006,43.5875205994
mwi,2007,68.2262115479
mwi,2008,50.6875686646
mwi,2009,60.8601684570
mwi,2010,59.2565193176
mwi,2011,57.7070693970
mwi,2012,70.1109924316
mwi,2013,64.4434890747
mys,1980,96.8234329224
mys,1981,97.6741867065
mys,1982,98.2081069946
mys,1983,97.6366271973
mys,1984,98.3663787842
mys,1987,97.9834594727
mys,1988,97.4449386597
mys,1989,97.2086334229
mys,1990,98.1714630127
mys,1992,96.8166122437
mys,2001,87.0790863037
mys,2002,97.8143615723
mys,2004,99.2926101685
mys,2005,99.0875930786
mys,2006,99.0604400635
mys,2007,99.0701980591
mys,2013,95.2739562988
mys,2014,92.0309677124
mys,2016,97.1920776367
mdv,1996,94.2207870483
mdv,2004,89.7911834717
mdv,2007,93.0130996704
mdv,2008,96.6079025269
mdv,2009,94.0438690186
mdv,2010,90.4017333984
mdv,2011,87.4416503906
mdv,2012,95.1728973389
mdv,2013,92.6463165283
mdv,2015,91.3586425781
mdv,2016,94.6350936890
mli,1971,54.5742492676
mli,1972,56.5274887085
mli,1973,55.6443786621
mli,1975,58.1802482605
mli,1976,66.1093368530
mli,1977,62.7946395874
mli,1978,69.4263763428
mli,1979,50.7535781860
mli,1980,47.3536796570
mli,1982,52.0137901306
mli,1983,46.1480407715
mli,1984,48.9522399902
mli,1985,48.1892395020
mli,1986,52.8970794678
mli,1987,50.5308914185
mli,1999,76.8500671387
mli,2000,88.2187118530
mli,2001,84.3148498535
mli,2002,74.8132095337
mli,2003,86.2878036499
mli,2004,86.9762802124
mli,2005,81.2658767700
mli,2007,84.5281372070
mli,2008,86.8671188354
mli,2009,84.0383529663
mli,2010,87.6494598389
mli,2011,70.7383804321
mli,2012,56.5300102234
mlt,1973,73.6216430664
mlt,1977,95.5815582275
mlt,1978,94.8338623047
mlt,1979,92.6552581787
mlt,1980,91.9049606323
mlt,1981,92.9566726685
mlt,1984,96.5213165283
mlt,1985,97.9775772095
mlt,1986,96.6462326050
mlt,1991,98.5627899170
mlt,1992,97.7635498047
mlt,1994,94.3851089478
mlt,1995,98.0596618652
mlt,1996,98.0645675659
mlt,1997,97.6015014648
mlt,1998,97.3091583252
mlt,1999,98.6088333130
mlt,2000,97.9591827393
mlt,2001,99.3371810913
mlt,2002,97.6765823364
mlt,2006,96.7631530762
mlt,2007,95.9025802612
mlt,2008,83.4477386475
mlt,2010,96.5756607056
mlt,2011,95.5725479126
mlt,2012,98.4854125977
mlt,2013,97.2406311035
mlt,2014,97.1507720947
mhl,2005,86.0753936768
mhl,2006,72.7954177856
mhl,2007,82.4091262817
mhl,2008,86.8535232544
mrt,1977,91.3892974854
mrt,1979,82.3108215332
mrt,1986,87.1465606689
mrt,1987,75.2836685181
mrt,1988,69.6030197144
mrt,1989,57.1882019043
mrt,1990,75.1704864502
mrt,1991,74.7280426025
mrt,1992,75.3731384277
mrt,1993,71.8823623657
mrt,1994,65.7362289429
mrt,1995,62.7235908508
mrt,1996,63.9650611877
mrt,1997,65.0240097046
mrt,1998,66.4329071045
mrt,2001,54.7136688232
mrt,2004,52.8773307800
mrt,2005,57.4172897339
mrt,2006,63.7351684570
mrt,2008,81.8775634766
mrt,2012,75.3113021851
mrt,2016,76.6696014404
mus,1982,93.8479385376
mus,1983,98.6484680176
mus,1984,97.0085678101
mus,1985,97.2394485474
mus,1986,97.8676300049
mus,1987,95.9016799927
mus,1988,98.7740020752
mus,1989,97.4480819702
mus,1990,98.3144607544
mus,1991,97.3648071289
mus,1992,98.5410385132
mus,1997,98.6879882812
mus,1998,98.7638702393
mus,1999,99.0752487183
mus,2000,98.3762130737
mus,2001,97.5615081787
mus,2002,98.5567626953
mus,2003,99.0090484619
mus,2004,97.0172424316
mus,2005,98.8574523926
mus,2006,98.6085205078
mus,2007,97.9900436401
mus,2008,97.2470397949
mus,2009,97.9550628662
mus,2010,98.5055465698
mus,2011,98.6097564697
mus,2012,96.9746932983
mus,2013,98.8252563477
mus,2014,97.3616027832
mus,2015,98.1025085449
mus,2016,96.5598678589
mex,1974,51.8251113892
mex,1975,57.4108200073
mex,1976,68.1865615845
mex,1977,63.9450302124
mex,1978,73.9624633789
mex,1979,68.0129470825
mex,1980,69.5901718140
mex,1981,70.6045989990
mex,1982,73.9730987549
mex,1983,73.8253097534
mex,1984,72.8575668335
mex,1985,76.2403717041
mex,1986,76.8329467773
mex,1987,74.4878387451
mex,1988,76.9873962402
mex,1989,75.1257171631
mex,1990,76.4373779297
mex,1991,79.5389785767
mex,1992,81.5025634766
mex,1993,84.1890563965
mex,1994,84.6353530884
mex,1995,85.8653564453
mex,1996,85.5722122192
mex,1998,88.9443588257
mex,1999,89.0037231445
mex,2000,88.2877578735
mex,2001,90.4751815796
mex,2002,92.8448028564
mex,2003,92.6436462402
mex,2004,93.8374786377
mex,2005,94.3530273438
mex,2006,94.6208114624
mex,2007,93.9351196289
mex,2008,95.9585189819
mex,2009,95.9697113037
mex,2010,96.4677429199
mex,2011,96.7403335571
mex,2012,95.6582336426
mex,2013,96.6895294189
mex,2014,96.8546829224
mex,2015,93.2108688354
mex,2016,99.0864791870
mco,1991,81.8669509888
mng,2015,97.9220733643
mng,2016,97.2834625244
mne,2011,80.4985961914
mne,2015,93.1924285889
mne,2016,98.0239181519
mar,1971,67.4040908813
mar,1972,65.2886123657
mar,1973,68.8426971436
mar,1974,74.9418029785
mar,1975,89.0177993774
mar,1976,80.1907196045
mar,1977,83.0220184326
mar,1978,84.6021270752
mar,1979,81.8627777100
mar,1980,80.2362594604
mar,1981,80.2567672729
mar,1982,76.9419097900
mar,1983,79.4060974121
mar,1984,67.9145126343
mar,1985,67.7019424438
mar,1986,68.9597702026
mar,1987,66.5777435303
mar,1988,63.1642913818
mar,1989,75.6447525024
mar,1990,73.5273590088
mar,1991,75.1135787964
mar,1992,79.8490524292
mar,1993,79.3547668457
mar,1994,79.7797775269
mar,1995,78.1864395142
mar,1996,75.0241394043
mar,1997,75.1151504517
mar,1998,77.3228073120
mar,1999,81.8915863037
mar,2000,79.9945526123
mar,2001,83.8573074341
mar,2002,81.2947769165
mar,2003,75.6811523438
mar,2004,79.2712097168
mar,2005,80.3210372925
mar,2006,83.9274673462
mar,2007,82.7995376587
mar,2008,84.1982192993
mar,2009,93.9124984741
mar,2010,93.0289077759
mar,2011,91.6228866577
mar,2012,94.1129989624
mar,2013,92.6940002441
mar,2014,92.8109512329
mar,2015,95.7922286987
mar,2016,97.5025405884
moz,1986,24.2870502472
moz,1987,23.1710300446
moz,1988,34.1828308105
moz,1989,41.8288993835
moz,1990,32.9399185181
moz,1991,34.5153503418
moz,1992,35.2676010132
moz,1993,43.0100212097
moz,1994,46.5341796875
moz,1998,46.7697715759
moz,1999,43.0846481323
moz,2000,52.4561004639
moz,2001,49.6235008240
moz,2004,62.4389190674
moz,2005,57.3964309692
moz,2006,64.2395782471
moz,2007,60.4367485046
moz,2008,54.7606315613
moz,2009,53.6733398438
moz,2010,43.9809112549
moz,2011,48.6310615540
moz,2012,50.0719108582
moz,2013,48.4521484375
moz,2014,49.7297286987
mmr,1971,26.7952899933
mmr,1973,32.3079910278
mmr,2000,55.2170791626
mmr,2001,59.2135505676
mmr,2002,65.4033966064
mmr,2003,68.9642791748
mmr,2005,71.5097122192
mmr,2006,61.5532608032
mmr,2007,61.0608100891
mmr,2008,69.6463012695
mmr,2009,74.7923278809
mmr,2016,75.3554611206
nam,1991,63.3291587830
nam,1993,82.0451278687
nam,1994,75.7226715088
nam,1995,78.6239471436
nam,1997,86.3855667114
nam,1998,83.4256973267
nam,1999,92.7644805908
nam,2000,90.9353713989
nam,2001,91.6174087524
nam,2002,88.1322402954
nam,2003,82.0246887207
nam,2004,86.1242904663
nam,2005,86.8991775513
nam,2008,91.4852371216
nam,2009,92.8262100220
nam,2012,96.5955886841
npl,1991,52.1759605408
npl,1999,59.0416488647
npl,2002,65.3422775269
npl,2003,67.6876373291
npl,2004,61.5584716797
npl,2007,61.6866989136
npl,2012,55.2617683411
npl,2013,60.3601417542
npl,2014,70.0982589722
npl,2015,76.8510284424
npl,2016,73.5494384766
nld,1971,96.7713088989
nld,1972,96.7390136719
nld,1973,96.8191223145
nld,1974,97.3466720581
nld,1975,98.0462112427
nld,1976,97.3433609009
nld,1977,97.2358398438
nld,1978,97.4134979248
nld,1979,97.9072723389
nld,1980,97.6358032227
nld,1981,95.9415435791
nld,1982,95.6642608643
nld,1983,95.0670471191
nld,1984,94.4514694214
ncl,1970,59.6073188782
ncl,1981,85.4086227417
ncl,1982,82.9198913574
ncl,1983,89.4133682251
ncl,1984,69.8655471802
ncl,1985,93.5731201172
ncl,1986,94.5045394897
ncl,1987,93.7247161865
ncl,1988,92.3390808105
ncl,1989,94.3168716431
nic,1970,32.7426490784
nic,1971,27.7019500732
nic,1972,32.6261711121
nic,1973,28.7816505432
nic,1976,33.6699104309
nic,1977,30.9305591583
nic,1978,28.2066097260
nic,1979,43.7383308411
nic,1982,43.7946014404
nic,1983,33.5519905090
nic,1984,49.3684806824
nic,1985,29.0338897705
nic,1986,41.2487411499
nic,1987,38.1404685974
nic,1988,33.2143096924
nic,1989,44.1404800415
nic,1990,45.5734901428
nic,1991,44.1778717041
nic,1992,54.3395614624
nic,1993,54.2013816833
nic,1994,47.0009994507
nic,1999,48.4468688965
nic,2000,54.2357788086
nic,2001,64.8380203247
nic,2002,55.1324691772
nic,2003,58.7966308594
nic,2004,53.5514297485
nic,2005,53.6641883850
nic,2006,47.0242614746
nic,2007,51.3750915527
ner,1971,54.8401603699
ner,1972,60.8220481873
ner,1973,58.7336807251
ner,1974,63.1658287048
ner,1975,65.8493194580
ner,1976,70.0096664429
ner,1977,75.4484786987
ner,1978,67.5811233521
ner,1979,72.6542587280
ner,1980,72.5909881592
ner,1981,73.2972564697
ner,1982,73.5004272461
ner,1983,82.2064819336
ner,1984,64.3457489014
ner,1986,75.5553665161
ner,1988,84.1172485352
ner,1989,73.2704925537
ner,1990,82.2614364624
ner,1991,62.4048118591
ner,1992,76.7993087769
ner,1995,68.7179107666
ner,1996,72.5519180298
ner,1997,71.3107376099
ner,1998,65.5199279785
ner,1999,61.3505401611
ner,2000,73.9837112427
ner,2001,71.0480499268
ner,2002,69.1330108643
ner,2003,73.5691299438
ner,2006,71.9759063721
ner,2007,74.7531890869
ner,2008,69.3525238037
ner,2009,64.2608032227
ner,2010,71.4707565308
ner,2011,64.5613784790
ner,2012,63.8742294312
ner,2013,64.4462966919
ner,2015,77.7540130615
ner,2016,80.4941787720
nga,1999,91.8883972168
nga,2004,80.8107299805
nga,2005,81.9627304077
nga,2006,60.3217506409
nga,2007,61.9919281006
nga,2008,89.8155593872
nga,2009,72.3962173462
mkd,2012,97.0124969482
mkd,2013,96.3714370728
mkd,2014,97.3543319702
nor,1971,99.2543182373
nor,1972,97.9695892334
nor,1973,98.6082000732
nor,1974,98.9439697266
nor,1975,97.2701797485
nor,1976,99.4415435791
nor,1977,99.1500396729
nor,1978,98.9939575195
nor,1979,99.4548873901
nor,1980,99.4631423950
nor,1981,99.5281524658
nor,1984,99.2698287964
nor,1985,99.7490997314
nor,1986,99.0531692505
nor,1987,99.7767715454
nor,1988,99.5926132202
nor,1989,98.8685684204
nor,1990,99.3154220581
nor,1991,99.4769134521
nor,1992,99.0049591064
nor,1998,99.4156875610
nor,1999,99.8216705322
nor,2000,99.3498992920
nor,2001,99.1940994263
nor,2002,99.3267669678
nor,2003,99.4434814453
nor,2004,99.8517532349
nor,2005,99.5898895264
nor,2006,99.6664810181
nor,2007,99.1702728271
nor,2008,99.5484390259
nor,2009,99.4622268677
nor,2010,99.5842132568
nor,2011,99.5190124512
nor,2012,99.2866516113
nor,2013,99.7656021118
nor,2014,99.7007064819
nor,2015,99.6429672241
nor,2016,99.3046417236
omn,1974,58.8762702942
omn,1975,64.2796020508
omn,1977,69.6288223267
omn,1978,68.0683975220
omn,1982,92.5129470825
omn,1983,92.2872390747
omn,1984,97.0066604614
omn,1985,94.1222610474
omn,1986,92.8660278320
omn,1987,93.9150085449
omn,1988,94.2388229370
omn,1989,94.3948898315
omn,1991,95.0200805664
omn,1993,96.0691528320
omn,1994,95.2665023804
omn,1995,95.7969436646
omn,1996,95.9154281616
omn,1997,95.0391006470
omn,1998,94.5588226318
omn,1999,93.7393875122
omn,2000,95.9228668213
omn,2001,96.2432708740
omn,2002,97.9573898315
omn,2011,95.2204818726
omn,2012,98.7673873901
omn,2014,98.0705413818
omn,2015,99.3626022339
omn,2016,98.4594573975
pak,2004,69.6764526367
pak,2008,60.7506790161
pak,2009,61.5074310303
pak,2010,52.2056503296
pak,2011,60.9919509888
pak,2012,62.3696098328
pak,2013,79.5898895264
pak,2015,77.2706375122
pan,1970,88.1849670410
pan,1971,79.4283981323
pan,1972,78.5960693359
pan,1973,78.2484970093
pan,1974,79.7721023560
pan,1975,78.4219589233
pan,1976,82.9686584473
pan,1977,80.6230468750
pan,1978,76.5673904419
pan,1979,76.6921615601
pan,1980,76.6108779907
pan,1981,80.5506286621
pan,1982,77.9547500610
pan,1983,83.9567565918
pan,1984,80.9880981445
pan,1985,83.7891311646
pan,1986,82.6525573730
pan,1987,75.7974090576
pan,1988,81.5318527222
pan,1999,91.9491882324
pan,2000,88.6287612915
pan,2001,89.8247985840
pan,2004,85.3160171509
pan,2005,87.9931564331
pan,2006,90.0107574463
pan,2007,87.4026565552
pan,2008,89.3234405518
pan,2009,94.5850601196
pan,2010,94.8726425171
pan,2011,92.0611495972
pan,2012,94.0059280396
pan,2013,88.7226181030
png,1986,68.9873733521
png,1987,66.5345687866
png,1988,67.9372787476
png,1989,54.7218894958
png,1990,59.0504302979
png,1991,69.3462829590
png,1993,67.2857131958
png,1994,59.2233314514
png,1995,65.3929672241
png,1996,60.0885391235
png,1997,65.1921615601
pry,1970,48.5395202637
pry,1971,44.8848381042
pry,1972,51.4072303772
pry,1973,49.2208290100
pry,1974,46.9621391296
pry,1975,54.5218696594
pry,1976,53.7641105652
pry,1977,56.9031715393
pry,1980,58.3582305908
pry,1981,58.3404197693
pry,1982,61.0412292480
pry,1983,60.7775382996
pry,1984,61.3223114014
pry,1985,59.1787490845
pry,1986,61.2824707031
pry,1987,64.3876190186
pry,1988,65.5601272583
pry,1989,66.4793472290
pry,1990,70.4546585083
pry,1991,74.0452194214
pry,1992,76.1981811523
pry,1993,71.2605361938
pry,1994,72.8739318848
pry,1995,78.3895568848
pry,1997,78.1131591797
pry,1998,79.3639526367
pry,1999,78.1169586182
pry,2002,81.4559402466
pry,2003,81.2474365234
pry,2004,87.7129516602
pry,2005,80.9920501709
pry,2006,83.5863265991
pry,2007,83.6718902588
pry,2008,82.2742919922
pry,2009,85.5383071899
pry,2010,83.7920608521
pry,2011,86.7446517944
per,1972,66.9642486572
per,1973,65.2008209229
per,1974,67.0364685059
per,1975,71.2214813232
per,1976,67.7611999512
per,1977,74.0724792480
per,1978,68.2107009888
per,1979,70.9692382812
per,1980,75.7129516602
per,1992,78.7846069336
per,1998,87.8934631348
per,1999,87.4623031616
per,2000,86.1014709473
per,2001,83.6525192261
per,2003,89.7171325684
per,2004,90.2791671753
per,2005,89.4717178345
per,2006,93.1769409180
per,2007,86.1862030029
per,2008,91.0385818481
per,2009,93.1551132202
per,2010,85.0634384155
per,2011,78.8386688232
per,2013,92.5640487671
per,2016,94.5240936279
phl,1982,70.4506530762
phl,1983,71.8107681274
phl,1984,70.2633132935
phl,1985,70.6167068481
phl,1986,78.9253463745
phl,1987,77.8055267334
phl,1988,74.7581481934
phl,1989,75.2840576172
phl,1997,73.5424575806
phl,1998,73.6789321899
phl,2001,79.2645416260
phl,2002,75.9771423340
phl,2003,75.3076477051
phl,2004,74.9109115601
phl,2005,73.9647598267
phl,2006,76.8399963379
phl,2007,78.4102478027
phl,2008,78.6771392822
phl,2014,87.3040466309
phl,2015,89.5216293335
pol,1971,96.8436203003
pol,1972,96.8822402954
pol,1973,96.8312301636
pol,1974,97.4685897827
pol,1975,98.1076736450
pol,1976,98.0589981079
pol,1977,97.4136886597
pol,1978,97.3187332153
pol,1979,97.4592285156
pol,1980,98.0445327759
pol,1981,97.9897994995
pol,1982,97.5091094971
pol,1983,97.7027816772
pol,1984,97.7096099854
pol,1985,98.0470199585
pol,1986,97.7337875366
pol,1987,97.5868606567
pol,1988,95.8901519775
pol,1989,95.6263732910
pol,1990,95.7896270752
pol,1991,97.7789535522
pol,1992,100.0000000000
pol,1993,99.2608871460
pol,1994,93.1231002808
pol,1995,98.0951309204
pol,1997,91.2423629761
pol,1998,100.0000000000
pol,1999,98.5718765259
pol,2000,99.2730102539
pol,2001,98.5368804932
pol,2002,99.2747726440
pol,2003,99.7670135498
pol,2004,99.2743377686
pol,2005,98.6418304443
pol,2006,97.7131576538
pol,2008,97.9679870605
pol,2009,99.4764404297
pol,2010,98.9867477417
pol,2011,98.8992004395
pol,2012,98.3525390625
pol,2013,98.2869033813
pol,2014,98.4099502563
pol,2015,98.3758316040
prt,1971,58.9521713257
prt,1972,64.1659011841
prt,1973,68.2816696167
prt,1974,71.4157562256
pri,2014,83.4693222046
qat,1971,94.9445800781
qat,1972,94.0535125732
qat,1973,93.7334594727
qat,1974,94.5613632202
qat,1975,92.9807281494
qat,1976,95.6084823608
qat,1977,90.1209716797
qat,1978,91.6550216675
qat,1979,91.6976699829
qat,1980,95.4272918701
qat,1981,97.5923309326
qat,1983,97.1426010132
qat,1984,98.6096878052
qat,1985,97.9225997925
qat,1989,93.4462966919
qat,1992,93.2957382202
qat,1993,96.9202728271
qat,1994,94.8883972168
qat,1995,97.2561187744
qat,1998,77.5508117676
qat,2005,85.4145431519
qat,2007,95.5011520386
qat,2012,98.6966094971
qat,2015,99.0409622192
qat,2016,97.1559677124
rwa,1971,39.5986213684
rwa,1972,41.6921806335
rwa,1973,44.1875190735
rwa,1974,47.9861717224
rwa,1976,58.2690696716
rwa,1977,56.3334388733
rwa,1979,76.0886230469
rwa,1980,81.7772293091
rwa,1981,71.3767013550
rwa,1982,57.0043907166
rwa,1983,62.5529518127
rwa,1984,63.9577713013
rwa,1985,64.6614913940
rwa,1986,68.8982467651
rwa,1987,67.1790924072
rwa,1988,66.6342391968
rwa,1989,59.5797805786
rwa,1990,58.9006385803
rwa,1991,59.9670982361
rwa,1999,45.2568511963
rwa,2000,41.7322883606
rwa,2001,41.2480316162
rwa,2002,46.6470184326
rwa,2003,45.9160614014
rwa,2008,48.5136489868
rwa,2009,47.1933288574
rwa,2011,51.9381484985
rwa,2012,51.1689682007
rwa,2013,52.2274208069
rwa,2014,61.9732208252
rwa,2015,74.7947387695
rwa,2016,70.7109603882
wsm,1994,92.7120819092
wsm,1995,86.2886123657
wsm,1996,85.0476074219
wsm,1998,73.8020935059
wsm,1999,91.0668106079
wsm,2000,91.9779434204
wsm,2002,90.2654495239
wsm,2003,90.0718917847
wsm,2004,87.1655273438
wsm,2005,87.7761993408
wsm,2006,90.6647872925
wsm,2010,79.5043334961
wsm,2011,91.7386322021
wsm,2014,92.3025436401
wsm,2015,94.0213012695
wsm,2016,88.8954391479
smr,1971,96.7706375122
smr,1982,100.0000000000
smr,1983,99.6563568115
smr,1984,100.0000000000
smr,1986,96.7971496582
smr,1987,98.8644409180
smr,1988,100.0000000000
smr,1989,100.0000000000
smr,1990,100.0000000000
smr,1991,88.1091690063
smr,1992,85.4487915039
smr,1993,100.0000000000
smr,2008,93.5644912720
smr,2010,71.6864013672
smr,2011,96.2455902100
stp,1998,27.2931308746
stp,2001,62.2792015076
stp,2002,65.8746566772
stp,2003,67.2315826416
stp,2004,77.0101928711
stp,2007,79.1854705811
stp,2008,77.3472137451
stp,2009,79.1069183350
stp,2010,88.3794174194
stp,2015,87.8220062256
stp,2016,95.5225677490
sau,2007,93.8825531006
sau,2011,98.9559936523
sau,2013,92.6132278442
sau,2015,78.1298065186
sen,1971,73.0576400757
sen,1972,70.0555877686
sen,1978,86.3495178223
sen,1979,83.2575073242
sen,1980,84.4679489136
sen,1981,86.0523300171
sen,1982,86.7344512939
sen,1983,83.9626770020
sen,1984,84.7944030762
sen,1985,83.5646591187
sen,1987,88.5306930542
sen,1988,85.6668701172
sen,1989,88.2249984741
sen,1991,84.5232925415
sen,1993,86.8496017456
sen,1995,81.2201995850
sen,1996,85.4073181152
sen,1997,86.9232101440
sen,2000,72.3397064209
sen,2001,67.5143203735
sen,2002,80.0444030762
sen,2003,78.2025604248
sen,2004,73.0222167969
sen,2005,65.0515289307
sen,2007,70.9370574951
sen,2008,69.8311004639
sen,2009,73.6738510132
sen,2010,71.7609863281
sen,2011,73.2790679932
sen,2012,69.5723037720
sen,2013,77.6841888428
sen,2014,71.9269027710
sen,2015,76.0891418457
sen,2016,76.8105697632
syc,1970,91.3549270630
syc,1971,89.9769668579
syc,1973,91.3999481201
syc,1974,91.2200698853
syc,1975,83.3221206665
syc,1977,88.8892288208
syc,1979,88.9655609131
syc,1980,96.4415130615
syc,1981,96.9519729614
syc,1982,94.8026580811
syc,1983,96.5489807129
syc,1984,98.1902236938
syc,1985,95.0735473633
syc,1986,94.0155487061
syc,1987,94.7056579590
syc,1988,95.2953262329
syc,1991,92.6680679321
syc,1992,94.6103591919
syc,1993,95.3745422363
syc,1996,95.3348617554
syc,1997,94.4756774902
syc,1998,95.9236984253
syc,1999,96.3461227417
syc,2000,90.9532699585
syc,2001,97.7967910767
syc,2002,98.3230285645
syc,2003,88.3001632690
syc,2007,92.3402328491
syc,2008,94.9298019409
syc,2009,95.5607604980
syc,2010,96.0432586670
syc,2013,87.9436264038
syc,2014,92.3094406128
syc,2015,97.0737075806
sle,1977,56.3234786987
sle,2012,59.6502304077
sle,2015,60.0460281372
sle,2016,59.0355796814
sgp,1971,96.5577392578
sgp,1972,97.2917861938
sgp,1973,96.3101272583
sgp,1974,97.7288894653
sgp,1975,96.7098770142
sgp,1976,97.5394363403
sgp,1977,95.6653900146
sgp,1978,92.2217712402
sgp,1979,95.4685211182
sgp,1980,97.2321701050
sgp,1981,99.0501174927
sgp,1982,99.3785781860
sgp,1983,99.2422790527
sgp,2008,99.3373565674
svn,2008,99.5653381348
svn,2009,99.3395690918
svn,2010,98.7015686035
svn,2011,99.2839431763
svn,2012,99.7296066284
svn,2013,99.2208023071
svn,2014,98.7339096069
svn,2015,99.3395080566
slb,1974,76.9929428101
slb,1979,85.2490310669
slb,1980,69.0402908325
slb,1981,73.4726181030
slb,1982,87.9526977539
slb,1983,78.4677963257
slb,1990,84.9056396484
slb,1991,87.7955093384
slb,1992,83.7595062256
slb,1993,81.1608886719
slb,2010,83.1564331055
slb,2011,72.4555130005
slb,2012,83.8988571167
slb,2013,80.6019821167
slb,2014,78.7135467529
slb,2015,86.7810897827
slb,2016,78.5360412598
zaf,1990,75.3264617920
zaf,1998,78.5990371704
zaf,1999,64.7592391968
zaf,2001,85.9743576050
zaf,2002,84.1285400391
zaf,2003,82.4504165649
zaf,2015,86.5064620972
esp,1980,92.8687362671
esp,1981,94.5349197388
esp,1982,93.1341934204
esp,1983,93.5557479858
esp,1984,96.4483337402
esp,1985,95.5106735229
esp,1986,96.8249282837
esp,1987,92.8639297485
esp,1988,96.2154388428
esp,1989,96.9541778564
esp,2005,99.4472503662
esp,2008,99.6852798462
esp,2009,95.4436721802
esp,2010,98.6053466797
esp,2011,98.1508636475
esp,2013,97.6927032471
esp,2014,98.3961334229
esp,2015,99.3265304565
lka,1974,66.0289230347
lka,1975,74.4401779175
lka,1976,78.5458908081
lka,1978,93.9971618652
lka,1981,89.8530502319
lka,1982,91.2656173706
lka,1983,90.9558563232
lka,1984,92.3861312866
lka,1985,92.7388381958
lka,1986,93.3745880127
lka,1988,95.3850631714
lka,1989,90.7633666992
lka,1990,94.3731765747
lka,1991,92.2049331665
lka,2001,97.7851409912
lka,2002,98.0604324341
lka,2005,98.7358627319
lka,2006,98.6328964233
lka,2010,97.3305130005
lka,2011,96.5749130249
lka,2012,98.4725875854
lka,2013,98.2019577026
lka,2014,99.1807022095
lka,2015,98.3890228271
lka,2016,98.4452209473
kna,2000,82.8464584351
kna,2007,81.2528762817
kna,2009,83.8108825684
kna,2011,87.3478698730
kna,2012,95.3886032104
kna,2014,97.9948577881
lca,1983,94.4393997192
lca,1989,92.3948516846
lca,1990,93.9781723022
lca,1992,91.6356811523
lca,2001,93.7528991699
lca,2003,89.4190979004
lca,2004,95.8298797607
lca,2006,93.3235702515
lca,2007,95.6748199463
lca,2008,94.2266769409
lca,2009,94.6661911011
lca,2010,93.7237777710
lca,2011,92.4901580811
lca,2012,95.0131835938
lca,2013,92.1433410645
lca,2016,94.1112594604
vct,2009,86.4555282593
vct,2010,79.4312820435
vct,2012,91.3678207397
vct,2013,96.0923614502
vct,2014,92.0850982666
vct,2015,94.4586563110
vct,2016,91.8733673096
sdn,2009,79.6511993408
sdn,2011,86.8442535400
sdn,2012,86.7898178101
sdn,2013,81.3414688110
sdn,2014,83.1076889038
sdn,2015,89.7534866333
sdn,2016,82.8294830322
sur,1975,38.1633987427
sur,1977,68.9883270264
sur,1978,76.0337600708
sur,1981,92.4307632446
sur,1982,83.3236083984
sur,1983,81.2888107300
sur,1984,74.8095626831
sur,1987,82.8372879028
sur,2005,80.9356536865
sur,2006,79.8105316162
sur,2008,94.0604934692
sur,2009,81.5871505737
sur,2010,88.7649612427
sur,2011,95.8456573486
sur,2012,93.1468582153
sur,2013,91.0050964355
sur,2014,96.8470764160
sur,2015,95.5063934326
sur,2016,73.1890029907
swe,1971,98.2437591553
swe,1972,96.7648468018
swe,1973,96.5479812622
swe,1974,97.5661697388
swe,1975,99.1237030029
swe,1976,99.4519195557
swe,1978,99.0996017456
swe,1979,99.2734603882
swe,1980,98.9508590698
swe,1981,98.2319335938
swe,1982,98.3727264404
swe,1983,98.6732406616
swe,1987,99.3661880493
swe,1988,99.5664825439
swe,1989,99.7141799927
swe,1990,99.6336212158
swe,1991,99.7235183716
swe,1999,98.4331970215
swe,2000,99.3010101318
swe,2001,98.7892303467
swe,2002,98.9978790283
swe,2003,99.0243301392
swe,2004,99.0913314819
swe,2005,98.9618682861
swe,2006,99.4050216675
swe,2007,99.7287216187
swe,2008,99.0403213501
swe,2009,99.5294189453
swe,2010,96.5446929932
swe,2012,99.7461929321
swe,2013,99.6089019775
che,1977,78.7023925781
che,1978,73.7964477539
che,1979,73.7985000610
che,1980,54.9875984192
che,1981,74.1008911133
che,1982,73.1091690063
che,1983,73.0027618408
che,1984,72.4959869385
che,1985,72.7261505127
che,1986,73.3816070557
che,2015,99.5249633789
syr,1971,88.8689804077
syr,1972,91.9695281982
syr,1973,85.4073486328
syr,1974,85.1494522095
syr,1975,88.7740707397
syr,1976,85.5196914673
syr,1977,84.1993865967
syr,1978,87.8441619873
syr,1979,85.8760986328
syr,1980,86.9645385742
syr,1981,90.5982437134
syr,1982,90.5633392334
syr,1983,92.6335906982
syr,1984,95.0990524292
syr,1985,95.9721603394
syr,1988,92.4574203491
syr,1989,89.4598617554
syr,1990,95.8253707886
syr,1991,93.6502685547
syr,1992,91.8149871826
syr,1993,92.2536621094
syr,1994,89.8343505859
syr,1995,90.9343566895
syr,1996,93.5229110718
syr,1997,87.3601303101
syr,1998,90.6947021484
syr,1999,91.7723617554
syr,2000,92.0764312744
syr,2001,92.3779678345
tza,1970,63.8969497681
tza,1971,72.9088821411
tza,1972,80.3206405640
tza,1973,88.7743530273
tza,1974,91.5588073730
tza,1975,85.6758575439
tza,1980,89.4403228760
tza,1981,81.1128768921
tza,1982,94.6104125977
tza,1983,84.5076293945
tza,1984,78.5523986816
tza,1985,86.1932220459
tza,1986,76.7987365723
tza,1987,75.6007995605
tza,1988,80.2127609253
tza,1990,78.4510116577
tza,1991,81.8158798218
tza,1992,83.2054519653
tza,1993,78.7446365356
tza,1996,81.3092575073
tza,1997,76.6171798706
tza,1998,80.8948669434
tza,1999,79.7281417847
tza,2000,81.3610534668
tza,2001,96.5420303345
tza,2003,87.7673568726
tza,2004,83.9535293579
tza,2005,84.9689712524
tza,2006,86.8568572998
tza,2008,80.8660736084
tza,2009,89.8206100464
tza,2012,80.7652893066
tha,1974,43.8384017944
tha,1975,45.8317909241
tha,1976,48.7417907715
tha,1977,52.7932090759
tha,1980,84.2161331177
tha,1999,85.4607620239
tha,2000,95.2132568359
tha,2014,87.4027328491
tha,2016,93.5819015503
tls,2008,79.4592895508
tls,2009,70.5252227783
tls,2010,84.2046966553
tls,2011,79.3106384277
tls,2012,80.7667999268
tls,2013,84.5103378296
tls,2014,85.5425415039
tls,2015,83.8320312500
tgo,1971,75.5187225342
tgo,1978,79.3158187866
tgo,1979,74.5023727417
tgo,1980,67.3318328857
tgo,1981,53.7446212769
tgo,1982,53.7646293640
tgo,1983,37.4365310669
tgo,1984,45.9030189514
tgo,1985,51.4608688354
tgo,1986,73.5066604614
tgo,1987,62.3939514160
tgo,1988,61.2806396484
tgo,1989,67.9723281860
tgo,1990,68.3885574341
tgo,1991,51.0705490112
tgo,1995,70.8367309570
tgo,1999,52.4820289612
tgo,2000,74.7403411865
tgo,2002,69.2649765015
tgo,2003,76.7742462158
tgo,2004,75.2474594116
tgo,2005,84.6517791748
tgo,2007,75.7142333984
tgo,2009,77.6690979004
tgo,2010,60.7505493164
tgo,2011,74.9156723022
tgo,2012,70.8647308350
tgo,2013,60.7948608398
tgo,2014,64.0029983521
ton,1977,91.2683486938
ton,1978,91.9313201904
ton,1983,95.7294082642
ton,1985,91.3716888428
ton,1992,83.9800872803
ton,2000,92.4755477905
ton,2004,89.0545730591
ton,2005,91.5549774170
tto,1990,82.0806198120
tto,2000,94.8431472778
tto,2003,96.9064712524
tto,2004,89.9429016113
tto,2007,94.7026977539
tto,2008,96.1443786621
tto,2009,92.0656967163
tun,1971,67.9356994629
tun,1972,63.0659790039
tun,1973,70.0077362061
tun,1974,84.3224182129
tun,1975,84.1728668213
tun,1976,86.5058288574
tun,1977,87.9355697632
tun,1978,84.5554504395
tun,1979,85.8311309814
tun,1980,86.7549133301
tun,1981,86.6088485718
tun,1982,87.6581802368
tun,1983,87.0450210571
tun,1984,87.5056076050
tun,1985,87.4752578735
tun,1988,85.9263229370
tun,1989,87.2755508423
tun,1990,87.3391494751
tun,1991,86.5651321411
tun,1992,87.6408386230
tun,1993,90.5038833618
tun,1994,91.6705017090
tun,1995,92.3925933838
tun,1996,91.0121383667
tun,1998,91.5964126587
tun,1999,92.1607589722
tun,2000,93.1024475098
tun,2001,95.4565277100
tun,2002,96.1536865234
tun,2003,96.4947509766
tun,2004,96.8361587524
tun,2005,96.7288436890
tun,2006,96.4259109497
tun,2007,96.0750198364
tun,2008,96.0895690918
tun,2009,96.1914825439
tun,2012,95.6957092285
tun,2013,94.4507293701
tun,2014,96.2802505493
tur,1984,93.2579803467
tur,1985,97.5180969238
tur,1986,95.9664535522
tur,1987,97.0651016235
tur,1988,96.3904190063
tur,1989,96.5584335327
tur,1990,95.5843200684
tur,1991,97.5205078125
tur,1992,92.1886596680
tur,1993,89.0133438110
tur,1994,93.0803833008
tur,2003,94.8894271851
tur,2004,96.6129226685
tur,2005,97.8421707153
tur,2006,97.5021133423
tur,2007,94.2315216064
tur,2008,91.8130722046
tur,2009,99.2185668945
tur,2010,95.0054092407
tur,2011,90.0246505737
tur,2014,0.0000000000
tuv,2001,52.2015800476
tuv,2005,90.1302719116
tuv,2014,93.8435668945
tuv,2015,61.2988586426
uga,1975,77.9065017700
uga,1978,61.1946411133
uga,1981,78.0287780762
uga,1985,63.4091186523
uga,2000,57.1395301819
uga,2001,63.2933692932
uga,2002,58.0377502441
uga,2003,41.9329109192
uga,2004,48.6669998169
uga,2006,57.9617004395
uga,2008,57.6531600952
uga,2010,48.2453994751
uga,2011,62.3534011841
uga,2012,61.4036293030
uga,2016,61.1223793030
are,1973,70.0432662964
are,1974,81.5305709839
are,1977,96.6413116455
are,1978,92.5625991821
are,1979,95.6212463379
are,1982,97.9581604004
are,1983,90.0313415527
are,1984,83.8193130493
are,1985,91.8489990234
are,1986,87.9105606079
are,1987,91.9877624512
are,1988,96.3998489380
are,1989,96.9737396240
are,1990,95.8882675171
are,1991,80.0416030884
are,1992,88.7771301270
are,1993,98.4325714111
are,1994,97.7957992554
are,1995,81.9822692871
are,1996,83.4152069092
are,1997,92.8326721191
are,1998,96.9655914307
are,1999,92.1134872437
are,2000,95.1208419800
are,2001,95.6328964233
are,2003,94.0512619019
are,2004,95.2197494507
are,2005,97.9388732910
are,2006,96.6817169189
are,2010,84.4456634521
are,2012,91.9590072632
gbr,2015,97.6380081177
ury,1970,87.6798629761
ury,1971,90.0627822876
ury,1972,92.2682113647
ury,1973,84.3524398804
ury,1976,82.2607727051
ury,1977,91.2882690430
ury,1984,95.8181610107
ury,1985,89.8342208862
ury,1986,94.3763275146
ury,1987,95.3532104492
ury,1988,96.7723083496
ury,1989,95.4466171265
ury,1990,94.4694595337
ury,1991,94.9286880493
ury,1992,95.7463836670
ury,1993,94.3154983521
ury,1994,95.8801422119
ury,1995,97.7382736206
ury,1996,94.2440109253
ury,1997,95.7122268677
ury,1998,87.0549087524
ury,2000,88.5656280518
ury,2001,92.8949127197
ury,2002,88.4537582397
ury,2003,91.1658401489
ury,2004,94.8708114624
ury,2005,93.1352691650
ury,2006,94.3592071533
ury,2007,94.5199127197
ury,2008,95.3748168945
ury,2009,94.8350067139
ury,2013,99.2647781372
ury,2014,98.9350891113
ury,2015,99.6248779297
vut,1993,74.9893417358
vut,1999,72.0842819214
vut,2006,82.3214874268
vut,2007,82.2424087524
vut,2008,76.1102905273
ven,1971,65.0110092163
ven,1972,64.9274063110
ven,1973,63.2834892273
ven,1974,64.8947601318
ven,1975,69.6830596924
ven,1976,65.1554336548
ven,1977,73.7928009033
ven,1978,72.8919830322
ven,1979,73.1041488647
ven,1980,75.0711898804
ven,1981,74.4389190674
ven,1982,71.4530715942
ven,1983,70.9585037231
ven,1984,76.7786102295
ven,1985,76.1183776855
ven,1986,80.0112075806
ven,1987,74.9573974609
ven,1988,76.7354812622
ven,1989,80.6160202026
ven,1990,90.6151504517
ven,1991,86.0611724854
ven,1992,78.3954315186
ven,1996,89.0983276367
ven,1999,90.7970733643
ven,2001,89.8082275391
ven,2002,84.2077102661
ven,2003,91.0345993042
ven,2004,91.4297409058
ven,2005,92.0260772705
ven,2006,97.7313385010
ven,2007,84.3350372314
ven,2008,94.0696411133
ven,2009,93.8108825684
ven,2010,95.9990463257
ven,2011,96.0412216187
ven,2012,96.4168167114
ven,2013,91.3622894287
ven,2014,92.5896224976
ven,2015,86.7128677368
ven,2016,87.0302200317
vnm,1978,46.4244499207
vnm,1999,82.8194732666
vnm,2000,85.7421417236
vnm,2001,87.8729171753
vnm,2002,85.1653137207
vnm,2005,92.1208114624
vnm,2010,93.7753219604
vnm,2011,97.4747085571
vnm,2012,94.4978332520
vnm,2013,89.5988388062
vnm,2014,95.9600906372
yem,2001,74.4844665527
yem,2002,75.9059829712
yem,2003,73.1698989868
yem,2004,66.2697067261
yem,2012,75.4046096802
zmb,1971,73.3496780396
zmb,1972,73.4893798828
zmb,1973,77.8893890381
zmb,1974,72.1358032227
zmb,1975,79.1108779907
zmb,1976,80.2380599976
zmb,1977,80.1066513062
zmb,1978,81.8891067505
zmb,1979,84.5598373413
zmb,1980,84.3227233887
zmb,1985,86.0243988037
zmb,1998,78.2000732422
zmb,1999,80.5950393677
zmb,2001,92.9312515259
zmb,2005,87.6465225220
zmb,2006,88.4860000610
zmb,2007,89.0728302002
zmb,2008,70.9723205566
zmb,2009,79.6797409058
zmb,2012,74.4586029053
zwe,1983,77.5600967407
zwe,1998,77.5608215332
zwe,2001,59.8284187317
zwe,2002,69.6665267944
zwe,2012,83.4083328247
