country,year,tm_tax_mrch_ip_zs
eas,1988,42.0392300000
eas,1989,28.3790700000
eas,1990,26.7974700000
eas,1991,38.2912800000
eas,1992,25.8254600000
eas,1993,41.5503300000
eas,1994,39.0170900000
eas,1995,22.2444600000
eas,1996,16.4953600000
eas,1997,17.1851700000
eas,1998,13.5622600000
eas,1999,19.2977100000
eas,2000,13.3919300000
eas,2001,15.3324900000
eas,2002,10.8937900000
eas,2003,14.9959900000
eas,2004,10.9616900000
eas,2005,11.6135400000
eas,2006,11.1661800000
eas,2007,13.6359600000
eas,2008,10.4393500000
eas,2009,10.6133900000
eas,2010,9.7135890000
eas,2011,8.9355370000
eas,2012,6.5969800000
eas,2013,9.0229160000
eas,2014,9.5803040000
eas,2015,8.8689670000
eas,2016,8.8347180000
eas,2017,8.2536760000
eap,1988,55.9686700000
eap,1989,68.8125100000
eap,1990,52.2933200000
eap,1991,58.3363100000
eap,1992,69.9041800000
eap,1993,58.9150700000
eap,1994,61.8164600000
eap,1995,49.0612600000
eap,1996,34.9662300000
eap,1997,36.4745100000
eap,1998,26.2199200000
eap,1999,37.0597300000
eap,2000,26.7033400000
eap,2001,27.4794400000
eap,2002,18.2795600000
eap,2003,25.0944500000
eap,2004,17.1563100000
eap,2005,17.2971800000
eap,2006,16.6001400000
eap,2007,21.3455700000
eap,2008,15.2308300000
eap,2009,16.2457000000
eap,2010,14.4783800000
eap,2011,14.4361100000
eap,2012,11.2057100000
eap,2013,16.7597300000
eap,2014,17.3652800000
eap,2015,15.0047000000
eap,2016,14.0243400000
eap,2017,15.9274000000
ecs,1988,9.4955430000
ecs,1989,3.5964480000
ecs,1990,18.8657400000
ecs,1991,19.4921800000
ecs,1992,21.5973800000
ecs,1993,7.0201090000
ecs,1994,27.2598400000
ecs,1995,10.7315900000
ecs,1996,13.6001100000
ecs,1997,15.9898900000
ecs,1998,9.8556460000
ecs,1999,9.9069830000
ecs,2000,9.7141070000
ecs,2001,11.4026700000
ecs,2002,10.3267500000
ecs,2003,7.4878610000
ecs,2004,9.0810040000
ecs,2005,9.7012590000
ecs,2006,7.0198450000
ecs,2007,12.6358300000
ecs,2008,13.6213300000
ecs,2009,12.2491600000
ecs,2010,8.1988620000
ecs,2011,11.2167900000
ecs,2012,5.5994750000
ecs,2013,11.6539400000
ecs,2014,10.3040900000
ecs,2015,8.1811410000
ecs,2016,6.2982700000
ecs,2017,5.7864650000
eca,1991,55.1582300000
eca,1993,4.5903220000
eca,1994,27.2598400000
eca,1995,8.3127980000
eca,1996,16.1934200000
eca,1997,19.5428100000
eca,1998,12.0404300000
eca,1999,13.9412600000
eca,2000,13.6112200000
eca,2001,14.3895800000
eca,2002,12.6788100000
eca,2003,7.0020300000
eca,2004,12.4303900000
eca,2005,13.3859600000
eca,2006,7.3501670000
eca,2007,15.5176000000
eca,2008,16.1340300000
eca,2009,14.1058100000
eca,2010,8.9569920000
eca,2011,12.0382800000
eca,2012,5.0188170000
eca,2013,13.0107500000
eca,2014,10.7748700000
eca,2015,8.2088350000
eca,2016,6.0487260000
eca,2017,5.5877920000
euu,1988,4.2084040000
euu,1989,4.3386300000
euu,1990,11.5249500000
euu,1991,6.3213930000
euu,1992,6.2928400000
euu,1993,5.0852960000
euu,1994,5.1576190000
euu,1995,7.1621610000
euu,1996,9.9067880000
euu,1997,8.8379600000
euu,1998,6.8000040000
euu,1999,6.0253790000
euu,2000,5.2014210000
euu,2001,6.0992550000
euu,2002,7.4008150000
euu,2003,7.4759630000
euu,2004,5.3021800000
euu,2005,4.3711880000
euu,2006,5.1571230000
euu,2007,5.1845100000
euu,2008,4.1824890000
euu,2009,4.0704770000
euu,2010,4.6493630000
euu,2011,4.2735690000
euu,2012,4.2553720000
euu,2013,4.4101960000
euu,2014,5.1837850000
euu,2015,5.2640510000
euu,2016,5.0687320000
euu,2017,5.4477470000
hic,1988,20.8580900000
hic,1989,9.6945660000
hic,1990,14.4153900000
hic,1991,16.1235300000
hic,1992,13.3133900000
hic,1993,11.5271400000
hic,1994,8.3449480000
hic,1995,12.4934500000
hic,1996,12.5371200000
hic,1997,11.5268300000
hic,1998,11.7753100000
hic,1999,12.1390900000
hic,2000,10.2834700000
hic,2001,11.3352400000
hic,2002,10.5126600000
hic,2003,8.0784930000
hic,2004,8.7341620000
hic,2005,6.8945210000
hic,2006,7.7336720000
hic,2007,8.5099570000
hic,2008,8.5159250000
hic,2009,7.0751230000
hic,2010,8.2153360000
hic,2011,7.5663680000
hic,2012,6.8728920000
hic,2013,7.5405160000
hic,2014,6.9371430000
hic,2015,6.4459690000
hic,2016,7.1720380000
hic,2017,6.1016120000
lcn,1989,92.1901200000
lcn,1990,83.0027700000
lcn,1991,37.9519600000
lcn,1992,35.2180400000
lcn,1993,26.8895000000
lcn,1994,26.2131200000
lcn,1995,23.9080000000
lcn,1996,28.8325700000
lcn,1997,25.5611200000
lcn,1998,27.2477300000
lcn,1999,25.6585400000
lcn,2000,30.4876400000
lcn,2001,29.0394700000
lcn,2002,28.6020900000
lcn,2003,25.8526500000
lcn,2004,22.1326500000
lcn,2005,15.8284800000
lcn,2006,16.5862100000
lcn,2007,21.3469600000
lcn,2008,21.0251600000
lcn,2009,18.8217500000
lcn,2010,17.6396200000
lcn,2011,18.1543600000
lcn,2012,14.7644900000
lcn,2013,19.2197200000
lcn,2014,17.7845200000
lcn,2015,18.0915600000
lcn,2016,18.8936400000
lcn,2017,18.2661400000
lac,1989,92.1901200000
lac,1990,83.0027700000
lac,1991,37.9006500000
lac,1992,35.0248800000
lac,1993,26.8895000000
lac,1994,26.2131200000
lac,1995,23.9080000000
lac,1996,28.0399900000
lac,1997,25.5611200000
lac,1998,27.2477300000
lac,1999,24.6857100000
lac,2000,30.0737800000
lac,2001,28.3348000000
lac,2002,27.4185200000
lac,2003,24.8969400000
lac,2004,21.2410200000
lac,2005,15.2921900000
lac,2006,14.9761000000
lac,2007,20.1692100000
lac,2008,20.3663800000
lac,2009,18.6173400000
lac,2010,16.3492400000
lac,2011,16.9421700000
lac,2012,14.0193800000
lac,2013,18.3331300000
lac,2014,17.1759900000
lac,2015,17.5499600000
lac,2016,18.0602500000
lac,2017,18.0655300000
lmy,1988,73.0809900000
lmy,1989,63.6561500000
lmy,1990,63.8053900000
lmy,1992,79.0150400000
lmy,1993,49.9155400000
lmy,1994,51.9458500000
lmy,1995,39.1222800000
lmy,1996,29.6878000000
lmy,1997,36.0945200000
lmy,1998,38.6657200000
lmy,1999,38.9027400000
lmy,2000,46.1652000000
lmy,2001,36.5441400000
lmy,2002,40.0119400000
lmy,2003,42.1392100000
lmy,2004,34.5570700000
lmy,2005,22.9258500000
lmy,2006,21.9792200000
lmy,2007,21.3037100000
lmy,2008,22.0995700000
lmy,2009,20.8952600000
lmy,2010,21.6927600000
lmy,2011,19.6522900000
lmy,2012,14.5665600000
lmy,2013,16.6017100000
lmy,2014,21.1158900000
lmy,2015,16.1928300000
lmy,2016,17.3976900000
lmy,2017,14.0264100000
lic,1993,39.8412400000
lic,1994,63.7214200000
lic,1995,30.9163600000
lic,1996,56.5071000000
lic,1997,51.3090200000
lic,1998,42.4158700000
lic,1999,45.9221600000
lic,2000,28.6108700000
lic,2001,35.6912300000
lic,2002,36.1685600000
lic,2003,36.5719400000
lic,2004,32.9386200000
lic,2005,46.0496100000
lic,2006,38.9400500000
lic,2007,42.7789100000
lic,2008,44.0404800000
lic,2009,40.0958300000
lic,2010,40.1615700000
lic,2011,40.2257300000
lic,2012,35.2634500000
lic,2013,36.3830400000
lic,2014,36.7516500000
lic,2015,37.0413200000
lic,2016,32.5246600000
lic,2017,32.1571900000
mea,1990,96.9892200000
mea,1992,71.7983600000
mea,1993,46.9557600000
mea,1994,10.1924000000
mea,1995,75.7127900000
mea,1996,57.5011800000
mea,1997,25.5491000000
mea,1998,65.4133300000
mea,1999,19.4872300000
mea,2000,41.5421100000
mea,2001,31.4891900000
mea,2002,36.9045400000
mea,2003,29.2991700000
mea,2004,20.1535400000
mea,2005,17.5057200000
mea,2006,20.3880200000
mea,2007,13.9506600000
mea,2008,25.1969900000
mea,2009,17.5208900000
mea,2010,29.0064800000
mea,2011,18.4946600000
mea,2012,12.5776000000
mea,2013,10.5392900000
mea,2014,7.9775190000
mea,2015,8.5793970000
mea,2016,11.4305600000
mea,2017,8.8181290000
mna,1990,96.9892200000
mna,1992,97.1452700000
mna,1993,77.6548600000
mna,1995,75.7127900000
mna,1996,57.5011800000
mna,1997,37.2874700000
mna,1998,65.4133300000
mna,1999,46.8529100000
mna,2000,67.4044200000
mna,2001,57.9688900000
mna,2002,63.5888700000
mna,2003,60.8400600000
mna,2004,46.3620400000
mna,2005,38.7483000000
mna,2006,39.0287700000
mna,2007,36.7072000000
mna,2008,45.9423000000
mna,2009,33.6548500000
mna,2010,44.0648300000
mna,2011,39.0122600000
mna,2012,25.8623000000
mna,2013,25.4751600000
mna,2014,18.6651700000
mna,2015,20.2646000000
mna,2016,24.5892800000
mna,2017,22.8403500000
sas,1989,98.1748000000
sas,1990,71.5186500000
sas,1992,94.2239800000
sas,1993,51.0299100000
sas,1994,68.2615200000
sas,1995,92.0734700000
sas,1996,92.3834200000
sas,1997,70.2005900000
sas,1998,60.7265900000
sas,1999,67.8836100000
sas,2000,58.5708000000
sas,2001,58.0801700000
sas,2002,65.0640600000
sas,2003,68.4260100000
sas,2004,68.6091300000
sas,2005,31.3773800000
sas,2006,28.0398500000
sas,2007,26.8710300000
sas,2008,31.6790700000
sas,2009,34.7490700000
sas,2010,28.3712700000
sas,2011,31.8946600000
sas,2012,21.7609000000
sas,2013,22.0170100000
sas,2014,41.5277600000
sas,2015,22.6588900000
sas,2016,25.2326700000
sas,2017,19.1173000000
ssf,1988,43.1213900000
ssf,1989,63.8846200000
ssf,1990,35.2468000000
ssf,1991,29.6219500000
ssf,1992,74.7431200000
ssf,1993,40.8947600000
ssf,1994,67.4677300000
ssf,1995,43.4439600000
ssf,1996,31.4143700000
ssf,1997,46.2604800000
ssf,1998,46.6150100000
ssf,1999,43.0070300000
ssf,2000,36.4269900000
ssf,2001,38.7220400000
ssf,2002,36.8782200000
ssf,2003,38.2938200000
ssf,2004,33.4819400000
ssf,2005,35.4410600000
ssf,2006,33.5049000000
ssf,2007,34.4177100000
ssf,2008,38.5901500000
ssf,2009,36.4804000000
ssf,2010,34.3011900000
ssf,2011,35.7958900000
ssf,2012,33.5884200000
ssf,2013,34.4612000000
ssf,2014,32.6590600000
ssf,2015,32.0762400000
ssf,2016,30.4227600000
ssf,2017,26.8651600000
ssa,1988,43.1213900000
ssa,1989,63.8846200000
ssa,1990,35.2468000000
ssa,1991,29.6219500000
ssa,1992,74.7431200000
ssa,1993,40.8947600000
ssa,1994,67.4677300000
ssa,1995,43.4439600000
ssa,1996,31.4143700000
ssa,1997,46.2604800000
ssa,1998,46.5183100000
ssa,1999,43.0070300000
ssa,2000,36.4269900000
ssa,2001,38.6293400000
ssa,2002,36.7523900000
ssa,2003,38.3831400000
ssa,2004,33.4819400000
ssa,2005,35.2346500000
ssa,2006,33.7055300000
ssa,2007,34.4277300000
ssa,2008,38.6771000000
ssa,2009,36.6147700000
ssa,2010,34.3226600000
ssa,2011,35.7958900000
ssa,2012,33.5884200000
ssa,2013,34.4612000000
ssa,2014,32.6641700000
ssa,2015,32.0762400000
ssa,2016,30.4227600000
ssa,2017,26.8651600000
umc,1988,44.2815800000
umc,1989,92.2562900000
umc,1990,52.3891300000
umc,1991,41.5371600000
umc,1992,58.8265400000
umc,1993,34.3595500000
umc,1994,37.6099700000
umc,1995,24.9827200000
umc,1996,27.5680600000
umc,1997,28.6174200000
umc,1998,25.9832300000
umc,1999,26.3767600000
umc,2000,30.3226800000
umc,2001,26.9486000000
umc,2002,24.3350000000
umc,2003,28.8088500000
umc,2004,22.1499000000
umc,2005,19.3293500000
umc,2006,16.9046200000
umc,2007,22.0407800000
umc,2008,23.5484800000
umc,2009,22.1417100000
umc,2010,17.0039700000
umc,2011,20.0105900000
umc,2012,13.3338600000
umc,2013,19.2640700000
umc,2014,15.7745900000
umc,2015,15.8204100000
umc,2016,15.1432400000
umc,2017,15.2242400000
wld,1988,24.5469000000
wld,1989,23.3878400000
wld,1990,28.4554200000
wld,1991,26.4254600000
wld,1992,25.2283000000
wld,1993,24.2311900000
wld,1994,26.8705400000
wld,1995,19.9712700000
wld,1996,18.8135200000
wld,1997,20.1692200000
wld,1998,19.0587900000
wld,1999,19.3594600000
wld,2000,21.9468000000
wld,2001,20.7296200000
wld,2002,19.8301600000
wld,2003,20.7732300000
wld,2004,18.2332100000
wld,2005,15.4306600000
wld,2006,15.0890500000
wld,2007,16.5925700000
wld,2008,18.0727800000
wld,2009,16.4888600000
wld,2010,15.7542500000
wld,2011,15.6275700000
wld,2012,12.0267400000
wld,2013,14.5916900000
wld,2014,13.7103800000
wld,2015,12.7609300000
wld,2016,12.9409100000
wld,2017,10.8312900000
afg,2004,0.0000000000
afg,2006,11.7221400000
afg,2007,11.5056800000
afg,2008,4.2131460000
afg,2012,5.6949010000
afg,2013,5.3880880000
alb,1997,55.2319600000
alb,2000,37.9137300000
alb,2001,37.9542700000
alb,2002,0.0000000000
alb,2003,0.0175217000
alb,2004,0.0000000000
alb,2005,0.0000000000
alb,2006,0.0000000000
alb,2007,0.0000000000
alb,2008,10.3802500000
alb,2009,0.0000000000
alb,2010,0.0000000000
alb,2011,10.1574000000
alb,2012,0.0000000000
alb,2013,7.3015870000
alb,2014,5.7169300000
alb,2015,5.5099010000
alb,2016,5.3762350000
alb,2017,6.8421050000
dza,1993,44.4933600000
dza,1997,51.9804500000
dza,1998,50.5245000000
dza,2001,50.7981000000
dza,2002,42.3288700000
dza,2003,41.1536400000
dza,2005,40.8053600000
dza,2006,40.0203300000
dza,2007,39.9162000000
dza,2008,60.5801000000
dza,2009,53.3737000000
dza,2014,44.9739500000
dza,2015,45.0084500000
dza,2016,45.1136500000
dza,2017,46.2756000000
ago,2002,15.8475900000
ago,2004,16.4317100000
ago,2005,11.1933700000
ago,2006,11.1933700000
ago,2008,24.8613800000
ago,2009,23.3953800000
ago,2010,10.9444100000
ago,2011,10.8005200000
ago,2012,10.5528700000
ago,2013,10.3063000000
ago,2014,22.5368300000
ago,2015,20.7122600000
ago,2016,21.8981400000
atg,1996,53.5871700000
atg,1999,45.2273100000
atg,2000,54.8833200000
atg,2001,44.2722700000
atg,2002,43.1162000000
atg,2003,46.2376800000
atg,2004,49.0566800000
atg,2005,49.0566800000
atg,2006,39.1794200000
atg,2007,48.2834300000
atg,2008,48.4962700000
atg,2009,48.7964600000
atg,2010,50.5049200000
atg,2011,50.5049200000
atg,2012,43.4691700000
atg,2013,51.9996700000
atg,2014,50.4233600000
atg,2015,50.9965300000
atg,2016,51.0224100000
atg,2017,50.2785600000
arg,1992,30.9623900000
arg,1993,6.6726980000
arg,1995,34.1478900000
arg,1996,35.7436600000
arg,1997,34.7944400000
arg,1998,48.8603700000
arg,1999,45.0525600000
arg,2000,42.4540600000
arg,2001,38.4225700000
arg,2002,54.1506300000
arg,2003,27.9292100000
arg,2004,36.7050300000
arg,2005,22.6106500000
arg,2006,23.2528200000
arg,2007,24.9289500000
arg,2008,25.1662800000
arg,2009,24.8225200000
arg,2010,24.5102100000
arg,2011,24.5749300000
arg,2012,23.8873400000
arg,2013,24.3096300000
arg,2014,24.8013800000
arg,2015,24.3513100000
arg,2016,24.7329300000
arg,2017,24.9507100000
arm,2001,0.0000000000
arm,2003,0.0632431000
arm,2004,0.0425977000
arm,2005,0.1591237000
arm,2006,0.2101338000
arm,2007,0.1209511000
arm,2008,0.0129658000
arm,2009,0.0901773000
arm,2010,0.0794820000
arm,2011,0.1166874000
arm,2012,0.0755379000
arm,2013,0.0762144000
arm,2014,0.0000000000
arm,2015,8.1282220000
arm,2016,4.5609930000
arm,2017,3.6074530000
abw,2011,12.1139500000
abw,2012,11.6624400000
abw,2013,11.6624400000
abw,2015,11.7211500000
abw,2016,11.8557800000
abw,2017,11.5701800000
aus,1991,31.3364400000
aus,1993,11.9931300000
aus,1996,12.4350900000
aus,1997,12.6800900000
aus,1998,12.7322200000
aus,1999,12.6072100000
aus,2000,6.7346850000
aus,2001,6.6014770000
aus,2002,5.7857180000
aus,2003,5.9247330000
aus,2004,6.2469780000
aus,2005,5.9711150000
aus,2006,5.3301790000
aus,2007,5.4003010000
aus,2008,5.5209170000
aus,2009,5.4724890000
aus,2010,0.1926712000
aus,2011,0.0482096000
aus,2012,0.0461435000
aus,2013,0.0471726000
aus,2014,0.0518258000
aus,2015,0.0457845000
aus,2016,0.0483132000
aus,2017,0.0467364000
aut,1988,4.2084040000
aut,1989,4.3386300000
aut,1990,11.5249500000
aut,1991,6.3213930000
aut,1992,6.2928400000
aut,1993,5.0852960000
aut,1994,5.1576190000
aut,1995,7.1621610000
aut,1996,9.9067880000
aut,1997,8.8379600000
aut,1998,6.8000040000
aut,1999,6.0253790000
aut,2000,5.2014210000
aut,2001,6.0992550000
aut,2002,7.4008150000
aut,2003,7.4759630000
aut,2004,5.3021800000
aut,2005,4.3711880000
aut,2006,5.1571230000
aut,2007,5.1845100000
aut,2008,4.1824890000
aut,2009,4.0704770000
aut,2010,4.6493630000
aut,2011,4.2735690000
aut,2012,4.2553720000
aut,2013,4.4101960000
aut,2014,5.1837850000
aut,2015,5.2640510000
aut,2016,5.0687320000
aut,2017,5.4477470000
aze,2002,2.4977830000
aze,2005,1.8108650000
aze,2007,49.3528400000
aze,2008,46.9525400000
aze,2009,48.4318500000
aze,2011,48.7833400000
aze,2012,1.4693420000
aze,2013,49.0197200000
aze,2014,49.6714300000
aze,2015,47.8793200000
bhs,1999,86.3347200000
bhs,2002,79.3953500000
bhs,2006,77.3584900000
bhs,2010,69.0059400000
bhs,2011,69.2108600000
bhs,2013,62.3446700000
bhs,2014,62.7056500000
bhs,2015,62.2264600000
bhs,2016,60.8320600000
bhr,1999,4.0941030000
bhr,2000,3.6929740000
bhr,2001,4.0244720000
bhr,2002,1.0841330000
bhr,2003,1.0362860000
bhr,2004,1.0309620000
bhr,2005,0.2464110000
bhr,2006,0.3003311000
bhr,2007,0.3055845000
bhr,2008,0.2749484000
bhr,2009,0.3570138000
bhr,2010,1.0911480000
bhr,2011,0.8613235000
bhr,2012,0.8613235000
bhr,2013,0.0512457000
bhr,2014,0.0402880000
bhr,2015,0.0305659000
bhr,2016,0.0303306000
bhr,2017,0.1486947000
bgd,1989,98.1748000000
bgd,1994,99.2176500000
bgd,1998,70.9600500000
bgd,1999,56.7649600000
bgd,2000,56.5235000000
bgd,2001,51.9314900000
bgd,2002,52.6596000000
bgd,2003,51.5313900000
bgd,2004,50.0691500000
bgd,2005,40.7384000000
bgd,2006,39.9897000000
bgd,2007,39.8988000000
bgd,2008,37.2755400000
bgd,2009,40.4905700000
bgd,2010,39.6963100000
bgd,2011,39.3880700000
bgd,2012,38.7350700000
bgd,2013,38.2611400000
bgd,2015,36.3893200000
bgd,2016,39.2642000000
brb,1996,45.7850200000
brb,1999,41.1123500000
brb,2000,42.0515600000
brb,2001,46.0346600000
brb,2002,46.1484900000
brb,2003,46.4626100000
brb,2004,39.2901400000
brb,2006,45.2578800000
brb,2007,44.8973600000
brb,2010,42.4736100000
brb,2011,42.5808500000
brb,2012,35.5699800000
brb,2013,46.8065000000
blr,1996,29.7523200000
blr,1997,30.6509300000
blr,2000,11.9035500000
blr,2001,11.5633500000
blr,2002,18.2652700000
blr,2008,35.6063700000
blr,2009,35.2680000000
blr,2010,7.2625810000
blr,2011,22.4834400000
blr,2012,7.5904800000
blr,2013,22.9842600000
blr,2014,9.7470030000
blr,2015,6.9751730000
blr,2016,4.0580930000
blr,2017,3.6727240000
bel,1988,4.2084040000
bel,1989,4.3386300000
bel,1990,11.5249500000
bel,1991,6.3213930000
bel,1992,6.2928400000
bel,1993,5.0852960000
bel,1994,5.1576190000
bel,1995,7.1621610000
bel,1996,9.9067880000
bel,1997,8.8379600000
bel,1998,6.8000040000
bel,1999,6.0253790000
bel,2000,5.2014210000
bel,2001,6.0992550000
bel,2002,7.4008150000
bel,2003,7.4759630000
bel,2004,5.3021800000
bel,2005,4.3711880000
bel,2006,5.1571230000
bel,2007,5.1845100000
bel,2008,4.1824890000
bel,2009,4.0704770000
bel,2010,4.6493630000
bel,2011,4.2735690000
bel,2012,4.2553720000
bel,2013,4.4101960000
bel,2014,5.1837850000
bel,2015,5.2640510000
bel,2016,5.0687320000
bel,2017,5.4477470000
blz,1996,42.6211500000
blz,1999,36.3009500000
blz,2001,38.9141800000
blz,2002,40.9679400000
blz,2003,39.8051000000
blz,2006,35.8718300000
blz,2007,43.3492900000
blz,2008,43.8279200000
blz,2009,39.4637600000
blz,2010,39.4577300000
blz,2011,43.7825500000
blz,2012,33.8291400000
blz,2013,42.3327800000
blz,2014,42.1685800000
blz,2015,41.8279100000
blz,2016,40.1935300000
blz,2017,40.0816100000
ben,2001,54.9142100000
ben,2002,54.2782200000
ben,2003,53.3110400000
ben,2004,52.7796300000
ben,2005,55.4532500000
ben,2006,52.2574900000
ben,2007,52.9269100000
ben,2008,51.2659100000
ben,2009,50.8312600000
ben,2010,50.5354500000
ben,2011,50.2417000000
ben,2012,50.2417000000
ben,2013,49.2314000000
ben,2014,49.0452300000
ben,2015,43.5746900000
ben,2016,40.1616800000
ben,2017,47.0364200000
bmu,2007,66.9030900000
bmu,2008,67.0967700000
bmu,2009,66.9998300000
bmu,2010,65.3824000000
bmu,2011,68.0649300000
bmu,2012,63.8116100000
bmu,2013,64.2606600000
bmu,2014,63.3984300000
bmu,2015,63.7460000000
bmu,2016,63.7078100000
bmu,2017,62.8451600000
btn,1996,50.6377600000
btn,2002,51.3392900000
btn,2004,62.5296200000
btn,2005,62.6500700000
btn,2007,32.4862700000
btn,2015,32.8012800000
bol,1993,0.0000000000
bol,1994,0.0000000000
bol,1995,0.0000000000
bol,1996,0.0000000000
bol,1997,0.0000000000
bol,1998,0.0000000000
bol,1999,0.0000000000
bol,2000,0.0000000000
bol,2001,0.0000000000
bol,2002,3.7985200000
bol,2003,0.0000000000
bol,2004,0.0000000000
bol,2005,0.0000000000
bol,2006,0.0000000000
bol,2007,0.0000000000
bol,2008,0.0000000000
bol,2009,15.2657500000
bol,2010,12.2657900000
bol,2011,17.4750900000
bol,2012,12.0055500000
bol,2013,18.2089200000
bol,2014,18.5516600000
bol,2015,18.4383200000
bol,2016,18.4329400000
bol,2017,20.1009900000
bih,2001,0.0000000000
bih,2006,4.5549240000
bih,2007,14.7296400000
bih,2008,14.0475900000
bih,2009,8.2672710000
bih,2010,2.6381010000
bih,2011,7.8704230000
bih,2012,1.8610040000
bih,2013,7.3228910000
bih,2014,7.9591480000
bih,2015,6.4301160000
bih,2016,6.8045570000
bih,2017,7.3974650000
bwa,2001,20.2420900000
bwa,2002,21.0552800000
bwa,2004,18.7134700000
bwa,2005,18.0731800000
bwa,2006,18.0935800000
bwa,2007,17.9189200000
bwa,2008,27.6132800000
bwa,2009,26.9740900000
bwa,2010,18.5123700000
bwa,2011,25.8531900000
bwa,2012,16.4219900000
bwa,2013,18.7743700000
bwa,2014,26.9376100000
bwa,2015,28.4427400000
bwa,2016,29.1099300000
bwa,2017,14.9441000000
bra,1989,92.1901200000
bra,1990,83.0027700000
bra,1991,75.8061400000
bra,1992,70.3604300000
bra,1993,57.7578800000
bra,1994,46.9570700000
bra,1995,42.6930500000
bra,1996,46.8099700000
bra,1997,45.7400000000
bra,1998,59.0968900000
bra,1999,24.1761100000
bra,2000,57.4760100000
bra,2001,45.7784200000
bra,2002,45.0433000000
bra,2003,44.0541700000
bra,2004,37.6419200000
bra,2005,27.7495800000
bra,2006,25.5486900000
bra,2007,25.6168800000
bra,2008,26.3877000000
bra,2009,26.3968000000
bra,2010,26.6779400000
bra,2011,27.5284600000
bra,2012,28.0261300000
bra,2013,30.7289900000
bra,2014,27.9494600000
bra,2015,27.6137200000
bra,2016,27.4411000000
bra,2017,28.2995700000
brn,1992,8.9682960000
brn,1996,13.0713100000
brn,1997,13.0722100000
brn,1998,13.0722100000
brn,1999,12.3789200000
brn,2000,12.3528200000
brn,2001,10.2875500000
brn,2002,10.2529500000
brn,2003,9.9785480000
brn,2004,19.2683700000
brn,2005,19.7479600000
brn,2006,20.1874100000
brn,2007,19.5735900000
brn,2008,14.9098500000
brn,2009,14.4677600000
brn,2010,21.6729200000
brn,2011,12.9038100000
brn,2014,6.4599640000
brn,2016,6.2835610000
brn,2017,0.0000000000
bgr,1988,4.2084040000
bgr,1989,4.3386300000
bgr,1990,11.5249500000
bgr,1991,6.3213930000
bgr,1992,6.2928400000
bgr,1993,5.0852960000
bgr,1994,5.1576190000
bgr,1995,7.1621610000
bgr,1996,9.9067880000
bgr,1997,8.8379600000
bgr,1998,6.8000040000
bgr,1999,6.0253790000
bgr,2000,5.2014210000
bgr,2001,6.0992550000
bgr,2002,7.4008150000
bgr,2003,7.4759630000
bgr,2004,5.3021800000
bgr,2005,4.3711880000
bgr,2006,5.1571230000
bgr,2007,5.1845100000
bgr,2008,4.1824890000
bgr,2009,4.0704770000
bgr,2010,4.6493630000
bgr,2011,4.2735690000
bgr,2012,4.2553720000
bgr,2013,4.4101960000
bgr,2014,5.1837850000
bgr,2015,5.2640510000
bgr,2016,5.0687320000
bgr,2017,5.4477470000
bfa,1993,0.0000000000
bfa,2001,49.1165800000
bfa,2002,48.7617100000
bfa,2003,52.1187600000
bfa,2004,52.1764600000
bfa,2005,51.5544200000
bfa,2006,45.7985100000
bfa,2007,44.5257500000
bfa,2008,44.4522000000
bfa,2009,44.5257500000
bfa,2010,43.6506800000
bfa,2011,43.9557900000
bfa,2012,43.7754600000
bfa,2013,43.7881900000
bfa,2014,44.9457900000
bfa,2015,38.1806500000
bfa,2016,36.3644400000
bfa,2017,40.7682300000
bdi,2002,38.2994200000
bdi,2003,38.5537800000
bdi,2005,52.3501400000
bdi,2006,33.1630300000
bdi,2007,27.4254000000
bdi,2008,34.1058300000
bdi,2009,34.3325900000
bdi,2010,32.8742100000
bdi,2011,32.6648400000
bdi,2012,34.0715800000
bdi,2013,30.6779900000
bdi,2014,30.8154200000
bdi,2015,32.2449400000
bdi,2016,32.6416400000
cpv,2005,46.3384500000
cpv,2006,46.5427700000
cpv,2007,46.2336000000
cpv,2008,46.8350600000
cpv,2009,47.3952400000
cpv,2010,44.4498300000
cpv,2011,44.3520400000
cpv,2012,43.6633000000
cpv,2013,43.8098400000
cpv,2015,43.4731300000
khm,2001,29.6296300000
khm,2002,28.4368400000
khm,2003,26.9026500000
khm,2005,22.1209700000
khm,2006,21.3477200000
khm,2007,48.8196300000
khm,2008,19.6848900000
khm,2010,12.3247400000
khm,2011,9.7768390000
khm,2012,10.5527400000
khm,2014,30.5879300000
khm,2016,10.3844600000
cmr,1994,50.6676300000
cmr,1995,49.0686200000
cmr,2001,51.9759500000
cmr,2002,50.9236000000
cmr,2003,54.6423100000
cmr,2004,54.6423100000
cmr,2005,55.8541700000
cmr,2006,54.5804600000
cmr,2007,49.0988300000
cmr,2008,48.9381200000
cmr,2009,50.6086600000
cmr,2010,47.8175500000
cmr,2011,54.3390200000
cmr,2012,54.3362100000
cmr,2013,49.0587500000
cmr,2014,54.0673700000
can,1989,14.9202300000
can,1993,13.2600400000
can,1995,13.5905800000
can,1996,12.4509500000
can,1997,11.0635100000
can,1998,10.3886700000
can,1999,9.8409580000
can,2000,9.6401190000
can,2001,10.1389600000
can,2002,10.3477800000
can,2003,9.5083350000
can,2004,7.6584680000
can,2005,7.6241350000
can,2006,7.5799720000
can,2007,7.7285160000
can,2008,7.9108050000
can,2009,8.0343080000
can,2010,7.6341880000
can,2011,7.4748810000
can,2012,8.3972740000
can,2013,7.8552660000
can,2014,7.8575200000
can,2015,7.8561170000
can,2016,7.6605440000
can,2017,5.2099770000
cym,2016,84.6001700000
caf,1995,52.3064600000
caf,1997,48.8816900000
caf,2001,54.8552600000
caf,2002,54.0490300000
caf,2003,94.5974600000
caf,2004,94.5974600000
caf,2005,96.8696100000
caf,2006,93.7299000000
caf,2007,49.7240900000
caf,2008,49.7240900000
caf,2009,49.7240900000
caf,2010,49.7240900000
caf,2011,50.6316000000
caf,2012,51.7440000000
caf,2013,47.3969700000
caf,2015,48.5714300000
caf,2016,50.6706100000
caf,2017,43.3968800000
tcd,1995,46.3422100000
tcd,1997,46.3422100000
tcd,2001,46.6492600000
tcd,2002,46.8592100000
tcd,2003,48.1274000000
tcd,2004,46.8849600000
tcd,2005,53.0594800000
tcd,2006,50.5593300000
tcd,2007,44.8218300000
tcd,2008,47.0528000000
tcd,2009,47.8899400000
tcd,2010,46.7164700000
tcd,2011,45.9071700000
tcd,2013,47.4820100000
tcd,2015,44.9410900000
tcd,2016,49.6520000000
chl,1992,0.0000000000
chl,1993,0.0000000000
chl,1994,0.0000000000
chl,1995,0.0000000000
chl,1996,0.0000000000
chl,1997,0.0000000000
chl,1998,0.0000000000
chl,1999,0.0000000000
chl,2000,0.0000000000
chl,2001,0.0000000000
chl,2002,0.0000000000
chl,2003,0.0000000000
chl,2004,0.0067871000
chl,2005,0.0066636000
chl,2006,0.0000000000
chl,2007,0.0000000000
chl,2008,0.0111452000
chl,2009,0.0000000000
chl,2010,0.0091183000
chl,2011,0.0000000000
chl,2012,0.0000000000
chl,2013,0.0000000000
chl,2015,0.0000000000
chl,2016,0.0000000000
chl,2017,0.0000000000
chn,1992,76.9616400000
chn,1993,76.2226600000
chn,1994,73.0053600000
chn,1996,52.5029000000
chn,1997,41.5912100000
chn,1998,42.4183300000
chn,1999,40.9420900000
chn,2000,42.4396000000
chn,2001,40.4597400000
chn,2002,26.1491000000
chn,2003,22.3696000000
chn,2004,16.1033200000
chn,2005,19.1152900000
chn,2006,12.0346000000
chn,2007,14.3605700000
chn,2008,13.2426800000
chn,2009,13.2761900000
chn,2010,11.3267200000
chn,2011,13.3562900000
chn,2014,16.2313100000
chn,2015,16.0474100000
chn,2016,17.0780900000
chn,2017,15.1554500000
col,1991,1.6771290000
col,1992,16.4695800000
col,1994,19.5480100000
col,1995,22.4089800000
col,1996,19.7383400000
col,1997,20.5637700000
col,1998,20.5893700000
col,1999,20.7405400000
col,2000,22.5627000000
col,2001,22.4872400000
col,2002,23.1768500000
col,2003,22.7511200000
col,2004,20.7286600000
col,2005,21.5322100000
col,2006,19.1641900000
col,2007,40.9805100000
col,2008,41.3758700000
col,2009,41.2020800000
col,2010,19.9592100000
col,2011,17.2722800000
col,2012,0.7947721000
col,2013,17.8718500000
col,2014,17.6698900000
col,2015,1.0037310000
col,2016,0.8215226000
col,2017,9.2456650000
com,2008,48.4862000000
com,2010,0.4938620000
com,2011,50.2187100000
com,2012,2.3903260000
com,2013,50.0070000000
com,2014,41.7170500000
com,2015,50.3587600000
com,2017,44.1966300000
cod,2003,43.2495300000
cod,2006,43.8086200000
cod,2007,42.6615500000
cod,2008,42.8790500000
cod,2009,42.8082500000
cod,2010,35.3583000000
cod,2014,32.8547100000
cog,1994,60.8680400000
cog,1997,36.6515100000
cog,2001,56.2063100000
cog,2002,56.1009200000
cog,2003,58.1341800000
cog,2004,58.1341800000
cog,2005,60.2596000000
cog,2006,58.1341800000
cog,2007,53.9037400000
cog,2008,53.1877100000
cog,2009,51.6184100000
cog,2010,51.8778900000
cog,2011,50.1676500000
cog,2013,51.4442000000
cog,2014,50.9501200000
cog,2015,44.0832700000
cri,1995,27.0272600000
cri,1996,29.2243900000
cri,1997,24.7109900000
cri,1998,21.8321600000
cri,1999,20.5934100000
cri,2000,0.4277097000
cri,2001,0.4595510000
cri,2002,0.5538425000
cri,2003,0.5907213000
cri,2004,0.8199664000
cri,2005,0.5480049000
cri,2006,0.4696369000
cri,2007,0.3363042000
cri,2008,0.3981777000
cri,2009,0.6422461000
cri,2010,0.5079945000
cri,2011,0.5119430000
cri,2012,0.5582603000
cri,2013,0.5311213000
cri,2014,0.3108670000
cri,2016,0.3020940000
civ,1993,0.0000000000
civ,1996,0.0000000000
civ,2001,49.2308800000
civ,2002,51.0340500000
civ,2003,50.8495100000
civ,2004,50.8123900000
civ,2005,50.8660700000
civ,2006,49.8549600000
civ,2007,48.6525700000
civ,2008,48.6488500000
civ,2009,48.3861700000
civ,2010,47.3474600000
civ,2011,46.8099000000
civ,2012,46.3959500000
civ,2013,46.3972700000
civ,2014,46.5991700000
civ,2015,45.4177800000
civ,2016,45.4177800000
civ,2017,43.2332800000
hrv,1988,4.2084040000
hrv,1989,4.3386300000
hrv,1990,11.5249500000
hrv,1991,6.3213930000
hrv,1992,6.2928400000
hrv,1993,5.0852960000
hrv,1994,5.1576190000
hrv,1995,7.1621610000
hrv,1996,9.9067880000
hrv,1997,8.8379600000
hrv,1998,6.8000040000
hrv,1999,6.0253790000
hrv,2000,5.2014210000
hrv,2001,6.0992550000
hrv,2002,7.4008150000
hrv,2003,7.4759630000
hrv,2004,5.3021800000
hrv,2005,4.3711880000
hrv,2006,5.1571230000
hrv,2007,5.1845100000
hrv,2008,4.1824890000
hrv,2009,4.0704770000
hrv,2010,4.6493630000
hrv,2011,4.2735690000
hrv,2012,4.2553720000
hrv,2013,4.4101960000
hrv,2014,5.1837850000
hrv,2015,5.2640510000
hrv,2016,5.0687320000
cub,1993,30.6128400000
cub,1996,11.1271200000
cub,1997,10.9637400000
cub,1998,11.1271200000
cub,1999,11.2365000000
cub,2000,11.1880300000
cub,2001,13.4782100000
cub,2002,11.5654500000
cub,2003,13.3432200000
cub,2004,12.1587200000
cub,2005,11.3755900000
cub,2006,11.1825600000
cub,2007,34.0380200000
cub,2008,33.6064900000
cub,2009,31.4352400000
cub,2010,11.2849000000
cub,2011,31.1491300000
cub,2012,11.2433500000
cub,2013,29.6578900000
cub,2015,26.0886400000
cub,2016,29.5862600000
cub,2017,28.4941800000
cyp,1988,4.2084040000
cyp,1989,4.3386300000
cyp,1990,11.5249500000
cyp,1991,6.3213930000
cyp,1992,6.2928400000
cyp,1993,5.0852960000
cyp,1994,5.1576190000
cyp,1995,7.1621610000
cyp,1996,9.9067880000
cyp,1997,8.8379600000
cyp,1998,6.8000040000
cyp,1999,6.0253790000
cyp,2000,5.2014210000
cyp,2001,6.0992550000
cyp,2002,7.4008150000
cyp,2003,7.4759630000
cyp,2004,5.3021800000
cyp,2005,4.3711880000
cyp,2006,5.1571230000
cyp,2007,5.1845100000
cyp,2008,4.1824890000
cyp,2009,4.0704770000
cyp,2010,4.6493630000
cyp,2011,4.2735690000
cyp,2012,4.2553720000
cyp,2013,4.4101960000
cyp,2014,5.1837850000
cyp,2015,5.2640510000
cyp,2016,5.0687320000
cyp,2017,5.4477470000
cze,1988,4.2084040000
cze,1989,4.3386300000
cze,1990,11.5249500000
cze,1991,6.3213930000
cze,1992,6.2928400000
cze,1993,5.0852960000
cze,1994,5.1576190000
cze,1995,7.1621610000
cze,1996,9.9067880000
cze,1997,8.8379600000
cze,1998,6.8000040000
cze,1999,6.0253790000
cze,2000,5.2014210000
cze,2001,6.0992550000
cze,2002,7.4008150000
cze,2003,7.4759630000
cze,2004,5.3021800000
cze,2005,4.3711880000
cze,2006,5.1571230000
cze,2007,5.1845100000
cze,2008,4.1824890000
cze,2009,4.0704770000
cze,2010,4.6493630000
cze,2011,4.2735690000
cze,2012,4.2553720000
cze,2013,4.4101960000
cze,2014,5.1837850000
cze,2015,5.2640510000
cze,2016,5.0687320000
cze,2017,5.4477470000
dnk,1988,4.2084040000
dnk,1989,4.3386300000
dnk,1990,11.5249500000
dnk,1991,6.3213930000
dnk,1992,6.2928400000
dnk,1993,5.0852960000
dnk,1994,5.1576190000
dnk,1995,7.1621610000
dnk,1996,9.9067880000
dnk,1997,8.8379600000
dnk,1998,6.8000040000
dnk,1999,6.0253790000
dnk,2000,5.2014210000
dnk,2001,6.0992550000
dnk,2002,7.4008150000
dnk,2003,7.4759630000
dnk,2004,5.3021800000
dnk,2005,4.3711880000
dnk,2006,5.1571230000
dnk,2007,5.1845100000
dnk,2008,4.1824890000
dnk,2009,4.0704770000
dnk,2010,4.6493630000
dnk,2011,4.2735690000
dnk,2012,4.2553720000
dnk,2013,4.4101960000
dnk,2014,5.1837850000
dnk,2015,5.2640510000
dnk,2016,5.0687320000
dnk,2017,5.4477470000
dji,1998,89.1591900000
dji,1999,89.1805300000
dji,2002,91.3944000000
dji,2005,87.0085400000
dji,2006,85.8272800000
dji,2009,59.7537500000
dji,2011,65.0223700000
dji,2012,65.0223700000
dji,2014,61.8260400000
dma,1996,49.0143200000
dma,1997,49.3232300000
dma,1998,49.3232300000
dma,1999,41.4830400000
dma,2000,9.4015120000
dma,2001,43.6828800000
dma,2002,45.8284800000
dma,2003,46.1959300000
dma,2006,38.8779300000
dma,2007,43.3356300000
dma,2010,44.7714000000
dma,2011,36.7556500000
dma,2012,35.8393100000
dma,2013,41.0888200000
dma,2015,51.2053800000
dma,2016,39.2395200000
dma,2017,35.7757300000
dom,1996,31.6602900000
dom,1997,34.7875300000
dom,1998,31.6602900000
dom,1999,31.6602900000
dom,2000,54.9821700000
dom,2001,32.4429800000
dom,2002,34.3158000000
dom,2003,34.7294800000
dom,2004,34.7480800000
dom,2005,34.1037100000
dom,2006,31.0113600000
dom,2007,28.1480500000
dom,2008,29.3538600000
dom,2010,28.6328200000
dom,2011,33.8327200000
dom,2012,34.5199800000
dom,2013,34.2040200000
dom,2015,28.5731200000
dom,2016,27.0908900000
dom,2017,22.2464400000
ecu,1993,20.0077200000
ecu,1994,19.1076600000
ecu,1995,19.4050900000
ecu,1996,19.3582800000
ecu,1997,17.9604900000
ecu,1998,20.0174000000
ecu,1999,33.4857900000
ecu,2000,18.5246800000
ecu,2001,20.0857700000
ecu,2002,21.0845300000
ecu,2003,21.0759100000
ecu,2004,21.0217800000
ecu,2005,23.8344000000
ecu,2006,17.6775800000
ecu,2007,34.0826700000
ecu,2008,30.2600600000
ecu,2009,26.1632400000
ecu,2010,20.2240700000
ecu,2011,23.9740800000
ecu,2012,15.0526400000
ecu,2014,24.7080600000
ecu,2015,31.2197400000
ecu,2016,30.8259000000
ecu,2017,25.3499000000
egy,1995,53.6199500000
egy,1997,0.0000000000
egy,1998,47.5973100000
egy,1999,55.7810700000
egy,2000,55.6872400000
egy,2001,55.7437900000
egy,2002,52.7817000000
egy,2003,52.6511300000
egy,2004,27.6197500000
egy,2005,21.6749900000
egy,2006,26.1750400000
egy,2007,21.9260800000
egy,2008,18.1043600000
egy,2009,18.4402600000
egy,2010,17.8190300000
egy,2011,17.3890800000
egy,2012,16.5361700000
egy,2013,17.6577100000
egy,2014,10.4814500000
egy,2015,10.6356000000
egy,2016,10.0835000000
egy,2017,11.2612900000
slv,1995,26.5492200000
slv,1996,24.1831100000
slv,1997,24.8180400000
slv,1998,17.7135500000
slv,1999,9.6159390000
slv,2000,10.3476800000
slv,2001,10.6087000000
slv,2002,7.5897130000
slv,2003,9.8908160000
slv,2004,8.8911030000
slv,2005,2.2801700000
slv,2006,6.9299180000
slv,2007,1.5687740000
slv,2008,15.1502700000
slv,2009,15.0689000000
slv,2010,1.7549270000
slv,2011,1.7308940000
slv,2012,1.2288690000
slv,2013,17.5491200000
slv,2014,12.7669600000
slv,2015,12.4165100000
slv,2017,13.2205700000
gnq,1998,54.4625900000
gnq,2001,54.6448100000
gnq,2002,54.8636600000
gnq,2005,56.4154000000
gnq,2007,54.0172600000
eri,2002,23.9219800000
eri,2006,22.3986500000
est,1988,4.2084040000
est,1989,4.3386300000
est,1990,11.5249500000
est,1991,6.3213930000
est,1992,6.2928400000
est,1993,5.0852960000
est,1994,5.1576190000
est,1995,7.1621610000
est,1996,9.9067880000
est,1997,8.8379600000
est,1998,6.8000040000
est,1999,6.0253790000
est,2000,5.2014210000
est,2001,6.0992550000
est,2002,7.4008150000
est,2003,7.4759630000
est,2004,5.3021800000
est,2005,4.3711880000
est,2006,5.1571230000
est,2007,5.1845100000
est,2008,4.1824890000
est,2009,4.0704770000
est,2010,4.6493630000
est,2011,4.2735690000
est,2012,4.2553720000
est,2013,4.4101960000
est,2014,5.1837850000
est,2015,5.2640510000
est,2016,5.0687320000
est,2017,5.4477470000
swz,2001,2.8584190000
swz,2002,24.8505000000
swz,2004,27.0423200000
swz,2005,26.8972400000
swz,2006,22.9279800000
swz,2007,24.8117700000
swz,2008,35.9654200000
swz,2009,37.7328100000
swz,2010,23.1906300000
swz,2011,36.6815900000
swz,2012,21.2699200000
swz,2013,14.8863900000
swz,2014,16.2540200000
swz,2015,18.4702800000
swz,2016,17.6715900000
swz,2017,12.1517800000
eth,1995,65.5693900000
eth,2001,52.2961200000
eth,2002,52.9056000000
eth,2006,57.3647400000
eth,2008,55.9524100000
eth,2009,56.2755800000
eth,2010,55.9733300000
eth,2011,56.6103900000
eth,2012,56.4497700000
eth,2015,54.9368000000
fji,2003,27.0326200000
fji,2004,26.5410700000
fji,2006,26.1711800000
fji,2007,26.0376100000
fji,2008,42.7113900000
fji,2009,24.6570300000
fji,2010,23.8227100000
fji,2011,40.9176100000
fji,2012,23.6002900000
fji,2013,40.3024700000
fji,2015,19.8333800000
fji,2017,41.3595000000
fin,1988,4.2084040000
fin,1989,4.3386300000
fin,1990,11.5249500000
fin,1991,6.3213930000
fin,1992,6.2928400000
fin,1993,5.0852960000
fin,1994,5.1576190000
fin,1995,7.1621610000
fin,1996,9.9067880000
fin,1997,8.8379600000
fin,1998,6.8000040000
fin,1999,6.0253790000
fin,2000,5.2014210000
fin,2001,6.0992550000
fin,2002,7.4008150000
fin,2003,7.4759630000
fin,2004,5.3021800000
fin,2005,4.3711880000
fin,2006,5.1571230000
fin,2007,5.1845100000
fin,2008,4.1824890000
fin,2009,4.0704770000
fin,2010,4.6493630000
fin,2011,4.2735690000
fin,2012,4.2553720000
fin,2013,4.4101960000
fin,2014,5.1837850000
fin,2015,5.2640510000
fin,2016,5.0687320000
fin,2017,5.4477470000
fra,1988,4.2084040000
fra,1989,4.3386300000
fra,1990,11.5249500000
fra,1991,6.3213930000
fra,1992,6.2928400000
fra,1993,5.0852960000
fra,1994,5.1576190000
fra,1995,7.1621610000
fra,1996,9.9067880000
fra,1997,8.8379600000
fra,1998,6.8000040000
fra,1999,6.0253790000
fra,2000,5.2014210000
fra,2001,6.0992550000
fra,2002,7.4008150000
fra,2003,7.4759630000
fra,2004,5.3021800000
fra,2005,4.3711880000
fra,2006,5.1571230000
fra,2007,5.1845100000
fra,2008,4.1824890000
fra,2009,4.0704770000
fra,2010,4.6493630000
fra,2011,4.2735690000
fra,2012,4.2553720000
fra,2013,4.4101960000
fra,2014,5.1837850000
fra,2015,5.2640510000
fra,2016,5.0687320000
fra,2017,5.4477470000
pyf,2008,28.3934000000
pyf,2009,27.9950600000
pyf,2011,27.4094600000
pyf,2012,0.0000000000
pyf,2013,6.2928510000
pyf,2014,6.2875370000
pyf,2015,6.4709550000
pyf,2016,6.0859520000
pyf,2017,1.2332660000
gab,1995,59.9633900000
gab,1998,58.4942700000
gab,2000,58.4889800000
gab,2001,56.8918200000
gab,2002,53.7639900000
gab,2003,58.1766800000
gab,2004,58.1766800000
gab,2005,59.7803100000
gab,2007,52.6493800000
gab,2008,52.9052800000
gab,2009,51.7847100000
gab,2010,51.4622200000
gab,2011,51.5178100000
gab,2012,52.1654200000
gab,2013,52.1761100000
gab,2015,48.7263900000
gab,2016,53.4006200000
gmb,2003,65.3863200000
gmb,2007,90.9225700000
gmb,2008,91.2405900000
gmb,2009,91.8959700000
gmb,2010,71.6750900000
gmb,2011,71.1835200000
gmb,2012,71.1835200000
gmb,2013,72.3464400000
geo,1999,0.0000000000
geo,2001,0.0000000000
geo,2002,4.4967980000
geo,2003,4.9412670000
geo,2004,5.3311440000
geo,2005,5.0436720000
geo,2006,3.3487570000
geo,2007,0.1595957000
geo,2008,0.2044749000
geo,2009,0.1371909000
geo,2010,0.1763639000
geo,2011,0.0712501000
geo,2012,0.1320575000
geo,2013,0.0650572000
geo,2015,0.0192904000
geo,2016,0.0304342000
deu,1988,4.2084040000
deu,1989,4.3386300000
deu,1990,11.5249500000
deu,1991,6.3213930000
deu,1992,6.2928400000
deu,1993,5.0852960000
deu,1994,5.1576190000
deu,1995,7.1621610000
deu,1996,9.9067880000
deu,1997,8.8379600000
deu,1998,6.8000040000
deu,1999,6.0253790000
deu,2000,5.2014210000
deu,2001,6.0992550000
deu,2002,7.4008150000
deu,2003,7.4759630000
deu,2004,5.3021800000
deu,2005,4.3711880000
deu,2006,5.1571230000
deu,2007,5.1845100000
deu,2008,4.1824890000
deu,2009,4.0704770000
deu,2010,4.6493630000
deu,2011,4.2735690000
deu,2012,4.2553720000
deu,2013,4.4101960000
deu,2014,5.1837850000
deu,2015,5.2640510000
deu,2016,5.0687320000
deu,2017,5.4477470000
gha,1993,35.2826200000
gha,2000,37.7985300000
gha,2001,41.2029900000
gha,2002,41.2438100000
gha,2003,41.2438100000
gha,2007,40.8132800000
gha,2008,40.5443800000
gha,2009,39.9241400000
gha,2010,41.8623300000
gha,2013,40.9590900000
gha,2016,41.8473100000
gha,2017,43.2007500000
grc,1988,4.2084040000
grc,1989,4.3386300000
grc,1990,11.5249500000
grc,1991,6.3213930000
grc,1992,6.2928400000
grc,1993,5.0852960000
grc,1994,5.1576190000
grc,1995,7.1621610000
grc,1996,9.9067880000
grc,1997,8.8379600000
grc,1998,6.8000040000
grc,1999,6.0253790000
grc,2000,5.2014210000
grc,2001,6.0992550000
grc,2002,7.4008150000
grc,2003,7.4759630000
grc,2004,5.3021800000
grc,2005,4.3711880000
grc,2006,5.1571230000
grc,2007,5.1845100000
grc,2008,4.1824890000
grc,2009,4.0704770000
grc,2010,4.6493630000
grc,2011,4.2735690000
grc,2012,4.2553720000
grc,2013,4.4101960000
grc,2014,5.1837850000
grc,2015,5.2640510000
grc,2016,5.0687320000
grc,2017,5.4477470000
grd,1996,49.3922500000
grd,1999,42.4556200000
grd,2000,42.5049500000
grd,2001,41.3504900000
grd,2002,42.8094100000
grd,2003,42.5206800000
grd,2006,34.6320700000
grd,2007,43.1608600000
grd,2008,43.6697800000
grd,2010,37.3124500000
grd,2011,46.7910700000
grd,2012,36.3271600000
grd,2013,45.2094900000
grd,2015,45.7786100000
grd,2016,44.6024700000
gtm,1995,24.5696100000
gtm,1997,23.4452000000
gtm,1998,24.0943700000
gtm,1999,10.1313400000
gtm,2000,9.3806280000
gtm,2001,10.5471600000
gtm,2002,8.2253620000
gtm,2003,7.0835060000
gtm,2004,1.3676490000
gtm,2005,1.0132670000
gtm,2006,1.1114330000
gtm,2007,1.0067880000
gtm,2008,18.9018600000
gtm,2009,21.7009100000
gtm,2010,16.6046000000
gtm,2011,16.4787900000
gtm,2012,0.8689849000
gtm,2013,16.3412000000
gtm,2014,11.2514600000
gtm,2015,11.1842200000
gin,1998,0.0000000000
gin,2004,0.0000000000
gin,2005,58.5922300000
gin,2008,55.8041900000
gin,2009,56.3851100000
gin,2010,56.1090700000
gin,2012,56.0457900000
gin,2017,45.4310400000
gnb,2001,60.8366700000
gnb,2002,60.8366700000
gnb,2003,55.0367900000
gnb,2004,55.9893500000
gnb,2005,55.4200200000
gnb,2006,50.6392200000
gnb,2007,54.6318900000
gnb,2008,52.6768300000
gnb,2009,51.8725800000
gnb,2010,52.0870100000
gnb,2011,50.6758000000
gnb,2012,51.5654500000
gnb,2013,54.6409400000
gnb,2014,52.1967700000
gnb,2017,50.5937100000
guy,1996,42.1951400000
guy,1999,36.0366100000
guy,2000,35.7680200000
guy,2001,36.4827600000
guy,2002,36.9830400000
guy,2003,36.4686600000
guy,2006,34.4980200000
guy,2007,40.7098400000
guy,2008,40.2363800000
guy,2009,39.0247800000
guy,2010,40.0420200000
guy,2011,38.3649000000
guy,2012,31.0403800000
guy,2013,32.5003700000
guy,2015,38.9258300000
guy,2016,38.7679200000
guy,2017,36.9433700000
hti,2001,0.0000000000
hti,2002,0.1731852000
hti,2007,5.4249180000
hti,2008,4.9363870000
hti,2009,5.3163810000
hti,2010,12.9608900000
hti,2011,16.4927700000
hti,2012,0.0241546000
hti,2013,16.2636800000
hti,2014,16.4381600000
hti,2015,15.2210900000
hti,2016,16.5489300000
hnd,1995,24.4899900000
hnd,1996,9.8668380000
hnd,1997,24.0144700000
hnd,1998,24.6288400000
hnd,1999,24.2054300000
hnd,2000,26.1024900000
hnd,2001,10.5871400000
hnd,2002,0.1358949000
hnd,2003,0.1281127000
hnd,2004,1.6048920000
hnd,2005,0.1695582000
hnd,2006,0.1965161000
hnd,2007,0.2873452000
hnd,2008,21.9229900000
hnd,2009,0.4707295000
hnd,2010,0.5192573000
hnd,2011,0.5108645000
hnd,2012,0.4060861000
hnd,2013,0.4145201000
hnd,2015,14.7331100000
hkg,1988,0.0000000000
hkg,1996,0.0000000000
hkg,1997,0.0000000000
hkg,1998,0.0000000000
hkg,1999,0.0000000000
hkg,2000,0.0000000000
hkg,2001,0.0000000000
hkg,2002,0.0000000000
hkg,2003,0.0000000000
hkg,2004,0.0000000000
hkg,2005,0.0000000000
hkg,2006,0.0000000000
hkg,2007,0.0000000000
hkg,2008,0.0000000000
hkg,2009,0.0000000000
hkg,2010,0.0000000000
hkg,2011,0.0000000000
hkg,2012,0.0000000000
hkg,2013,0.0000000000
hkg,2014,0.0000000000
hkg,2015,0.0000000000
hkg,2016,0.0000000000
hkg,2017,0.0000000000
hun,1988,4.2084040000
hun,1989,4.3386300000
hun,1990,11.5249500000
hun,1991,6.3213930000
hun,1992,6.2928400000
hun,1993,5.0852960000
hun,1994,5.1576190000
hun,1995,7.1621610000
hun,1996,9.9067880000
hun,1997,8.8379600000
hun,1998,6.8000040000
hun,1999,6.0253790000
hun,2000,5.2014210000
hun,2001,6.0992550000
hun,2002,7.4008150000
hun,2003,7.4759630000
hun,2004,5.3021800000
hun,2005,4.3711880000
hun,2006,5.1571230000
hun,2007,5.1845100000
hun,2008,4.1824890000
hun,2009,4.0704770000
hun,2010,4.6493630000
hun,2011,4.2735690000
hun,2012,4.2553720000
hun,2013,4.4101960000
hun,2014,5.1837850000
hun,2015,5.2640510000
hun,2016,5.0687320000
hun,2017,5.4477470000
isl,1993,5.5742050000
isl,1996,4.1785780000
isl,1998,4.5465460000
isl,1999,4.6251130000
isl,2000,4.0345210000
isl,2001,5.5849080000
isl,2003,7.0276500000
isl,2004,6.3610220000
isl,2005,6.7636370000
isl,2006,4.2790690000
isl,2007,9.2503690000
isl,2008,8.8941160000
isl,2009,6.8207600000
isl,2010,6.6382610000
isl,2011,6.4141000000
isl,2012,3.6087880000
isl,2013,6.6720810000
isl,2014,6.2084990000
isl,2015,5.5424620000
isl,2016,3.7160560000
isl,2017,3.3084340000
ind,1990,97.5758200000
ind,1992,94.2239800000
ind,1996,93.9683800000
ind,1997,93.7844900000
ind,1999,92.9954800000
ind,2000,90.0177800000
ind,2001,92.1660000000
ind,2002,90.3559200000
ind,2003,90.3399400000
ind,2004,92.5611800000
ind,2005,13.9229900000
ind,2006,11.4514600000
ind,2007,14.4215900000
ind,2008,8.8459160000
ind,2009,8.0050640000
ind,2010,6.9803050000
ind,2011,8.4343460000
ind,2012,8.6411360000
ind,2013,8.5763070000
ind,2015,5.8026770000
ind,2016,7.7078110000
ind,2017,8.2887740000
idn,1989,49.4083100000
idn,1990,47.9739100000
idn,1993,48.3105200000
idn,1995,39.0387400000
idn,1996,26.9869900000
idn,1997,53.8424500000
idn,1998,11.0384600000
idn,1999,25.9066300000
idn,2000,11.1452700000
idn,2001,3.0839410000
idn,2002,2.9796030000
idn,2003,3.1332290000
idn,2004,6.9873740000
idn,2005,6.7895590000
idn,2006,6.5743740000
idn,2007,12.7336900000
idn,2008,3.6613550000
idn,2009,10.9357200000
idn,2010,7.2134810000
idn,2011,7.6146620000
idn,2012,1.4686650000
idn,2013,7.9461810000
idn,2016,6.8792390000
idn,2017,12.0277200000
irn,2000,64.9863400000
irn,2003,37.4229400000
irn,2004,43.3527100000
irn,2007,54.8395000000
irn,2008,53.2111500000
irn,2011,54.0434800000
irl,1988,4.2084040000
irl,1989,4.3386300000
irl,1990,11.5249500000
irl,1991,6.3213930000
irl,1992,6.2928400000
irl,1993,5.0852960000
irl,1994,5.1576190000
irl,1995,7.1621610000
irl,1996,9.9067880000
irl,1997,8.8379600000
irl,1998,6.8000040000
irl,1999,6.0253790000
irl,2000,5.2014210000
irl,2001,6.0992550000
irl,2002,7.4008150000
irl,2003,7.4759630000
irl,2004,5.3021800000
irl,2005,4.3711880000
irl,2006,5.1571230000
irl,2007,5.1845100000
irl,2008,4.1824890000
irl,2009,4.0704770000
irl,2010,4.6493630000
irl,2011,4.2735690000
irl,2012,4.2553720000
irl,2013,4.4101960000
irl,2014,5.1837850000
irl,2015,5.2640510000
irl,2016,5.0687320000
irl,2017,5.4477470000
isr,1993,15.7104600000
isr,1999,6.8179720000
isr,2000,6.5224390000
isr,2001,3.2076290000
isr,2002,2.9847040000
isr,2003,2.6751010000
isr,2004,1.1881510000
isr,2005,2.2805850000
isr,2006,2.5714070000
isr,2007,1.6491150000
isr,2008,2.3650270000
isr,2009,3.0521100000
isr,2011,2.4433900000
isr,2012,1.1875520000
isr,2013,1.3352960000
isr,2014,1.3975320000
isr,2015,1.9892350000
isr,2016,1.9140980000
isr,2017,1.5632240000
ita,1988,4.2084040000
ita,1989,4.3386300000
ita,1990,11.5249500000
ita,1991,6.3213930000
ita,1992,6.2928400000
ita,1993,5.0852960000
ita,1994,5.1576190000
ita,1995,7.1621610000
ita,1996,9.9067880000
ita,1997,8.8379600000
ita,1998,6.8000040000
ita,1999,6.0253790000
ita,2000,5.2014210000
ita,2001,6.0992550000
ita,2002,7.4008150000
ita,2003,7.4759630000
ita,2004,5.3021800000
ita,2005,4.3711880000
ita,2006,5.1571230000
ita,2007,5.1845100000
ita,2008,4.1824890000
ita,2009,4.0704770000
ita,2010,4.6493630000
ita,2011,4.2735690000
ita,2012,4.2553720000
ita,2013,4.4101960000
ita,2014,5.1837850000
ita,2015,5.2640510000
ita,2016,5.0687320000
ita,2017,5.4477470000
jam,1996,42.8229900000
jam,1999,35.9376100000
jam,2000,34.8974500000
jam,2001,35.0884800000
jam,2002,37.6427300000
jam,2003,38.1297100000
jam,2004,38.4774600000
jam,2006,35.8207600000
jam,2007,37.2430700000
jam,2010,42.8921700000
jam,2011,42.8335900000
jam,2012,35.8885800000
jam,2013,35.0345600000
jam,2015,39.0805400000
jam,2016,42.1054800000
jpn,1988,9.8955580000
jpn,1989,9.8263860000
jpn,1990,10.0918800000
jpn,1991,10.0869200000
jpn,1992,10.4255400000
jpn,1993,10.1460300000
jpn,1994,10.1509000000
jpn,1995,11.1754400000
jpn,1996,11.3353700000
jpn,1997,9.5140700000
jpn,1998,9.0595750000
jpn,1999,8.8634110000
jpn,2000,8.4864850000
jpn,2001,8.3335020000
jpn,2002,8.6846940000
jpn,2003,8.6763240000
jpn,2004,8.1998150000
jpn,2005,8.5439580000
jpn,2006,9.5581740000
jpn,2007,9.5157920000
jpn,2008,9.4475730000
jpn,2009,9.7483990000
jpn,2010,9.3843470000
jpn,2011,10.1261600000
jpn,2012,9.6940420000
jpn,2013,7.1370910000
jpn,2014,10.3925900000
jpn,2015,9.5517920000
jpn,2016,10.1483400000
jpn,2017,10.9907200000
jor,2000,63.0627900000
jor,2001,44.7727700000
jor,2002,45.5830000000
jor,2003,40.9976800000
jor,2004,37.2384000000
jor,2005,34.4120100000
jor,2006,31.8134400000
jor,2007,33.1813200000
jor,2008,32.8451100000
jor,2009,30.0460200000
jor,2010,34.8884200000
jor,2011,34.0139000000
jor,2012,33.6436100000
jor,2013,33.7075500000
jor,2014,16.6797400000
jor,2015,15.9462700000
jor,2016,14.9158600000
jor,2017,14.2450100000
kaz,2004,0.0000000000
kaz,2008,8.0047760000
kaz,2010,22.5065700000
kaz,2011,21.8243600000
kaz,2012,7.7340720000
kaz,2013,23.2719200000
kaz,2014,10.6316800000
kaz,2015,8.5384980000
kaz,2016,5.6043470000
kaz,2017,4.3063810000
ken,1994,86.5564000000
ken,1999,36.8965100000
ken,2000,40.1456800000
ken,2001,41.7572100000
ken,2002,37.6483700000
ken,2004,39.5997500000
ken,2005,37.6062400000
ken,2006,37.6186600000
ken,2007,36.9170800000
ken,2008,36.3685600000
ken,2009,36.6738700000
ken,2010,38.2410400000
ken,2011,38.0352200000
ken,2012,36.7124800000
ken,2013,35.7943000000
ken,2014,36.2261800000
ken,2015,36.9374600000
ken,2016,37.4788400000
kor,1988,72.8017000000
kor,1989,11.5347600000
kor,1990,14.1245500000
kor,1992,4.3413190000
kor,1995,4.3422570000
kor,1996,5.2209960000
kor,1997,4.8183650000
kor,1998,5.4333000000
kor,1999,5.1377050000
kor,2000,5.5679590000
kor,2001,5.4141140000
kor,2002,5.4737950000
kor,2003,5.8708200000
kor,2004,5.5758850000
kor,2005,5.8179890000
kor,2006,5.5763340000
kor,2007,4.7046570000
kor,2008,6.0706530000
kor,2009,6.4598690000
kor,2010,6.6326530000
kor,2011,6.6650800000
kor,2012,6.5957730000
kor,2013,6.4684650000
kor,2014,4.5894140000
kor,2015,4.4213480000
kor,2016,7.0155630000
kor,2017,3.9695580000
kwt,2002,0.1440351000
kwt,2003,0.0037704000
kwt,2004,0.0037704000
kwt,2005,0.0448242000
kwt,2006,0.0391519000
kwt,2007,0.0031227000
kwt,2008,0.0195586000
kwt,2009,0.0193523000
kwt,2010,0.0015042000
kwt,2011,0.0015042000
kwt,2012,0.0212082000
kwt,2013,0.0553625000
kwt,2014,0.0246692000
kwt,2015,0.0122691000
kwt,2016,0.0122691000
kwt,2017,0.0322930000
kgz,1995,0.0000000000
kgz,2000,4.4331180000
kgz,2001,4.0865650000
kgz,2002,6.2832370000
kgz,2003,0.0796438000
kgz,2006,0.0426485000
kgz,2007,1.4628070000
kgz,2008,1.8812170000
kgz,2009,1.5558460000
kgz,2010,1.6511760000
kgz,2011,1.4938220000
kgz,2012,0.5893970000
kgz,2013,1.5707120000
kgz,2014,1.3791580000
kgz,2015,6.9935250000
kgz,2016,4.0551530000
kgz,2017,2.7306150000
lao,2000,11.3569700000
lao,2001,12.9038700000
lao,2004,8.8896690000
lao,2005,15.4943900000
lao,2006,14.5177400000
lao,2007,16.0849200000
lao,2008,20.3803500000
lao,2014,6.3484900000
lao,2015,11.3343900000
lao,2016,2.2135470000
lao,2017,2.2255900000
lva,1988,4.2084040000
lva,1989,4.3386300000
lva,1990,11.5249500000
lva,1991,6.3213930000
lva,1992,6.2928400000
lva,1993,5.0852960000
lva,1994,5.1576190000
lva,1995,7.1621610000
lva,1996,9.9067880000
lva,1997,8.8379600000
lva,1998,6.8000040000
lva,1999,6.0253790000
lva,2000,5.2014210000
lva,2001,6.0992550000
lva,2002,7.4008150000
lva,2003,7.4759630000
lva,2004,5.3021800000
lva,2005,4.3711880000
lva,2006,5.1571230000
lva,2007,5.1845100000
lva,2008,4.1824890000
lva,2009,4.0704770000
lva,2010,4.6493630000
lva,2011,4.2735690000
lva,2012,4.2553720000
lva,2013,4.4101960000
lva,2014,5.1837850000
lva,2015,5.2640510000
lva,2016,5.0687320000
lva,2017,5.4477470000
lbn,1999,27.8227700000
lbn,2000,42.1483000000
lbn,2001,12.4763200000
lbn,2002,17.7758900000
lbn,2004,12.1225400000
lbn,2005,17.3132500000
lbn,2006,10.3868400000
lbn,2007,17.5537500000
lbn,2014,10.8432700000
lbn,2015,10.9037800000
lbn,2016,10.9460200000
lbn,2017,8.0758990000
lso,2001,2.7425760000
lso,2004,23.2427400000
lso,2005,24.7211900000
lso,2006,23.0458700000
lso,2007,21.5220000000
lso,2008,38.1002700000
lso,2009,38.7410100000
lso,2010,22.6234300000
lso,2011,33.7528200000
lso,2012,20.7359300000
lso,2013,11.6649200000
lso,2014,14.6294500000
lso,2015,14.5476000000
lso,2016,13.3061800000
lso,2017,10.1117100000
lbr,2012,13.8211400000
lbr,2013,30.4993000000
lbr,2014,30.8063500000
lby,1996,57.5011800000
lby,2002,45.7924000000
lby,2006,0.0000000000
ltu,1988,4.2084040000
ltu,1989,4.3386300000
ltu,1990,11.5249500000
ltu,1991,6.3213930000
ltu,1992,6.2928400000
ltu,1993,5.0852960000
ltu,1994,5.1576190000
ltu,1995,7.1621610000
ltu,1996,9.9067880000
ltu,1997,8.8379600000
ltu,1998,6.8000040000
ltu,1999,6.0253790000
ltu,2000,5.2014210000
ltu,2001,6.0992550000
ltu,2002,7.4008150000
ltu,2003,7.4759630000
ltu,2004,5.3021800000
ltu,2005,4.3711880000
ltu,2006,5.1571230000
ltu,2007,5.1845100000
ltu,2008,4.1824890000
ltu,2009,4.0704770000
ltu,2010,4.6493630000
ltu,2011,4.2735690000
ltu,2012,4.2553720000
ltu,2013,4.4101960000
ltu,2014,5.1837850000
ltu,2015,5.2640510000
ltu,2016,5.0687320000
ltu,2017,5.4477470000
lux,1988,4.2084040000
lux,1989,4.3386300000
lux,1990,11.5249500000
lux,1991,6.3213930000
lux,1992,6.2928400000
lux,1993,5.0852960000
lux,1994,5.1576190000
lux,1995,7.1621610000
lux,1996,9.9067880000
lux,1997,8.8379600000
lux,1998,6.8000040000
lux,1999,6.0253790000
lux,2000,5.2014210000
lux,2001,6.0992550000
lux,2002,7.4008150000
lux,2003,7.4759630000
lux,2004,5.3021800000
lux,2005,4.3711880000
lux,2006,5.1571230000
lux,2007,5.1845100000
lux,2008,4.1824890000
lux,2009,4.0704770000
lux,2010,4.6493630000
lux,2011,4.2735690000
lux,2012,4.2553720000
lux,2013,4.4101960000
lux,2014,5.1837850000
lux,2015,5.2640510000
lux,2016,5.0687320000
lux,2017,5.4477470000
mac,1996,0.0000000000
mac,1997,0.0000000000
mac,1998,0.0000000000
mac,1999,0.0000000000
mac,2000,0.0000000000
mac,2001,0.0000000000
mac,2002,0.0000000000
mac,2003,0.0000000000
mac,2004,0.0000000000
mac,2005,0.0000000000
mac,2006,0.0000000000
mac,2007,0.0000000000
mac,2008,0.0000000000
mac,2009,0.0000000000
mac,2010,0.0000000000
mac,2011,0.0000000000
mac,2012,0.0000000000
mac,2013,0.0000000000
mac,2014,0.0000000000
mac,2015,0.0000000000
mac,2016,0.0000000000
mac,2017,0.0000000000
mkd,2001,29.2909900000
mkd,2002,23.1686800000
mkd,2004,29.6006300000
mkd,2005,13.5124700000
mkd,2006,12.8486100000
mkd,2007,31.6795200000
mkd,2008,17.5497800000
mkd,2009,14.8164600000
mkd,2010,14.4654600000
mkd,2011,14.7062300000
mkd,2012,9.9443640000
mkd,2013,17.7972800000
mkd,2014,16.3341900000
mkd,2015,13.9845600000
mkd,2016,23.7811700000
mkd,2017,15.6746300000
mdg,1995,6.2008620000
mdg,1996,6.7642960000
mdg,1997,6.6254910000
mdg,1998,6.0323770000
mdg,2000,5.4274790000
mdg,2001,4.5380310000
mdg,2002,3.7167180000
mdg,2003,3.2200140000
mdg,2004,1.9678100000
mdg,2005,37.2291000000
mdg,2006,45.1555400000
mdg,2007,40.9370700000
mdg,2008,41.1928000000
mdg,2009,38.8702300000
mdg,2010,38.5526100000
mdg,2011,39.3993100000
mdg,2012,39.2507300000
mdg,2013,39.2061400000
mdg,2014,37.6404800000
mdg,2015,40.7104300000
mdg,2016,30.9461500000
mdg,2017,22.6552000000
mwi,1994,86.5279500000
mwi,1996,72.9109700000
mwi,1997,78.5952800000
mwi,1998,38.5246700000
mwi,2000,50.4259500000
mwi,2001,41.0627100000
mwi,2003,52.1960300000
mwi,2006,40.3774400000
mwi,2008,43.8237500000
mwi,2009,45.9850500000
mwi,2010,42.5717700000
mwi,2011,33.8704700000
mwi,2012,35.5719000000
mwi,2013,27.9316500000
mwi,2014,29.1504800000
mwi,2015,29.8870000000
mwi,2016,30.4132400000
mys,1988,47.6488100000
mys,1991,47.8351000000
mys,1993,41.9852000000
mys,1996,27.5789300000
mys,1997,22.9076800000
mys,1998,25.7134500000
mys,1999,24.9545200000
mys,2000,22.8921500000
mys,2001,21.7360500000
mys,2002,21.2689000000
mys,2003,21.5128200000
mys,2004,22.3641200000
mys,2005,22.4319800000
mys,2006,23.9231500000
mys,2007,24.9719800000
mys,2008,17.0347700000
mys,2009,16.5145100000
mys,2010,15.7092500000
mys,2011,18.9204900000
mys,2012,18.6775100000
mys,2013,18.7088700000
mys,2014,13.0276900000
mys,2016,16.6402800000
mdv,2000,64.6037300000
mdv,2001,64.5063000000
mdv,2002,65.6355400000
mdv,2003,70.8956700000
mdv,2004,71.3746400000
mdv,2005,72.3167900000
mdv,2006,72.0007900000
mdv,2008,87.0433700000
mdv,2009,86.8103900000
mdv,2010,71.5117000000
mdv,2011,71.1260200000
mdv,2012,33.6145700000
mdv,2013,32.3390400000
mdv,2014,31.2240600000
mdv,2015,31.9554600000
mdv,2016,32.1621500000
mdv,2017,38.7343800000
mli,1995,0.0199144000
mli,1996,38.6683700000
mli,1997,38.6683700000
mli,1998,38.6683700000
mli,1999,32.9940100000
mli,2001,49.3285000000
mli,2002,50.5225800000
mli,2003,50.1812500000
mli,2004,51.0936700000
mli,2005,49.9589400000
mli,2006,44.1997100000
mli,2007,48.4143200000
mli,2008,48.4143200000
mli,2009,47.1331100000
mli,2010,47.1331100000
mli,2011,46.5506100000
mli,2012,44.2684200000
mli,2013,44.2831800000
mli,2014,44.2744700000
mli,2015,39.9540400000
mli,2016,40.9336300000
mli,2017,43.5757800000
mlt,1988,4.2084040000
mlt,1989,4.3386300000
mlt,1990,11.5249500000
mlt,1991,6.3213930000
mlt,1992,6.2928400000
mlt,1993,5.0852960000
mlt,1994,5.1576190000
mlt,1995,7.1621610000
mlt,1996,9.9067880000
mlt,1997,8.8379600000
mlt,1998,6.8000040000
mlt,1999,6.0253790000
mlt,2000,5.2014210000
mlt,2001,6.0992550000
mlt,2002,7.4008150000
mlt,2003,7.4759630000
mlt,2004,5.3021800000
mlt,2005,4.3711880000
mlt,2006,5.1571230000
mlt,2007,5.1845100000
mlt,2008,4.1824890000
mlt,2009,4.0704770000
mlt,2010,4.6493630000
mlt,2011,4.2735690000
mlt,2012,4.2553720000
mlt,2013,4.4101960000
mlt,2014,5.1837850000
mlt,2015,5.2640510000
mlt,2016,5.0687320000
mlt,2017,5.4477470000
mrt,2001,51.1785500000
mrt,2006,44.4982100000
mrt,2007,47.0588200000
mrt,2008,31.5777700000
mrt,2009,33.5754400000
mrt,2010,32.2552500000
mrt,2011,33.0591500000
mrt,2014,40.3922800000
mrt,2015,40.3922800000
mus,1995,62.9031600000
mus,1996,59.1039800000
mus,1997,61.3743000000
mus,1998,57.6814100000
mus,1999,51.7551700000
mus,2000,37.9041900000
mus,2001,38.2532100000
mus,2002,40.1354600000
mus,2004,38.7107400000
mus,2005,19.7502100000
mus,2006,11.2959900000
mus,2007,12.0209900000
mus,2008,19.9103800000
mus,2009,11.9600100000
mus,2010,11.5717300000
mus,2011,6.9454760000
mus,2012,3.1045360000
mus,2013,10.7882200000
mus,2014,9.5674480000
mus,2015,9.6497630000
mus,2016,9.6951780000
mus,2017,8.4151180000
mex,1991,19.3746700000
mex,1995,18.4784600000
mex,1996,19.8584400000
mex,1997,20.3743500000
mex,1998,20.5465300000
mex,1999,22.6896100000
mex,2000,49.2682200000
mex,2001,49.8738000000
mex,2002,42.8734200000
mex,2003,50.0600200000
mex,2004,28.1688000000
mex,2005,12.3527200000
mex,2006,10.8866500000
mex,2007,10.2153500000
mex,2008,11.3852200000
mex,2009,11.3797000000
mex,2010,6.1276790000
mex,2011,6.5807340000
mex,2012,6.4013200000
mex,2013,6.0889780000
mex,2014,7.9638170000
mex,2015,5.7241220000
mex,2016,6.2901190000
mex,2017,8.8687090000
mda,1996,21.4008800000
mda,2000,0.1677852000
mda,2001,0.1228297000
mda,2003,0.0643915000
mda,2004,3.2983110000
mda,2005,3.2587190000
mda,2006,15.9810300000
mda,2007,1.5837890000
mda,2008,7.5156600000
mda,2009,1.1762110000
mda,2010,8.1716530000
mda,2011,1.3279890000
mda,2012,1.3039300000
mda,2013,13.3155300000
mda,2014,8.7900010000
mda,2015,9.0234430000
mda,2016,9.2869890000
mng,1999,0.0000000000
mng,2000,0.0000000000
mng,2001,0.0000000000
mng,2002,0.0000000000
mng,2003,0.0000000000
mng,2004,0.0000000000
mng,2005,0.0000000000
mng,2006,0.0000000000
mng,2007,0.3751582000
mng,2008,0.3751582000
mng,2009,0.0622245000
mng,2010,0.0529503000
mng,2011,0.2474008000
mng,2013,0.1531529000
mng,2015,0.2197526000
mng,2017,3.2270510000
mne,2007,9.3741150000
mne,2008,7.1182370000
mne,2009,8.5497490000
mne,2010,4.5358800000
mne,2011,4.6042360000
mne,2012,2.4661830000
mne,2013,5.0972670000
mne,2014,5.0608120000
mne,2015,5.3073120000
mne,2016,4.2622410000
mne,2017,4.4648180000
mar,1993,96.7906500000
mar,1997,63.2205200000
mar,2000,80.1988300000
mar,2001,79.9415100000
mar,2002,79.0188900000
mar,2003,75.3670900000
mar,2005,56.7207500000
mar,2006,45.7177200000
mar,2007,45.1335000000
mar,2008,41.1464700000
mar,2009,23.5809500000
mar,2010,55.6323300000
mar,2011,44.4557000000
mar,2012,17.3459700000
mar,2014,16.0408200000
mar,2015,9.9677760000
mar,2016,16.1919700000
mar,2017,10.5545000000
moz,2001,36.7403300000
moz,2002,36.3974100000
moz,2003,37.5783500000
moz,2005,37.2670600000
moz,2006,35.0326800000
moz,2007,36.6599800000
moz,2008,33.6756100000
moz,2009,27.7428700000
moz,2010,26.8367700000
moz,2011,34.0970400000
moz,2012,26.9859800000
moz,2014,24.7669100000
moz,2016,23.1749000000
mmr,1996,3.4724270000
mmr,1997,3.4724270000
mmr,1998,3.4724270000
mmr,1999,3.4724270000
mmr,2000,3.4724270000
mmr,2001,3.0124300000
mmr,2002,3.0124300000
mmr,2003,3.0124300000
mmr,2004,2.6826480000
mmr,2005,4.0033830000
mmr,2006,2.9968990000
mmr,2007,8.2492250000
mmr,2008,2.9968990000
mmr,2010,1.7288440000
mmr,2011,1.7144860000
mmr,2012,6.0362650000
mmr,2013,3.8927570000
mmr,2015,10.4662000000
nam,2001,19.2230900000
nam,2002,16.3287100000
nam,2004,19.0391600000
nam,2005,16.8231400000
nam,2006,17.1501300000
nam,2007,17.8582500000
nam,2008,25.1574500000
nam,2009,26.2133800000
nam,2010,16.9678200000
nam,2011,24.4021600000
nam,2012,17.1560000000
nam,2013,25.6998200000
nam,2014,25.6573600000
nam,2015,26.4571500000
nam,2016,28.0544900000
nam,2017,22.1462300000
nru,2016,5.9602650000
npl,1993,56.7349700000
npl,1998,50.1561800000
npl,1999,20.5871200000
npl,2000,18.5552800000
npl,2002,18.4488800000
npl,2003,19.3504900000
npl,2004,21.4846800000
npl,2005,21.6509600000
npl,2006,19.4530600000
npl,2007,45.0371300000
npl,2008,22.3663000000
npl,2009,45.4118500000
npl,2010,45.8636500000
npl,2011,48.9040600000
npl,2012,22.6493500000
npl,2013,40.1872400000
npl,2014,48.1584700000
npl,2015,48.4114900000
npl,2016,48.1177500000
nld,1988,4.2084040000
nld,1989,4.3386300000
nld,1990,11.5249500000
nld,1991,6.3213930000
nld,1992,6.2928400000
nld,1993,5.0852960000
nld,1994,5.1576190000
nld,1995,7.1621610000
nld,1996,9.9067880000
nld,1997,8.8379600000
nld,1998,6.8000040000
nld,1999,6.0253790000
nld,2000,5.2014210000
nld,2001,6.0992550000
nld,2002,7.4008150000
nld,2003,7.4759630000
nld,2004,5.3021800000
nld,2005,4.3711880000
nld,2006,5.1571230000
nld,2007,5.1845100000
nld,2008,4.1824890000
nld,2009,4.0704770000
nld,2010,4.6493630000
nld,2011,4.2735690000
nld,2012,4.2553720000
nld,2013,4.4101960000
nld,2014,5.1837850000
nld,2015,5.2640510000
nld,2016,5.0687320000
nld,2017,5.4477470000
nzl,1992,37.0953300000
nzl,1993,29.0495600000
nzl,1996,11.1139900000
nzl,1997,11.0131700000
nzl,1998,9.2362900000
nzl,1999,7.9443850000
nzl,2000,0.6378655000
nzl,2001,8.1665480000
nzl,2002,9.0481350000
nzl,2003,9.2615810000
nzl,2004,9.3167960000
nzl,2005,9.8322210000
nzl,2006,8.9431770000
nzl,2007,7.6908510000
nzl,2008,0.0267371000
nzl,2009,0.0273268000
nzl,2010,1.0101330000
nzl,2011,0.0139233000
nzl,2012,0.0477466000
nzl,2013,0.0189655000
nzl,2014,0.0129703000
nzl,2015,0.0141644000
nzl,2016,0.0208391000
nzl,2017,0.0182405000
nic,1995,20.6669500000
nic,1996,23.7650900000
nic,1997,7.6332210000
nic,1998,0.4309313000
nic,1999,17.6037700000
nic,2000,0.2768839000
nic,2001,0.2134886000
nic,2002,0.1698160000
nic,2003,0.1815533000
nic,2004,0.7576666000
nic,2005,0.4823893000
nic,2006,0.5047359000
nic,2007,0.3734753000
nic,2008,0.5208333000
nic,2009,17.3451000000
nic,2010,17.1000500000
nic,2011,0.3873233000
nic,2012,0.3431161000
nic,2013,16.3919300000
nic,2014,13.2128400000
nic,2015,13.4017800000
nic,2016,12.8245600000
nic,2017,13.3451200000
ner,2001,55.4507800000
ner,2002,54.6392500000
ner,2003,56.3205200000
ner,2004,54.6151800000
ner,2005,56.2908200000
ner,2006,48.5079500000
ner,2007,47.2699500000
ner,2008,49.1941300000
ner,2009,47.2699500000
ner,2010,47.2758900000
ner,2011,49.3170400000
ner,2012,49.4013100000
ner,2013,51.0383900000
ner,2014,50.6523900000
ner,2015,41.8214000000
ner,2016,41.9960200000
ner,2017,46.3683800000
nga,1988,62.5314100000
nga,1989,63.8846200000
nga,1990,64.8808300000
nga,1992,74.7431200000
nga,1995,33.9842200000
nga,1996,50.0792000000
nga,1997,50.1380300000
nga,1998,50.1380300000
nga,1999,59.2614400000
nga,2000,59.0824900000
nga,2001,57.3034500000
nga,2002,52.6000700000
nga,2003,55.7862600000
nga,2005,33.3641900000
nga,2006,33.8526700000
nga,2008,34.1870800000
nga,2009,34.1130900000
nga,2010,35.7902900000
nga,2011,36.1992500000
nga,2013,37.9898800000
nga,2014,42.7339700000
nga,2015,34.2073000000
nga,2016,42.2437300000
nor,1988,5.7123360000
nor,1993,7.8688530000
nor,1995,19.8716300000
nor,1996,7.0848960000
nor,1997,20.2072600000
nor,1998,10.6897800000
nor,1999,6.4271750000
nor,2000,9.3063660000
nor,2001,6.6572910000
nor,2002,5.9749790000
nor,2003,4.7319260000
nor,2004,4.8249100000
nor,2005,4.8248180000
nor,2006,4.5814600000
nor,2007,4.8072630000
nor,2008,4.6821860000
nor,2009,4.6094970000
nor,2010,6.0538870000
nor,2011,6.1367040000
nor,2012,6.1192450000
nor,2013,6.2574040000
nor,2014,5.4364900000
nor,2015,6.4625360000
nor,2016,6.6186240000
nor,2017,6.4096510000
omn,1992,1.5289720000
omn,1997,0.0000000000
omn,2001,0.4614573000
omn,2002,0.6319051000
omn,2003,0.0720669000
omn,2004,0.1843968000
omn,2005,0.1891869000
omn,2006,0.1996403000
omn,2007,0.2582796000
omn,2008,0.2156222000
omn,2009,0.3873098000
omn,2012,0.0229234000
omn,2013,0.0014446000
omn,2014,0.0014428000
omn,2015,0.3301887000
omn,2016,0.4568636000
omn,2017,0.3629540000
pak,1995,92.0734700000
pak,1998,86.2441900000
pak,1999,61.8320000000
pak,2000,60.3479800000
pak,2001,57.8827300000
pak,2002,54.6582300000
pak,2003,53.0497500000
pak,2004,50.6817600000
pak,2005,42.8795900000
pak,2006,43.4689400000
pak,2007,52.9709800000
pak,2008,51.2713400000
pak,2009,44.6518400000
pak,2010,44.9314300000
pak,2011,44.4653500000
pak,2012,44.1680600000
pak,2013,45.1514200000
pak,2014,48.4661800000
pak,2015,48.5441200000
pak,2016,49.3484400000
plw,2005,0.9338169000
plw,2006,0.9338169000
plw,2010,2.7827970000
plw,2011,2.7647270000
plw,2012,2.7556920000
plw,2015,3.2020440000
plw,2016,3.1843450000
plw,2017,3.1827050000
pan,1997,35.6478700000
pan,1998,0.8153940000
pan,1999,1.2701250000
pan,2000,1.3855740000
pan,2001,1.3522060000
pan,2002,1.2721670000
pan,2003,1.3782970000
pan,2004,2.1978850000
pan,2005,1.7839800000
pan,2006,1.7126730000
pan,2007,34.4510600000
pan,2008,34.2422700000
pan,2009,2.2905320000
pan,2010,2.0499090000
pan,2011,0.9182699000
pan,2012,1.1498370000
pan,2013,21.5335800000
pan,2015,0.6169806000
png,1997,34.9226500000
png,1999,35.0767700000
png,2000,25.7769900000
png,2001,25.7377700000
png,2002,25.4012600000
png,2003,25.6179500000
png,2004,26.6226300000
png,2005,26.4101800000
png,2006,15.6917400000
png,2007,25.6503200000
png,2008,25.4813000000
png,2009,15.1083800000
png,2010,24.4791200000
png,2012,15.8040300000
png,2013,15.8068200000
pry,1991,40.9394600000
pry,1994,7.6507220000
pry,1995,26.3772100000
pry,1996,23.2954700000
pry,1997,26.0032000000
pry,1998,22.9714000000
pry,1999,27.0019500000
pry,2000,33.7055500000
pry,2001,29.4906400000
pry,2002,29.1478300000
pry,2003,31.3111500000
pry,2004,27.2335800000
pry,2005,18.3617300000
pry,2006,15.6496600000
pry,2007,17.2969900000
pry,2008,18.6264200000
pry,2009,17.7668700000
pry,2010,18.7853800000
pry,2011,20.1371700000
pry,2012,19.3026600000
pry,2013,19.0517700000
pry,2014,18.6787600000
pry,2015,18.4442300000
pry,2016,18.8086700000
pry,2017,17.8868700000
per,1993,24.1085600000
per,1995,9.3617650000
per,1997,12.2351500000
per,1998,11.3002000000
per,1999,11.5115600000
per,2000,11.7547700000
per,2001,10.9787000000
per,2002,11.3454400000
per,2003,11.4206400000
per,2004,10.8497300000
per,2005,11.0543000000
per,2006,9.9608750000
per,2007,10.2667400000
per,2008,9.6461620000
per,2009,9.0253310000
per,2010,9.3991020000
per,2011,0.0000000000
per,2013,0.0000000000
per,2014,0.0000000000
per,2015,0.0000000000
per,2017,0.0000000000
phl,1988,77.0018100000
phl,1989,77.0783800000
phl,1990,59.4679500000
phl,1992,59.2811400000
phl,1993,57.3764200000
phl,1994,56.5391600000
phl,1995,56.5336000000
phl,1996,44.5077800000
phl,1997,36.0342900000
phl,1998,24.6522400000
phl,1999,22.1099900000
phl,2000,7.4522780000
phl,2001,6.6444700000
phl,2002,1.5875890000
phl,2003,1.5748890000
phl,2004,4.6727920000
phl,2005,4.6727920000
phl,2006,5.0855520000
phl,2007,15.9686000000
phl,2008,5.0680180000
phl,2009,4.7984960000
phl,2010,4.8904650000
phl,2011,3.4834340000
phl,2012,3.2076800000
phl,2013,3.7073770000
phl,2015,3.8293340000
phl,2016,4.3765210000
phl,2017,11.2925800000
pol,1988,4.2084040000
pol,1989,4.3386300000
pol,1990,11.5249500000
pol,1991,6.3213930000
pol,1992,6.2928400000
pol,1993,5.0852960000
pol,1994,5.1576190000
pol,1995,7.1621610000
pol,1996,9.9067880000
pol,1997,8.8379600000
pol,1998,6.8000040000
pol,1999,6.0253790000
pol,2000,5.2014210000
pol,2001,6.0992550000
pol,2002,7.4008150000
pol,2003,7.4759630000
pol,2004,5.3021800000
pol,2005,4.3711880000
pol,2006,5.1571230000
pol,2007,5.1845100000
pol,2008,4.1824890000
pol,2009,4.0704770000
pol,2010,4.6493630000
pol,2011,4.2735690000
pol,2012,4.2553720000
pol,2013,4.4101960000
pol,2014,5.1837850000
pol,2015,5.2640510000
pol,2016,5.0687320000
pol,2017,5.4477470000
prt,1988,4.2084040000
prt,1989,4.3386300000
prt,1990,11.5249500000
prt,1991,6.3213930000
prt,1992,6.2928400000
prt,1993,5.0852960000
prt,1994,5.1576190000
prt,1995,7.1621610000
prt,1996,9.9067880000
prt,1997,8.8379600000
prt,1998,6.8000040000
prt,1999,6.0253790000
prt,2000,5.2014210000
prt,2001,6.0992550000
prt,2002,7.4008150000
prt,2003,7.4759630000
prt,2004,5.3021800000
prt,2005,4.3711880000
prt,2006,5.1571230000
prt,2007,5.1845100000
prt,2008,4.1824890000
prt,2009,4.0704770000
prt,2010,4.6493630000
prt,2011,4.2735690000
prt,2012,4.2553720000
prt,2013,4.4101960000
prt,2014,5.1837850000
prt,2015,5.2640510000
prt,2016,5.0687320000
prt,2017,5.4477470000
qat,2002,0.2185387000
qat,2003,0.1352466000
qat,2004,0.2177140000
qat,2005,0.1459934000
qat,2006,0.1126229000
qat,2007,0.0839796000
qat,2008,0.1595869000
qat,2009,0.1551514000
qat,2010,0.2186812000
qat,2011,0.2186812000
qat,2012,0.0318813000
qat,2013,0.0479483000
qat,2014,0.0023486000
qat,2015,0.0299926000
qat,2016,0.0299926000
qat,2017,0.0881173000
rou,1988,4.2084040000
rou,1989,4.3386300000
rou,1990,11.5249500000
rou,1991,6.3213930000
rou,1992,6.2928400000
rou,1993,5.0852960000
rou,1994,5.1576190000
rou,1995,7.1621610000
rou,1996,9.9067880000
rou,1997,8.8379600000
rou,1998,6.8000040000
rou,1999,6.0253790000
rou,2000,5.2014210000
rou,2001,6.0992550000
rou,2002,7.4008150000
rou,2003,7.4759630000
rou,2004,5.3021800000
rou,2005,4.3711880000
rou,2006,5.1571230000
rou,2007,5.1845100000
rou,2008,4.1824890000
rou,2009,4.0704770000
rou,2010,4.6493630000
rou,2011,4.2735690000
rou,2012,4.2553720000
rou,2013,4.4101960000
rou,2014,5.1837850000
rou,2015,5.2640510000
rou,2016,5.0687320000
rou,2017,5.4477470000
rus,1993,3.2716030000
rus,1994,27.2598400000
rus,1996,26.2832700000
rus,1997,34.7541100000
rus,2001,19.7502300000
rus,2002,18.6144200000
rus,2005,17.3918500000
rus,2007,35.2539900000
rus,2008,35.2574300000
rus,2009,35.5102100000
rus,2010,21.0468900000
rus,2011,24.8585900000
rus,2012,8.9484000000
rus,2013,24.2003600000
rus,2014,11.5167300000
rus,2015,6.6576060000
rus,2016,4.4954090000
rus,2017,3.6112600000
rwa,1993,63.6074600000
rwa,2000,17.4751200000
rwa,2001,15.2452000000
rwa,2002,69.6542700000
rwa,2003,13.0819700000
rwa,2005,55.9031500000
rwa,2006,56.1213000000
rwa,2008,52.7629400000
rwa,2009,36.0823400000
rwa,2010,34.7242400000
rwa,2011,31.9686100000
rwa,2012,33.3835500000
rwa,2013,34.7008800000
rwa,2014,34.3938600000
rwa,2015,34.7829500000
rwa,2016,36.1592100000
wsm,2011,35.4749800000
wsm,2012,35.5084200000
wsm,2013,34.8348400000
wsm,2014,35.2707600000
wsm,2015,35.0466900000
wsm,2016,35.9463000000
wsm,2017,34.9781000000
stp,2013,12.1794900000
stp,2014,11.9500100000
stp,2015,12.0715900000
stp,2016,12.0254800000
sau,1994,10.1924000000
sau,1999,10.8152600000
sau,2000,10.7066700000
sau,2001,11.2416500000
sau,2002,10.4333800000
sau,2003,10.6886300000
sau,2004,10.6648500000
sau,2005,0.0408120000
sau,2006,0.0344045000
sau,2007,0.1616175000
sau,2008,0.0000000000
sau,2009,0.0000000000
sau,2011,0.1622060000
sau,2012,0.0464176000
sau,2013,0.0464176000
sau,2014,0.0253580000
sau,2015,0.3335326000
sau,2017,0.2679236000
sen,2001,52.9923200000
sen,2002,52.3978700000
sen,2003,53.4552900000
sen,2004,53.7570400000
sen,2005,53.8045000000
sen,2006,51.2803200000
sen,2007,50.5969000000
sen,2008,50.5918600000
sen,2009,50.9247300000
sen,2010,51.0496800000
sen,2011,50.0560400000
sen,2012,48.7338300000
sen,2013,48.7417200000
sen,2014,49.4430800000
sen,2015,43.4308500000
sen,2016,44.0087500000
sen,2017,45.3988900000
srb,2001,25.9560900000
srb,2002,21.7414600000
srb,2005,17.8019900000
syc,2000,58.3493200000
syc,2001,61.8987000000
syc,2005,15.8730800000
syc,2006,13.2044300000
syc,2007,13.9976500000
syc,2015,12.1688100000
syc,2016,13.0443800000
syc,2017,11.6118200000
sle,2004,55.1664700000
sle,2006,54.8351900000
sle,2010,49.7129900000
sle,2011,49.8173900000
sle,2012,49.8703100000
sgp,1989,0.8606926000
sgp,1995,0.1667334000
sgp,1996,0.1460779000
sgp,1997,0.1379926000
sgp,1998,0.1393592000
sgp,1999,0.1413971000
sgp,2000,0.1546103000
sgp,2001,0.1888672000
sgp,2002,0.2778150000
sgp,2003,0.2227955000
sgp,2004,0.0000000000
sgp,2005,0.0953885000
sgp,2006,0.1017190000
sgp,2007,0.0685612000
sgp,2008,0.0877578000
sgp,2009,0.0795977000
sgp,2010,0.0905257000
sgp,2011,0.1363462000
sgp,2012,0.0844143000
sgp,2013,0.0965544000
sgp,2014,0.0965544000
sgp,2015,0.0839399000
sgp,2016,0.0863695000
sgp,2017,0.0740438000
svk,1988,4.2084040000
svk,1989,4.3386300000
svk,1990,11.5249500000
svk,1991,6.3213930000
svk,1992,6.2928400000
svk,1993,5.0852960000
svk,1994,5.1576190000
svk,1995,7.1621610000
svk,1996,9.9067880000
svk,1997,8.8379600000
svk,1998,6.8000040000
svk,1999,6.0253790000
svk,2000,5.2014210000
svk,2001,6.0992550000
svk,2002,7.4008150000
svk,2003,7.4759630000
svk,2004,5.3021800000
svk,2005,4.3711880000
svk,2006,5.1571230000
svk,2007,5.1845100000
svk,2008,4.1824890000
svk,2009,4.0704770000
svk,2010,4.6493630000
svk,2011,4.2735690000
svk,2012,4.2553720000
svk,2013,4.4101960000
svk,2014,5.1837850000
svk,2015,5.2640510000
svk,2016,5.0687320000
svk,2017,5.4477470000
svn,1988,4.2084040000
svn,1989,4.3386300000
svn,1990,11.5249500000
svn,1991,6.3213930000
svn,1992,6.2928400000
svn,1993,5.0852960000
svn,1994,5.1576190000
svn,1995,7.1621610000
svn,1996,9.9067880000
svn,1997,8.8379600000
svn,1998,6.8000040000
svn,1999,6.0253790000
svn,2000,5.2014210000
svn,2001,6.0992550000
svn,2002,7.4008150000
svn,2003,7.4759630000
svn,2004,5.3021800000
svn,2005,4.3711880000
svn,2006,5.1571230000
svn,2007,5.1845100000
svn,2008,4.1824890000
svn,2009,4.0704770000
svn,2010,4.6493630000
svn,2011,4.2735690000
svn,2012,4.2553720000
svn,2013,4.4101960000
svn,2014,5.1837850000
svn,2015,5.2640510000
svn,2016,5.0687320000
svn,2017,5.4477470000
slb,2008,3.7700280000
slb,2015,3.8129890000
slb,2016,3.9520460000
slb,2017,3.4754300000
zaf,1988,36.6769400000
zaf,1990,31.5734200000
zaf,1991,29.6219500000
zaf,1993,46.9639100000
zaf,1996,23.5636400000
zaf,1997,39.1090700000
zaf,1999,35.1672900000
zaf,2000,29.2889500000
zaf,2001,32.4029500000
zaf,2002,26.1392200000
zaf,2003,26.6754500000
zaf,2004,24.0031300000
zaf,2005,22.1566700000
zaf,2006,19.8290300000
zaf,2007,18.8735700000
zaf,2008,25.1783800000
zaf,2009,17.9255900000
zaf,2010,17.3873700000
zaf,2011,23.0475800000
zaf,2012,18.7162700000
zaf,2013,22.4044700000
zaf,2014,22.2294700000
zaf,2015,21.9332700000
zaf,2016,22.4603800000
zaf,2017,23.1000500000
esp,1988,4.2084040000
esp,1989,4.3386300000
esp,1990,11.5249500000
esp,1991,6.3213930000
esp,1992,6.2928400000
esp,1993,5.0852960000
esp,1994,5.1576190000
esp,1995,7.1621610000
esp,1996,9.9067880000
esp,1997,8.8379600000
esp,1998,6.8000040000
esp,1999,6.0253790000
esp,2000,5.2014210000
esp,2001,6.0992550000
esp,2002,7.4008150000
esp,2003,7.4759630000
esp,2004,5.3021800000
esp,2005,4.3711880000
esp,2006,5.1571230000
esp,2007,5.1845100000
esp,2008,4.1824890000
esp,2009,4.0704770000
esp,2010,4.6493630000
esp,2011,4.2735690000
esp,2012,4.2553720000
esp,2013,4.4101960000
esp,2014,5.1837850000
esp,2015,5.2640510000
esp,2016,5.0687320000
esp,2017,5.4477470000
lka,1990,49.9796400000
lka,1993,49.3248700000
lka,1994,50.2221100000
lka,1997,46.4210900000
lka,1998,28.7945400000
lka,2000,22.3575600000
lka,2001,22.2647600000
lka,2003,24.6783500000
lka,2004,24.6113800000
lka,2005,24.7556200000
lka,2006,23.9678500000
lka,2007,23.4439600000
lka,2008,24.3114200000
lka,2009,46.2014800000
lka,2010,24.1251000000
lka,2011,45.9759100000
lka,2012,23.7015800000
lka,2014,43.9776200000
lka,2015,20.0138300000
lka,2017,42.0882700000
kna,1996,51.2728600000
kna,1999,42.6198300000
kna,2000,42.4225600000
kna,2001,42.8431400000
kna,2002,42.3738900000
kna,2003,44.7620200000
kna,2006,39.3719900000
kna,2007,44.7276100000
kna,2008,44.3297100000
kna,2009,42.6119700000
kna,2010,45.1002800000
kna,2011,44.4337300000
kna,2012,38.7692800000
kna,2013,38.7692800000
kna,2014,43.9211700000
kna,2015,43.9211700000
kna,2016,43.9211700000
kna,2017,41.7001100000
lca,1996,51.3333300000
lca,1999,42.0021500000
lca,2000,41.7773000000
lca,2001,43.9807000000
lca,2002,46.9396400000
lca,2003,46.3475100000
lca,2005,45.8260000000
lca,2006,35.3313500000
lca,2007,38.6471100000
lca,2010,44.5330900000
lca,2011,44.1084500000
lca,2012,34.3879400000
lca,2013,37.8743000000
lca,2014,45.7894200000
lca,2015,36.2354500000
lca,2016,43.1496000000
vct,1996,49.5426500000
vct,1999,39.9599700000
vct,2000,42.8948400000
vct,2001,43.7572100000
vct,2002,44.1067000000
vct,2003,43.4454900000
vct,2006,14.3345300000
vct,2007,43.2732700000
vct,2010,43.4345400000
vct,2011,42.8782200000
vct,2012,35.4708300000
vct,2013,35.4708300000
vct,2015,41.8758000000
vct,2016,39.9305200000
vct,2017,35.3109700000
sdn,1996,8.6329430000
sdn,2002,48.8358000000
sdn,2006,26.3238200000
sdn,2008,35.1467900000
sdn,2009,27.8303300000
sdn,2010,26.8196300000
sdn,2011,26.6079800000
sdn,2012,27.1864000000
sdn,2013,27.3771500000
sdn,2017,36.4487600000
sur,1996,45.6018500000
sur,1999,38.5865700000
sur,2000,6.6951720000
sur,2007,37.7659900000
sur,2009,39.9936600000
sur,2010,39.9936600000
sur,2011,38.0037800000
sur,2012,35.0626100000
sur,2013,35.0626100000
swe,1988,4.2084040000
swe,1989,4.3386300000
swe,1990,11.5249500000
swe,1991,6.3213930000
swe,1992,6.2928400000
swe,1993,5.0852960000
swe,1994,5.1576190000
swe,1995,7.1621610000
swe,1996,9.9067880000
swe,1997,8.8379600000
swe,1998,6.8000040000
swe,1999,6.0253790000
swe,2000,5.2014210000
swe,2001,6.0992550000
swe,2002,7.4008150000
swe,2003,7.4759630000
swe,2004,5.3021800000
swe,2005,4.3711880000
swe,2006,5.1571230000
swe,2007,5.1845100000
swe,2008,4.1824890000
swe,2009,4.0704770000
swe,2010,4.6493630000
swe,2011,4.2735690000
swe,2012,4.2553720000
swe,2013,4.4101960000
swe,2014,5.1837850000
swe,2015,5.2640510000
swe,2016,5.0687320000
swe,2017,5.4477470000
che,1990,11.8668700000
che,1993,13.6860900000
che,1995,20.9655100000
che,1996,13.9862200000
che,1997,11.9958100000
che,1998,11.2060900000
che,1999,11.0945700000
che,2000,11.2720900000
che,2001,12.3598900000
che,2002,12.3793200000
che,2003,12.3720000000
che,2004,12.4724000000
che,2005,13.0270300000
che,2006,12.1028900000
che,2007,10.5723800000
che,2008,9.9880910000
che,2009,10.2565000000
che,2010,9.2186170000
che,2011,10.1662600000
che,2012,11.7547800000
che,2013,9.8315070000
che,2014,10.1152800000
che,2015,10.0410200000
che,2016,10.8314600000
che,2017,10.3450000000
syr,2002,23.2502500000
syr,2009,30.9252900000
syr,2010,33.4849400000
syr,2013,34.3819600000
tjk,2006,0.2697033000
tjk,2010,9.9212940000
tjk,2012,0.0024198000
tjk,2013,11.4283000000
tjk,2014,11.0251900000
tjk,2015,12.3783800000
tjk,2016,11.5985100000
tjk,2017,10.8081200000
tza,1993,41.7813400000
tza,1997,66.3933700000
tza,1998,62.7578900000
tza,2000,65.7203100000
tza,2003,42.3829500000
tza,2005,37.9372900000
tza,2006,37.6331100000
tza,2007,38.0236900000
tza,2008,40.3438000000
tza,2009,40.0910300000
tza,2010,40.5294100000
tza,2011,39.6409100000
tza,2012,40.7448500000
tza,2013,40.6735700000
tza,2014,40.1952700000
tza,2015,36.4771500000
tza,2016,37.5323400000
tha,1989,92.4091900000
tha,1991,92.6601300000
tha,1993,93.8348500000
tha,1995,57.9011300000
tha,1999,87.8527200000
tha,2000,46.9385600000
tha,2001,49.8212200000
tha,2003,46.9384600000
tha,2004,23.8552400000
tha,2005,22.1236800000
tha,2006,22.9406200000
tha,2007,19.1629200000
tha,2008,19.7997600000
tha,2009,20.2240400000
tha,2010,19.6208100000
tha,2011,20.7797700000
tha,2013,26.5888700000
tha,2014,18.2238600000
tha,2015,16.7040300000
tls,2011,0.0000000000
tls,2012,0.0000000000
tls,2013,0.0000000000
tls,2014,0.0000000000
tls,2015,0.0000000000
tls,2016,0.0000000000
tgo,1996,64.3705700000
tgo,1997,67.2703900000
tgo,1999,68.6506800000
tgo,2000,54.6866100000
tgo,2001,52.8050600000
tgo,2002,51.8983100000
tgo,2003,51.2339500000
tgo,2004,57.0211400000
tgo,2005,55.3136700000
tgo,2006,54.1379000000
tgo,2007,52.2001500000
tgo,2008,52.2001500000
tgo,2009,52.4479900000
tgo,2010,50.3921400000
tgo,2011,51.2645200000
tgo,2012,47.9854500000
tgo,2013,47.0715100000
tgo,2014,47.0512200000
tgo,2015,41.4467500000
tgo,2016,40.6214300000
tgo,2017,45.4088100000
ton,2009,66.9231500000
ton,2010,67.0520200000
ton,2011,66.9535100000
ton,2012,12.5954200000
ton,2013,64.4472000000
ton,2015,65.9815200000
ton,2016,65.9362400000
ton,2017,64.2833000000
tto,1991,38.9951000000
tto,1992,40.2879900000
tto,1996,42.8295300000
tto,1999,35.8350500000
tto,2001,35.3242800000
tto,2002,36.3338200000
tto,2003,36.5862600000
tto,2004,38.7568700000
tto,2005,38.1572200000
tto,2006,36.0253800000
tto,2007,43.9925600000
tto,2008,43.6913300000
tto,2010,37.0756900000
tto,2011,37.0756900000
tto,2012,36.2219800000
tto,2013,36.2219800000
tun,1990,96.9892200000
tun,1992,97.1452700000
tun,1995,97.1285200000
tun,1998,91.6805400000
tun,2000,79.5387000000
tun,2002,82.9257400000
tun,2003,65.6177700000
tun,2004,66.4319000000
tun,2005,30.7088800000
tun,2006,55.4814000000
tun,2008,57.0007200000
tun,2009,57.4008700000
tun,2010,49.4422600000
tun,2011,44.6431000000
tun,2012,44.8182800000
tun,2013,28.1193600000
tun,2015,27.9855500000
tun,2016,53.0530100000
tur,1993,5.9152920000
tur,1995,7.9091150000
tur,1996,7.5454800000
tur,1997,8.1826450000
tur,1998,8.0572950000
tur,1999,9.9439350000
tur,2000,6.4284770000
tur,2001,4.9586320000
tur,2002,4.7040390000
tur,2003,4.4850390000
tur,2004,4.6806540000
tur,2005,4.8045530000
tur,2006,4.6489420000
tur,2007,4.4141700000
tur,2008,4.6698350000
tur,2009,4.3641020000
tur,2010,5.2842720000
tur,2011,5.2239210000
tur,2013,4.9683180000
tur,2015,5.3559420000
tur,2016,5.2033770000
tur,2017,5.3908750000
tkm,1998,0.0000000000
tkm,2002,14.7844000000
tuv,2010,38.4850800000
tuv,2017,43.0405400000
uga,1994,50.9476200000
uga,2000,0.0000000000
uga,2001,0.0000000000
uga,2002,0.0000000000
uga,2003,0.0000000000
uga,2004,0.0000000000
uga,2005,38.3443400000
uga,2006,37.4515400000
uga,2007,37.4450800000
uga,2008,37.7523300000
uga,2009,38.2159200000
uga,2010,38.5517600000
uga,2011,37.7091000000
uga,2012,37.7105700000
uga,2013,36.5461300000
uga,2014,37.1268500000
uga,2015,36.1694500000
uga,2016,36.3333300000
ukr,1995,10.3734100000
ukr,1997,18.3077500000
ukr,2002,12.6797900000
ukr,2006,4.9012340000
ukr,2007,3.4515200000
ukr,2008,5.0464830000
ukr,2009,1.8288630000
ukr,2010,1.3073150000
ukr,2011,2.2654610000
ukr,2012,1.0723200000
ukr,2013,1.2308090000
ukr,2014,2.4342960000
ukr,2015,2.3488550000
ukr,2016,1.0432590000
ukr,2017,1.5052750000
are,2005,0.3707467000
are,2007,0.2902515000
are,2008,0.3163313000
are,2009,0.3163254000
are,2011,0.2238894000
are,2012,0.1472138000
are,2013,0.1213738000
are,2014,0.1168480000
are,2015,0.1443508000
are,2016,0.0945553000
are,2017,0.2458144000
gbr,1988,4.2084040000
gbr,1989,4.3386300000
gbr,1990,11.5249500000
gbr,1991,6.3213930000
gbr,1992,6.2928400000
gbr,1993,5.0852960000
gbr,1994,5.1576190000
gbr,1995,7.1621610000
gbr,1996,9.9067880000
gbr,1997,8.8379600000
gbr,1998,6.8000040000
gbr,1999,6.0253790000
gbr,2000,5.2014210000
gbr,2001,6.0992550000
gbr,2002,7.4008150000
gbr,2003,7.4759630000
gbr,2004,5.3021800000
gbr,2005,4.3711880000
gbr,2006,5.1571230000
gbr,2007,5.1845100000
gbr,2008,4.1824890000
gbr,2009,4.0704770000
gbr,2010,4.6493630000
gbr,2011,4.2735690000
gbr,2012,4.2553720000
gbr,2013,4.4101960000
gbr,2014,5.1837850000
gbr,2015,5.2640510000
gbr,2016,5.0687320000
gbr,2017,5.4477470000
usa,1989,10.2151500000
usa,1990,10.2770200000
usa,1991,10.5625300000
usa,1992,10.6313700000
usa,1993,10.5692800000
usa,1995,10.3033900000
usa,1996,10.0683000000
usa,1997,9.8923670000
usa,1998,9.8403490000
usa,1999,8.9128130000
usa,2000,8.7455710000
usa,2001,8.7529750000
usa,2002,8.7775370000
usa,2003,8.0067280000
usa,2004,6.5430210000
usa,2005,6.1969350000
usa,2006,6.0047820000
usa,2007,6.6271290000
usa,2008,5.7629490000
usa,2009,5.5401920000
usa,2010,5.4688740000
usa,2011,5.6669860000
usa,2012,5.4813320000
usa,2013,5.4863670000
usa,2014,5.6078070000
usa,2015,5.6284970000
usa,2016,5.6087880000
usa,2017,5.9946550000
ury,1992,0.0000000000
ury,1995,31.8350000000
ury,1996,29.0256300000
ury,1997,35.3315400000
ury,1998,46.7789300000
ury,1999,45.5508700000
ury,2000,37.9677700000
ury,2001,40.2190700000
ury,2002,45.5068100000
ury,2004,36.3887700000
ury,2005,26.1226100000
ury,2006,25.9854600000
ury,2007,25.9459600000
ury,2008,27.0648400000
ury,2009,27.1012000000
ury,2010,28.5650300000
ury,2011,30.2206300000
ury,2012,30.0966500000
ury,2013,30.2646500000
ury,2014,30.3072500000
ury,2015,30.0568900000
ury,2016,30.6153600000
ury,2017,32.3228500000
uzb,2001,27.4170900000
uzb,2006,25.1000100000
uzb,2007,26.1331100000
uzb,2008,27.2649000000
uzb,2009,25.4804900000
uzb,2012,27.6381600000
uzb,2014,27.8911800000
uzb,2015,23.7586400000
vut,2002,46.2117700000
vut,2003,45.7897800000
vut,2004,45.7897800000
vut,2005,45.7897800000
vut,2006,45.1346100000
vut,2007,66.6274600000
vut,2008,66.2810400000
vut,2009,66.2810400000
vut,2012,19.5838100000
vut,2015,37.0873300000
vut,2016,36.7954500000
vut,2017,43.2584300000
ven,1992,47.5561400000
ven,1995,19.7291800000
ven,1997,22.0433000000
ven,1998,23.1675300000
ven,1999,24.2034200000
ven,2000,24.0047900000
ven,2001,24.6657500000
ven,2002,25.6555900000
ven,2003,23.3745300000
ven,2004,23.0126800000
ven,2005,22.9745600000
ven,2006,20.2310300000
ven,2007,43.8085900000
ven,2008,45.4907200000
ven,2009,45.5513900000
ven,2010,21.2969500000
ven,2011,44.1139200000
ven,2012,18.0962300000
ven,2013,42.8911600000
ven,2014,28.1140000000
ven,2015,26.2223100000
ven,2016,24.8750100000
ven,2017,27.5621400000
vnm,1994,18.6105300000
vnm,1999,28.0338900000
vnm,2001,33.1705400000
vnm,2002,32.1359700000
vnm,2003,34.9009100000
vnm,2004,31.1509400000
vnm,2005,30.8305900000
vnm,2006,31.0338800000
vnm,2007,32.9670000000
vnm,2008,19.7491000000
vnm,2009,20.2539900000
vnm,2010,23.7865700000
vnm,2012,16.4864600000
vnm,2013,20.7127400000
vnm,2014,20.8773300000
vnm,2015,19.9705200000
vnm,2016,20.8745100000
vnm,2017,20.9493600000
yem,2000,12.0521300000
yem,2006,2.0591840000
yem,2009,1.3677550000
yem,2011,1.3011790000
yem,2012,1.3661320000
yem,2013,0.9997007000
yem,2015,3.4186980000
yem,2016,4.0373440000
yem,2017,1.9282210000
zmb,1993,90.3424800000
zmb,1997,34.5531400000
zmb,2001,38.9244000000
zmb,2002,38.2298500000
zmb,2003,35.2956600000
zmb,2004,38.0253800000
zmb,2005,34.0181700000
zmb,2006,37.2124700000
zmb,2007,34.6313300000
zmb,2008,50.9569100000
zmb,2009,52.1458500000
zmb,2010,26.0417000000
zmb,2011,49.0070200000
zmb,2012,25.5089700000
zmb,2013,48.7434900000
zmb,2015,25.3499600000
zmb,2016,27.1056100000
zwe,1996,96.5082400000
zwe,1997,51.6801100000
zwe,1998,46.8006200000
zwe,1999,50.0949200000
zwe,2000,44.3657800000
zwe,2001,42.9925300000
zwe,2002,40.8991800000
zwe,2003,38.8015400000
zwe,2007,40.0215100000
zwe,2010,33.9443500000
zwe,2011,26.5328300000
zwe,2012,37.6712700000
zwe,2015,32.9981800000
zwe,2016,18.8703200000
