country,year,vc_ihr_psrc_p5
arb,2012,4.7000000000
arb,2014,4.2000000000
css,2012,29.0000000000
css,2014,27.4000000000
ceb,2012,1.6000000000
ceb,2014,1.3000000000
ear,2012,6.8000000000
ear,2014,6.3000000000
eas,2012,2.0000000000
eas,2014,1.5000000000
eap,2012,2.1000000000
eap,2014,1.6000000000
tea,2012,2.1000000000
tea,2014,1.5000000000
emu,2012,1.1000000000
emu,2014,1.0000000000
ecs,2012,3.1000000000
ecs,2014,3.0000000000
eca,2012,5.6000000000
eca,2014,5.5000000000
tec,2012,5.2000000000
tec,2014,5.1000000000
euu,2012,1.1000000000
euu,2014,1.0000000000
fcs,2012,12.6000000000
fcs,2014,7.3000000000
hpc,2012,12.6000000000
hpc,2014,8.3000000000
hic,2012,2.2000000000
hic,2014,2.0000000000
ibd,2012,5.8000000000
ibd,2014,5.6000000000
ibt,2012,7.0000000000
ibt,2014,5.9000000000
idb,2012,10.6000000000
idb,2014,7.0000000000
idx,2012,10.4000000000
idx,2014,6.8000000000
ida,2012,10.5000000000
ida,2014,6.8000000000
lte,2012,5.0000000000
lte,2014,4.6000000000
lcn,2012,23.2000000000
lcn,2014,22.5000000000
lac,2012,23.9000000000
lac,2014,23.2000000000
tla,2012,23.6000000000
tla,2014,22.9000000000
ldc,2012,10.0000000000
ldc,2014,6.3000000000
lmy,2012,7.0000000000
lmy,2014,6.0000000000
lic,2012,11.4000000000
lic,2014,7.4000000000
lmc,2012,5.9000000000
lmc,2014,4.6000000000
mea,2012,3.8000000000
mea,2014,3.9000000000
mna,2012,4.2000000000
mna,2014,3.9000000000
tmn,2012,4.2000000000
tmn,2014,3.9000000000
mic,2012,6.5000000000
mic,2014,5.8000000000
nac,2012,4.4000000000
nac,2014,3.6000000000
oed,2012,4.0000000000
oed,2014,3.3000000000
oss,2012,11.4000000000
oss,2014,10.0000000000
pss,2012,4.0000000000
pss,2014,3.5000000000
pst,2012,2.2000000000
pst,2014,1.9000000000
pre,2012,13.3000000000
pre,2014,8.2000000000
sst,2012,14.4000000000
sst,2014,13.0000000000
sas,2012,3.9000000000
sas,2014,3.7000000000
tsa,2012,3.9000000000
tsa,2014,3.7000000000
ssf,2012,14.4000000000
ssf,2014,9.5000000000
ssa,2012,14.4000000000
ssa,2014,9.5000000000
tss,2012,14.4000000000
tss,2014,9.5000000000
umc,2012,7.3000000000
umc,2014,7.2000000000
wld,2012,6.2000000000
wld,2014,5.3000000000
afg,2009,4.1000000000
afg,2010,3.5000000000
afg,2011,4.3000000000
afg,2012,6.6000000000
alb,1995,6.6855517586
alb,1996,7.9676231777
alb,1997,49.8722145786
alb,1998,18.6097146608
alb,1999,16.1420237737
alb,2005,5.0000000000
alb,2006,3.1000000000
alb,2007,3.5000000000
alb,2008,3.1000000000
alb,2009,2.9000000000
alb,2010,4.4000000000
alb,2011,4.9000000000
alb,2012,5.5000000000
alb,2013,4.3000000000
alb,2014,4.0000000000
dza,2003,2.0000000000
dza,2004,1.4000000000
dza,2005,0.6000000000
dza,2006,0.9000000000
dza,2007,0.8000000000
dza,2008,0.9000000000
dza,2009,0.8000000000
dza,2010,0.7000000000
dza,2011,0.8000000000
dza,2012,1.3000000000
dza,2013,1.3000000000
dza,2014,1.5000000000
ado,2004,1.3000000000
ado,2007,0.0000000000
ado,2008,1.2000000000
ado,2009,1.2000000000
ado,2010,1.2000000000
ado,2011,1.2000000000
ado,2012,0.0000000000
ado,2013,0.0000000000
ado,2014,0.0000000000
ago,2012,9.8000000000
atg,2000,6.4000000000
atg,2001,8.9000000000
atg,2002,6.2000000000
atg,2003,6.2000000000
atg,2004,4.9000000000
atg,2005,3.6000000000
atg,2006,13.2000000000
atg,2007,20.1000000000
atg,2008,18.7000000000
atg,2009,18.5000000000
atg,2010,6.9000000000
atg,2012,11.2000000000
arg,1995,7.8123296522
arg,1996,8.5045211831
arg,1997,9.1418353373
arg,1998,7.2146833501
arg,1999,7.3013816880
arg,2014,7.6000000000
arm,1995,3.5989380651
arm,1996,3.5937374397
arm,1997,3.1899595386
arm,1998,2.9912183618
arm,1999,2.9120332981
arm,2004,2.7000000000
arm,2005,1.9000000000
arm,2006,2.6000000000
arm,2007,2.6000000000
arm,2008,3.3000000000
arm,2009,3.3000000000
arm,2010,1.9000000000
arm,2011,2.4000000000
arm,2012,2.2000000000
arm,2013,2.0000000000
abw,2002,5.3000000000
abw,2003,4.1000000000
abw,2004,2.0000000000
abw,2005,12.0000000000
abw,2006,9.9000000000
abw,2007,5.9000000000
abw,2008,4.9000000000
abw,2009,3.9000000000
abw,2010,3.9000000000
aus,1995,1.7992742853
aus,1996,1.7030905143
aus,1997,1.7327792111
aus,1998,1.5212268796
aus,1999,1.8102275641
aus,2000,1.9000000000
aus,2001,1.8000000000
aus,2002,1.9000000000
aus,2003,1.7000000000
aus,2004,1.5000000000
aus,2005,1.3000000000
aus,2006,1.4000000000
aus,2007,1.2000000000
aus,2008,1.2000000000
aus,2009,1.2000000000
aus,2010,1.1000000000
aus,2011,1.1000000000
aus,2012,1.1000000000
aus,2013,1.1000000000
aus,2014,1.0000000000
aut,1995,1.0333150865
aut,1996,1.2436460990
aut,1997,0.8279440656
aut,1998,0.9653820274
aut,1999,0.7514376882
aut,2000,1.0000000000
aut,2001,0.9000000000
aut,2002,0.8000000000
aut,2003,0.6000000000
aut,2004,0.7000000000
aut,2005,0.7000000000
aut,2006,0.7000000000
aut,2007,0.5000000000
aut,2008,0.7000000000
aut,2009,0.6000000000
aut,2010,0.7000000000
aut,2011,0.9000000000
aut,2012,1.0000000000
aut,2013,0.7000000000
aut,2014,0.5000000000
aze,2000,2.8000000000
aze,2001,2.7000000000
aze,2002,2.6000000000
aze,2003,2.2000000000
aze,2004,2.4000000000
aze,2005,2.2000000000
aze,2006,2.2000000000
aze,2007,2.0000000000
aze,2008,1.9000000000
aze,2009,1.8000000000
aze,2010,2.1000000000
aze,2012,2.2000000000
aze,2013,2.3000000000
aze,2014,2.5000000000
bhs,2000,24.8000000000
bhs,2001,14.2000000000
bhs,2002,16.8000000000
bhs,2003,15.8000000000
bhs,2004,13.6000000000
bhs,2005,15.8000000000
bhs,2006,18.2000000000
bhs,2007,22.8000000000
bhs,2008,20.9000000000
bhs,2009,24.5000000000
bhs,2010,26.1000000000
bhs,2011,34.6000000000
bhs,2012,29.8000000000
bhr,2001,1.3000000000
bhr,2002,1.1000000000
bhr,2003,0.4000000000
bhr,2004,0.9000000000
bhr,2005,0.5000000000
bhr,2006,0.7000000000
bhr,2007,0.4000000000
bhr,2008,0.5000000000
bhr,2009,1.1000000000
bhr,2010,0.9000000000
bhr,2011,0.5000000000
bgd,2000,2.5000000000
bgd,2001,2.7000000000
bgd,2002,2.6000000000
bgd,2003,2.5000000000
bgd,2004,2.8000000000
bgd,2005,2.5000000000
bgd,2006,2.9000000000
bgd,2007,2.6000000000
bgd,2008,2.8000000000
bgd,2009,2.8000000000
bgd,2010,2.6000000000
bgd,2011,2.6000000000
bgd,2012,2.6000000000
bgd,2013,2.8000000000
bgd,2014,2.8000000000
brb,1998,7.5204650656
brb,1999,8.6220469489
brb,2000,7.4000000000
brb,2001,9.2000000000
brb,2002,9.2000000000
brb,2003,12.1000000000
brb,2004,8.1000000000
brb,2005,10.6000000000
brb,2006,12.7000000000
brb,2007,9.8000000000
brb,2008,9.0000000000
brb,2009,6.8000000000
brb,2010,11.1000000000
brb,2011,9.6000000000
brb,2012,7.8000000000
brb,2013,8.5000000000
brb,2014,8.8000000000
blr,1995,9.3437649981
blr,1996,9.4686302328
blr,1997,10.0055054779
blr,1998,10.1994514546
blr,1999,9.6363914464
blr,2000,10.2000000000
blr,2001,9.8000000000
blr,2002,10.1000000000
blr,2003,9.0000000000
blr,2004,8.4000000000
blr,2005,8.6000000000
blr,2006,7.7000000000
blr,2007,6.8000000000
blr,2008,5.7000000000
blr,2009,5.0000000000
blr,2010,5.1000000000
blr,2011,3.9000000000
blr,2012,3.6000000000
blr,2013,3.5000000000
blr,2014,3.6000000000
bel,2000,2.1000000000
bel,2001,2.7000000000
bel,2002,3.1000000000
bel,2003,2.2000000000
bel,2004,2.6000000000
bel,2005,2.1000000000
bel,2006,2.1000000000
bel,2007,2.0000000000
bel,2008,1.9000000000
bel,2009,1.7000000000
bel,2010,1.7000000000
bel,2011,1.9000000000
bel,2012,1.8000000000
bel,2013,1.8000000000
bel,2014,1.8000000000
blz,2000,16.6000000000
blz,2001,25.1000000000
blz,2002,33.2000000000
blz,2003,24.9000000000
blz,2004,28.6000000000
blz,2005,28.6000000000
blz,2006,31.6000000000
blz,2007,32.5000000000
blz,2008,33.6000000000
blz,2009,61.8000000000
blz,2010,40.1000000000
blz,2011,37.7000000000
blz,2012,43.1000000000
blz,2013,28.8000000000
blz,2014,34.4000000000
ben,2012,6.3000000000
bmu,1996,6.4828771009
bmu,1997,3.2263268269
bmu,1998,0.0000000000
bmu,1999,3.1971864759
bmu,2000,0.0000000000
bmu,2001,4.7000000000
bmu,2002,1.5000000000
bmu,2003,3.1000000000
bmu,2004,1.5000000000
bmu,2005,3.1000000000
bmu,2006,4.6000000000
bmu,2007,4.6000000000
bmu,2008,7.7000000000
bmu,2009,9.3000000000
bmu,2010,10.9000000000
bmu,2011,12.6000000000
bmu,2012,7.9000000000
bmu,2013,4.8000000000
btn,2008,2.0000000000
btn,2009,1.4000000000
btn,2010,1.9000000000
btn,2011,3.0000000000
btn,2012,3.9000000000
btn,2013,2.5000000000
btn,2014,2.7000000000
bol,2005,7.2000000000
bol,2006,6.4000000000
bol,2007,8.3000000000
bol,2008,8.9000000000
bol,2009,8.6000000000
bol,2010,10.6000000000
bol,2011,10.2000000000
bol,2012,12.4000000000
bih,2009,1.9000000000
bih,2010,1.5000000000
bih,2011,1.3000000000
bih,2012,1.6000000000
bih,2013,1.2000000000
bih,2014,1.3000000000
bwa,2001,12.1000000000
bwa,2002,14.3000000000
bwa,2003,17.2000000000
bwa,2004,14.1000000000
bwa,2005,15.6000000000
bwa,2006,13.8000000000
bwa,2007,14.5000000000
bwa,2008,14.3000000000
bwa,2009,14.4000000000
bwa,2010,14.8000000000
bra,2010,20.9000000000
bra,2011,21.5000000000
bra,2012,23.8000000000
bra,2013,23.6000000000
bra,2014,24.6000000000
vgb,1996,10.8000000000
vgb,1997,0.0000000000
vgb,1998,0.0000000000
vgb,1999,5.0000000000
vgb,2000,0.0000000000
vgb,2001,4.7000000000
vgb,2002,4.6000000000
vgb,2003,9.0000000000
vgb,2004,17.7000000000
vgb,2006,8.4000000000
brn,2003,0.9000000000
brn,2004,0.6000000000
brn,2005,0.6000000000
brn,2006,0.8000000000
brn,2007,0.8000000000
brn,2008,0.3000000000
brn,2009,0.8000000000
brn,2010,0.3000000000
brn,2013,0.5000000000
bgr,1995,5.9114781280
bgr,1996,5.2943239166
bgr,1997,4.8548379070
bgr,1998,4.6861831641
bgr,1999,4.0535309043
bgr,2003,3.2000000000
bgr,2004,3.2000000000
bgr,2005,2.6000000000
bgr,2006,2.4000000000
bgr,2007,2.3000000000
bgr,2008,2.3000000000
bgr,2009,2.0000000000
bgr,2010,2.0000000000
bgr,2011,1.7000000000
bgr,2012,1.9000000000
bgr,2013,1.5000000000
bgr,2014,1.6000000000
bfa,2005,0.6000000000
bfa,2006,0.7000000000
bfa,2007,0.8000000000
bfa,2008,0.9000000000
bfa,2009,0.6000000000
bfa,2010,0.6000000000
bfa,2011,0.6000000000
bfa,2012,0.7000000000
bdi,2008,3.9000000000
bdi,2009,4.1000000000
bdi,2010,3.7000000000
bdi,2011,3.6000000000
bdi,2012,4.5000000000
bdi,2013,4.0000000000
bdi,2014,4.0000000000
cpv,2007,6.0000000000
cpv,2008,7.0000000000
cpv,2009,7.8000000000
cpv,2010,8.0000000000
cpv,2011,10.7000000000
cpv,2012,11.2000000000
cpv,2013,10.6000000000
khm,1995,3.5544070036
khm,1996,4.7299652374
khm,1997,6.7597592639
khm,1998,6.6159814078
khm,1999,4.7527840598
khm,2001,3.3000000000
khm,2002,3.4000000000
khm,2003,3.9000000000
khm,2004,3.9000000000
khm,2005,3.4000000000
khm,2006,3.3000000000
khm,2007,3.3000000000
khm,2008,2.5000000000
khm,2009,2.5000000000
khm,2010,2.3000000000
khm,2011,1.8000000000
cmr,2008,3.2000000000
cmr,2009,5.1000000000
cmr,2010,3.5000000000
cmr,2011,2.6000000000
cmr,2012,2.7000000000
can,1995,1.8360463819
can,1996,1.9437349906
can,1997,1.7520795979
can,1998,1.6802831589
can,1999,1.5863704841
can,2000,1.6000000000
can,2001,1.8000000000
can,2002,1.7000000000
can,2003,1.7000000000
can,2004,1.7000000000
can,2005,1.8000000000
can,2006,1.7000000000
can,2007,1.6000000000
can,2008,1.7000000000
can,2009,1.6000000000
can,2010,1.4000000000
can,2011,1.5000000000
can,2012,1.6000000000
can,2013,1.4000000000
cym,1998,2.8000000000
cym,2000,9.6000000000
cym,2001,4.9000000000
cym,2002,0.0000000000
cym,2003,7.4000000000
cym,2004,12.3000000000
cym,2006,2.0000000000
cym,2007,3.9000000000
cym,2008,7.6000000000
cym,2009,14.7000000000
caf,2012,13.2000000000
tcd,2012,9.2000000000
chl,2003,3.3000000000
chl,2005,3.6000000000
chl,2006,3.6000000000
chl,2007,3.7000000000
chl,2008,3.5000000000
chl,2009,3.7000000000
chl,2010,3.2000000000
chl,2011,3.7000000000
chl,2012,2.5000000000
chl,2013,3.2000000000
chl,2014,3.6000000000
chn,2002,2.0000000000
chn,2003,1.9000000000
chn,2004,1.9000000000
chn,2005,1.6000000000
chn,2006,1.4000000000
chn,2007,1.2000000000
chn,2008,1.1000000000
chn,2009,1.1000000000
chn,2010,1.0000000000
chn,2011,0.9000000000
chn,2012,0.8000000000
col,1995,69.6726338113
col,1996,71.7868996641
col,1997,67.1845498884
col,1998,60.0846549499
col,1999,62.2924485456
col,2000,65.7000000000
col,2001,67.9000000000
col,2002,68.3000000000
col,2003,53.4000000000
col,2004,44.6000000000
col,2005,39.5000000000
col,2006,36.8000000000
col,2007,34.8000000000
col,2008,33.2000000000
col,2009,34.0000000000
col,2010,32.7000000000
col,2011,34.1000000000
col,2012,31.3000000000
col,2013,32.6000000000
col,2014,27.9000000000
com,2012,7.8000000000
zar,2012,12.5000000000
cog,2012,10.5000000000
cri,1995,5.3042476069
cri,1996,5.3133244965
cri,1997,5.7561639608
cri,1998,5.9883793360
cri,1999,6.3943558456
cri,2000,6.3000000000
cri,2001,6.4000000000
cri,2002,6.3000000000
cri,2003,7.3000000000
cri,2004,6.7000000000
cri,2005,7.9000000000
cri,2006,8.1000000000
cri,2007,8.4000000000
cri,2008,11.6000000000
cri,2009,11.7000000000
cri,2010,11.6000000000
cri,2011,10.3000000000
cri,2012,8.7000000000
cri,2013,8.7000000000
cri,2014,10.0000000000
civ,2012,11.4000000000
hrv,1995,3.5553644131
hrv,1996,2.6198776560
hrv,1997,2.5511362285
hrv,1998,2.8585506232
hrv,1999,2.6651735821
hrv,2000,2.3000000000
hrv,2001,1.8000000000
hrv,2002,1.7000000000
hrv,2003,1.5000000000
hrv,2004,1.9000000000
hrv,2005,1.5000000000
hrv,2006,1.6000000000
hrv,2007,1.4000000000
hrv,2008,1.5000000000
hrv,2009,1.1000000000
hrv,2010,1.4000000000
hrv,2011,1.1000000000
hrv,2012,1.2000000000
hrv,2013,1.1000000000
hrv,2014,0.8000000000
cub,2001,5.4000000000
cub,2002,5.9000000000
cub,2003,5.7000000000
cub,2004,5.9000000000
cub,2005,6.1000000000
cub,2006,5.1000000000
cub,2007,5.0000000000
cub,2008,4.6000000000
cub,2009,5.0000000000
cub,2010,4.5000000000
cub,2011,4.7000000000
cyp,2004,1.6000000000
cyp,2005,1.9000000000
cyp,2006,1.4000000000
cyp,2007,1.2000000000
cyp,2008,0.8000000000
cyp,2009,1.7000000000
cyp,2010,0.7000000000
cyp,2011,0.8000000000
cyp,2012,1.9000000000
cyp,2013,1.1000000000
cyp,2014,0.1000000000
cze,1995,1.7055359274
cze,1996,1.6779799372
cze,1997,1.8162421387
cze,1998,1.6928199238
cze,1999,1.6763585205
cze,2000,1.8000000000
cze,2001,1.4000000000
cze,2002,1.5000000000
cze,2003,1.6000000000
cze,2004,1.3000000000
cze,2005,1.1000000000
cze,2006,1.3000000000
cze,2007,1.2000000000
cze,2008,1.1000000000
cze,2009,0.9000000000
cze,2010,0.1000000000
cze,2011,0.8000000000
cze,2012,0.1000000000
cze,2013,0.9000000000
cze,2014,0.7000000000
dnk,1995,1.1464900970
dnk,1996,1.3129819857
dnk,1997,1.6674334334
dnk,1998,0.9245895341
dnk,1999,0.9773539570
dnk,2000,1.1000000000
dnk,2001,0.9700000000
dnk,2002,1.0000000000
dnk,2003,1.2000000000
dnk,2004,0.8000000000
dnk,2005,0.9800000000
dnk,2006,0.5000000000
dnk,2007,0.7000000000
dnk,2008,0.9800000000
dnk,2009,0.9000000000
dnk,2010,0.8000000000
dnk,2011,0.8000000000
dnk,2012,0.7000000000
dnk,2013,0.7000000000
dnk,2014,1.0000000000
dji,2012,7.0000000000
dma,2000,2.9000000000
dma,2001,1.4000000000
dma,2002,12.9000000000
dma,2003,11.4000000000
dma,2004,11.4000000000
dma,2005,11.3000000000
dma,2006,7.1000000000
dma,2007,9.9000000000
dma,2008,9.9000000000
dma,2009,18.3000000000
dma,2010,21.1000000000
dma,2011,8.4000000000
dom,1995,12.7205747022
dom,1996,12.8122870826
dom,1997,12.6730332991
dom,1998,13.4659830768
dom,1999,12.6032079775
dom,2000,14.1000000000
dom,2001,12.6000000000
dom,2002,14.5000000000
dom,2003,21.2000000000
dom,2004,24.6000000000
dom,2005,25.9000000000
dom,2006,22.9000000000
dom,2007,22.2000000000
dom,2008,24.8000000000
dom,2009,24.3000000000
dom,2010,25.0000000000
dom,2011,25.1000000000
dom,2012,22.3000000000
dom,2014,17.4000000000
ecu,2000,14.5000000000
ecu,2001,12.9000000000
ecu,2002,14.6000000000
ecu,2003,14.6000000000
ecu,2004,17.7000000000
ecu,2005,15.4000000000
ecu,2006,17.1000000000
ecu,2007,16.0000000000
ecu,2008,18.0000000000
ecu,2009,17.9000000000
ecu,2010,17.7000000000
ecu,2011,15.5000000000
ecu,2012,12.5000000000
ecu,2013,11.0000000000
ecu,2014,8.2000000000
egy,2003,0.7000000000
egy,2004,0.4000000000
egy,2005,0.7000000000
egy,2006,0.7000000000
egy,2007,0.9000000000
egy,2008,1.2000000000
egy,2009,1.1000000000
egy,2010,2.2000000000
egy,2011,3.2000000000
slv,1995,139.1320788481
slv,1996,117.2772815154
slv,1997,112.5686599466
slv,1998,94.9967310849
slv,1999,65.0471807757
slv,2000,40.3000000000
slv,2001,37.8000000000
slv,2002,37.9000000000
slv,2003,37.2000000000
slv,2004,46.8000000000
slv,2005,63.5000000000
slv,2006,65.8000000000
slv,2007,58.4000000000
slv,2008,52.9000000000
slv,2009,72.8000000000
slv,2010,66.0000000000
slv,2011,72.2000000000
slv,2012,42.7000000000
slv,2013,41.3000000000
slv,2014,64.2000000000
gnq,2012,3.4000000000
eri,2012,9.7000000000
est,1995,17.0749144519
est,1996,15.0733204341
est,1997,12.6853992480
est,1998,14.0965208923
est,1999,11.3771248774
est,2000,10.2000000000
est,2001,9.8000000000
est,2002,10.3000000000
est,2003,10.7000000000
est,2004,6.7000000000
est,2005,8.3000000000
est,2006,6.7000000000
est,2007,6.9000000000
est,2008,6.3000000000
est,2009,5.2000000000
est,2010,5.3000000000
est,2011,4.9000000000
est,2012,4.8000000000
est,2013,3.9000000000
est,2014,3.1000000000
eth,2012,8.0000000000
fji,2007,2.6000000000
fji,2008,3.6000000000
fji,2009,2.5000000000
fji,2010,2.8000000000
fji,2012,3.0000000000
fin,1995,2.8583723488
fin,1996,2.9852627529
fin,1997,2.7046711227
fin,1998,2.1937385654
fin,1999,2.7702467747
fin,2000,2.9000000000
fin,2001,3.0000000000
fin,2002,2.5000000000
fin,2003,2.0000000000
fin,2004,2.8000000000
fin,2005,2.3000000000
fin,2006,2.3000000000
fin,2007,2.4000000000
fin,2008,2.5000000000
fin,2009,2.2000000000
fin,2010,2.2000000000
fin,2011,2.0000000000
fin,2012,1.6000000000
fin,2013,1.6000000000
fin,2014,1.6000000000
fra,1995,2.3096404618
fra,1996,2.0169635071
fra,1997,1.6526395666
fra,1998,1.6428434985
fra,1999,1.6220842567
fra,2000,1.8000000000
fra,2001,1.8000000000
fra,2002,1.9000000000
fra,2003,1.6000000000
fra,2004,1.6000000000
fra,2005,1.6000000000
fra,2006,1.4000000000
fra,2007,1.6000000000
fra,2008,1.6000000000
fra,2009,1.3000000000
fra,2010,1.3000000000
fra,2011,1.4000000000
fra,2012,1.2000000000
fra,2013,1.2000000000
fra,2014,1.2000000000
pyf,2006,1.2000000000
pyf,2007,2.7000000000
pyf,2008,3.4000000000
pyf,2009,0.4000000000
gab,2012,9.4000000000
gmb,2012,9.4000000000
geo,1995,7.7131436505
geo,1996,5.4082898266
geo,1997,5.7873084934
geo,1998,4.9962024749
geo,1999,5.0778957533
geo,2000,5.0000000000
geo,2001,5.6000000000
geo,2002,6.3000000000
geo,2003,6.6000000000
geo,2004,6.6000000000
geo,2005,9.0000000000
geo,2006,7.3000000000
geo,2007,7.5000000000
geo,2008,6.1000000000
geo,2009,4.9000000000
geo,2010,4.4000000000
geo,2014,2.7000000000
deu,1995,1.7161108178
deu,1996,1.6812583959
deu,1997,1.5365737532
deu,1998,1.2118935525
deu,1999,1.2387428485
deu,2000,1.2000000000
deu,2001,1.1000000000
deu,2002,1.2000000000
deu,2003,1.1000000000
deu,2004,1.1000000000
deu,2005,1.1000000000
deu,2006,0.1000000000
deu,2007,0.9000000000
deu,2008,0.9000000000
deu,2009,0.1000000000
deu,2010,0.1000000000
deu,2011,0.9000000000
deu,2012,0.8000000000
deu,2013,0.8000000000
deu,2014,0.9000000000
gha,2001,2.2000000000
gha,2002,2.0000000000
gha,2003,2.1000000000
gha,2004,2.2000000000
gha,2005,1.8000000000
gha,2006,1.9000000000
gha,2007,1.8000000000
gha,2008,1.9000000000
gha,2009,1.8000000000
gha,2010,1.7000000000
gha,2011,1.7000000000
grc,1995,1.4149428649
grc,1996,1.5714146107
grc,1997,1.8753070469
grc,1998,1.6169628220
grc,1999,1.4171283457
grc,2000,0.7000000000
grc,2001,1.2000000000
grc,2002,0.9000000000
grc,2003,1.1000000000
grc,2004,1.0000000000
grc,2005,1.2000000000
grc,2006,0.1000000000
grc,2007,1.2000000000
grc,2008,1.3000000000
grc,2009,1.4000000000
grc,2010,1.6000000000
grc,2011,1.6000000000
grc,2012,1.5000000000
grc,2013,1.4000000000
grc,2014,0.1000000000
grl,1995,19.7781253933
grl,1996,5.3901575723
grl,1997,19.7337734563
grl,1998,10.7397927220
grl,1999,19.6351433365
grl,2000,23.1000000000
grl,2001,30.2000000000
grl,2002,21.2000000000
grl,2003,8.8000000000
grl,2004,19.3000000000
grl,2005,17.6000000000
grl,2006,17.6000000000
grl,2007,3.5000000000
grl,2008,10.6000000000
grl,2009,19.4000000000
grl,2010,10.6000000000
grl,2011,1.8000000000
grd,2000,14.8000000000
grd,2001,5.9000000000
grd,2002,13.7000000000
grd,2003,8.8000000000
grd,2004,5.8000000000
grd,2005,10.7000000000
grd,2006,11.6000000000
grd,2007,10.6000000000
grd,2008,15.4000000000
grd,2009,6.7000000000
grd,2010,9.6000000000
grd,2011,3.8000000000
grd,2012,13.3000000000
grd,2013,5.7000000000
grd,2014,7.5000000000
gum,2000,1.3000000000
gum,2001,5.1000000000
gum,2002,1.3000000000
gum,2003,5.1000000000
gum,2004,5.7000000000
gum,2005,4.4000000000
gum,2006,6.9000000000
gum,2007,0.6000000000
gum,2008,0.6000000000
gum,2009,3.2000000000
gum,2010,1.9000000000
gum,2011,2.5000000000
gtm,1995,32.5489794747
gtm,1996,35.3196220849
gtm,1997,38.1433409197
gtm,1998,30.8677838628
gtm,1999,24.1928561548
gtm,2000,24.8000000000
gtm,2001,27.0000000000
gtm,2002,29.6000000000
gtm,2003,33.7000000000
gtm,2004,35.0000000000
gtm,2006,43.6000000000
gtm,2007,41.9000000000
gtm,2008,44.6000000000
gtm,2009,45.1000000000
gtm,2010,40.5000000000
gtm,2011,37.7000000000
gtm,2012,33.5000000000
gtm,2013,33.5000000000
gtm,2014,31.2000000000
gin,2012,8.7000000000
gnb,2012,9.9000000000
guy,1995,14.9729593848
guy,1996,12.0714961796
guy,1997,11.9220054183
guy,1998,15.4697463783
guy,1999,12.4402594136
guy,2000,10.0000000000
guy,2001,10.6000000000
guy,2002,19.1000000000
guy,2003,27.7000000000
guy,2004,17.7000000000
guy,2005,19.1000000000
guy,2006,20.6000000000
guy,2007,15.4000000000
guy,2008,21.1000000000
guy,2009,15.6000000000
guy,2010,18.6000000000
guy,2011,17.2000000000
guy,2012,18.3000000000
guy,2013,20.4000000000
hti,2007,5.1000000000
hti,2008,5.1000000000
hti,2009,6.1000000000
hti,2010,6.8000000000
hti,2011,9.0000000000
hti,2012,10.0000000000
hnd,1999,42.0842525751
hnd,2000,50.9000000000
hnd,2001,54.7000000000
hnd,2002,55.7000000000
hnd,2003,61.5000000000
hnd,2004,53.9000000000
hnd,2005,46.7000000000
hnd,2006,44.5000000000
hnd,2007,50.3000000000
hnd,2008,61.4000000000
hnd,2009,71.5000000000
hnd,2010,83.1000000000
hnd,2011,93.2000000000
hnd,2012,92.7000000000
hnd,2013,86.1000000000
hnd,2014,74.6000000000
hkg,2000,0.6000000000
hkg,2001,0.9600000000
hkg,2002,1.0000000000
hkg,2003,0.8000000000
hkg,2004,0.7000000000
hkg,2005,0.5000000000
hkg,2006,0.5000000000
hkg,2007,0.3000000000
hkg,2008,0.5000000000
hkg,2009,0.7000000000
hkg,2010,0.5000000000
hkg,2011,0.2000000000
hkg,2012,0.4000000000
hkg,2013,0.9000000000
hun,1995,2.8650513391
hun,1996,2.6274983898
hun,1997,2.8081857546
hun,1998,2.8153970460
hun,1999,2.4713253005
hun,2000,2.0000000000
hun,2001,2.5000000000
hun,2002,2.0000000000
hun,2003,2.2000000000
hun,2004,2.1000000000
hun,2005,1.6000000000
hun,2006,1.7000000000
hun,2007,1.5000000000
hun,2008,1.8000000000
hun,2009,1.4000000000
hun,2010,1.4000000000
hun,2011,1.5000000000
hun,2012,1.2000000000
hun,2013,1.6000000000
hun,2014,1.5000000000
isl,1995,0.0000000000
isl,1996,0.3702072050
isl,1997,0.7330410943
isl,1998,0.0000000000
isl,1999,0.7183830634
isl,2000,1.8000000000
isl,2001,0.4000000000
isl,2002,1.4000000000
isl,2003,0.0000000000
isl,2004,1.0000000000
isl,2005,1.0000000000
isl,2006,0.0000000000
isl,2007,0.7000000000
isl,2008,0.0000000000
isl,2009,0.3000000000
isl,2010,0.6000000000
isl,2011,0.9000000000
isl,2012,0.3000000000
isl,2013,0.3000000000
ind,1995,4.3662627796
ind,1996,4.3950798461
ind,1997,4.3524706946
ind,1998,4.4732735338
ind,1999,4.2334024042
ind,2000,4.5000000000
ind,2001,4.2000000000
ind,2002,4.1000000000
ind,2003,3.6000000000
ind,2004,3.7000000000
ind,2005,3.6000000000
ind,2006,3.6000000000
ind,2007,3.5000000000
ind,2008,3.5000000000
ind,2009,3.4000000000
ind,2010,3.4000000000
ind,2011,3.5000000000
ind,2012,3.4000000000
ind,2013,3.3000000000
ind,2014,3.2000000000
idn,2000,1.0000000000
idn,2003,0.7000000000
idn,2004,0.6000000000
idn,2008,0.6000000000
idn,2009,0.6000000000
idn,2010,0.4000000000
idn,2011,0.6000000000
idn,2012,0.6000000000
idn,2013,0.6000000000
idn,2014,0.5000000000
irn,2012,4.8000000000
irq,2005,34.1000000000
irq,2006,29.9000000000
irq,2007,66.1000000000
irq,2008,15.3000000000
irq,2009,8.2000000000
irq,2010,8.3000000000
irq,2011,7.9000000000
irl,1995,1.1908197215
irl,1996,1.1543354779
irl,1997,1.0354618432
irl,1998,1.0251742324
irl,1999,1.0130780377
irl,2000,0.1000000000
irl,2001,1.3000000000
irl,2002,1.3000000000
irl,2003,1.1000000000
irl,2004,0.7000000000
irl,2005,1.2000000000
irl,2006,1.4000000000
irl,2007,1.8000000000
irl,2008,1.1000000000
irl,2009,1.2000000000
irl,2010,1.1000000000
irl,2011,0.9000000000
irl,2012,1.2000000000
irl,2013,1.1000000000
irl,2014,1.1000000000
isr,1995,2.1004940099
isr,1996,2.1324005691
isr,1997,2.7704840444
isr,1998,2.5498190409
isr,1999,2.3250422666
isr,2000,2.4000000000
isr,2001,3.6000000000
isr,2002,3.6000000000
isr,2003,3.1000000000
isr,2004,2.7000000000
isr,2005,2.5000000000
isr,2006,2.7000000000
isr,2007,1.8000000000
isr,2008,1.9000000000
isr,2009,1.8000000000
isr,2010,2.0000000000
isr,2011,2.0000000000
isr,2012,1.7000000000
ita,1995,1.7764346777
ita,1996,1.6737403418
ita,1997,1.5345861979
ita,1998,1.5408558455
ita,1999,1.4154175402
ita,2000,1.3000000000
ita,2001,1.2000000000
ita,2002,1.1000000000
ita,2003,1.2000000000
ita,2004,1.2000000000
ita,2005,1.0000000000
ita,2006,1.1000000000
ita,2007,1.1000000000
ita,2008,1.0000000000
ita,2009,0.9800000000
ita,2010,0.9000000000
ita,2011,0.9000000000
ita,2012,0.9000000000
ita,2013,0.8000000000
ita,2014,0.8000000000
jam,1995,31.6877891511
jam,1996,37.2282538701
jam,1997,41.3732573309
jam,1998,33.9049949675
jam,1999,33.3854182345
jam,2000,34.1000000000
jam,2001,43.5000000000
jam,2002,39.7000000000
jam,2003,36.8000000000
jam,2004,55.2000000000
jam,2006,49.8000000000
jam,2007,58.6000000000
jam,2008,59.6000000000
jam,2009,61.7000000000
jam,2010,52.8000000000
jam,2011,41.2000000000
jam,2012,39.8000000000
jam,2013,43.3000000000
jam,2014,36.1000000000
jpn,1995,0.5438330044
jpn,1996,0.4935304804
jpn,1997,0.5412035316
jpn,1998,0.5713117694
jpn,1999,0.5369165198
jpn,2003,0.6000000000
jpn,2004,0.6000000000
jpn,2005,0.5000000000
jpn,2006,0.5000000000
jpn,2007,0.5000000000
jpn,2008,0.5000000000
jpn,2009,0.4000000000
jpn,2010,0.4000000000
jpn,2011,0.3000000000
jpn,2012,0.3000000000
jpn,2013,0.3000000000
jpn,2014,0.3000000000
jor,2005,1.3000000000
jor,2006,1.8000000000
jor,2007,1.9000000000
jor,2008,2.0000000000
jor,2009,1.6000000000
jor,2010,1.8000000000
jor,2011,2.1000000000
jor,2012,2.3000000000
kaz,1995,15.3649540781
kaz,1996,16.7063971309
kaz,1997,16.6680809672
kaz,1998,16.5802074249
kaz,1999,15.7402297198
kaz,2000,15.5000000000
kaz,2001,14.5000000000
kaz,2002,13.1000000000
kaz,2003,13.2000000000
kaz,2004,13.7000000000
kaz,2005,11.7000000000
kaz,2006,11.1000000000
kaz,2007,10.5000000000
kaz,2008,11.4000000000
kaz,2009,11.0000000000
kaz,2010,9.5000000000
kaz,2011,9.6000000000
kaz,2012,8.7000000000
kaz,2013,7.4000000000
ken,2004,4.1000000000
ken,2005,3.6000000000
ken,2006,3.5000000000
ken,2007,3.4000000000
ken,2008,3.7000000000
ken,2009,5.6000000000
ken,2010,5.6000000000
ken,2011,6.4000000000
ken,2012,6.5000000000
ken,2013,6.6000000000
ken,2014,5.9000000000
kir,2008,7.1000000000
kir,2009,1.0400000000
kir,2010,3.9000000000
kir,2011,10.5000000000
kir,2012,7.5000000000
prk,2012,4.7000000000
kor,2011,0.9000000000
kor,2012,0.8000000000
kor,2013,0.7000000000
kor,2014,0.7000000000
ksv,2008,6.3000000000
ksv,2009,4.0000000000
ksv,2010,5.8000000000
ksv,2011,3.4000000000
ksv,2012,4.9000000000
ksv,2013,2.2000000000
kwt,2007,2.3000000000
kwt,2008,1.4000000000
kwt,2009,1.7000000000
kwt,2010,2.0000000000
kwt,2011,1.8000000000
kwt,2012,1.8000000000
kgz,1995,11.6503543559
kgz,1996,11.1401719107
kgz,1997,9.2630436420
kgz,1998,8.8103535128
kgz,1999,8.8387820444
kgz,2000,8.7000000000
kgz,2001,7.7000000000
kgz,2002,8.2000000000
kgz,2003,8.3000000000
kgz,2004,8.3000000000
kgz,2005,8.2000000000
kgz,2006,8.2000000000
kgz,2007,8.1000000000
kgz,2008,8.1000000000
kgz,2009,7.8000000000
kgz,2010,19.6000000000
kgz,2011,8.9000000000
kgz,2012,5.3000000000
kgz,2013,3.6000000000
kgz,2014,3.7000000000
lao,2012,7.3000000000
lva,1995,11.5565417851
lva,1996,10.8827316631
lva,1997,11.1521389557
lva,1998,10.3313512292
lva,1999,9.5319282133
lva,2000,10.0000000000
lva,2001,9.3000000000
lva,2002,9.2000000000
lva,2003,8.8000000000
lva,2004,8.0000000000
lva,2005,5.7000000000
lva,2006,5.8000000000
lva,2007,4.3000000000
lva,2008,4.6000000000
lva,2009,5.1000000000
lva,2010,3.3000000000
lva,2011,3.3000000000
lva,2012,4.8000000000
lva,2013,3.4000000000
lva,2014,3.9000000000
lbn,2008,4.5000000000
lbn,2009,3.5000000000
lbn,2010,3.8000000000
lbn,2011,3.7000000000
lbn,2012,3.9000000000
lbn,2013,4.5000000000
lbn,2014,4.3000000000
lso,2007,45.8000000000
lso,2008,38.1000000000
lso,2009,36.3000000000
lso,2010,38.0000000000
lbr,2007,2.8000000000
lbr,2008,4.8000000000
lbr,2009,3.8000000000
lbr,2010,3.3000000000
lbr,2011,3.9000000000
lbr,2012,3.2000000000
lby,2012,2.5000000000
lie,1995,0.0000000000
lie,1996,0.0000000000
lie,1997,0.0000000000
lie,1998,0.0000000000
lie,1999,3.0797659378
lie,2000,0.0000000000
lie,2001,0.0000000000
lie,2002,0.0000000000
lie,2003,0.0000000000
lie,2004,2.9000000000
lie,2005,0.0000000000
lie,2006,0.0000000000
lie,2007,0.0000000000
lie,2008,2.8000000000
lie,2009,0.0000000000
lie,2010,2.8000000000
lie,2011,0.0000000000
lie,2013,0.0000000000
lie,2014,2.7000000000
ltu,1995,13.8326154335
ltu,1996,11.2373766802
ltu,1997,10.9305565806
ltu,1998,8.7610174725
ltu,1999,8.7691118394
ltu,2004,10.2000000000
ltu,2005,11.1000000000
ltu,2006,8.7000000000
ltu,2007,8.5000000000
ltu,2008,9.3000000000
ltu,2009,7.9000000000
ltu,2010,7.0000000000
ltu,2011,6.9000000000
ltu,2012,6.7000000000
ltu,2013,6.7000000000
ltu,2014,5.5000000000
lux,1995,0.4907710504
lux,1996,0.9676397090
lux,1997,0.9538457870
lux,1998,0.9406983745
lux,1999,1.3932427726
lux,2006,1.5000000000
lux,2007,1.5000000000
lux,2008,1.6000000000
lux,2009,1.0000000000
lux,2010,2.0000000000
lux,2011,0.8000000000
lux,2012,0.0000000000
lux,2013,0.2000000000
lux,2014,0.7000000000
mac,1998,6.0695476786
mac,1999,9.6726053393
mac,2000,5.1000000000
mac,2003,2.9000000000
mac,2004,2.2000000000
mac,2005,1.5000000000
mac,2006,2.3000000000
mac,2007,2.2000000000
mac,2008,1.6000000000
mac,2009,1.9000000000
mac,2010,0.7000000000
mac,2011,1.3000000000
mac,2012,1.3000000000
mac,2013,1.4000000000
mac,2014,1.0000000000
mkd,1998,2.4091499515
mkd,1999,1.8988815588
mkd,2000,2.3000000000
mkd,2001,2.7000000000
mkd,2002,3.0000000000
mkd,2003,3.4000000000
mkd,2004,2.4000000000
mkd,2005,2.2000000000
mkd,2006,2.2000000000
mkd,2007,2.0000000000
mkd,2008,1.7000000000
mkd,2009,1.7000000000
mkd,2010,2.1000000000
mkd,2011,1.5000000000
mkd,2012,1.4000000000
mkd,2013,1.1000000000
mkd,2014,1.6000000000
mdg,2004,0.7000000000
mdg,2005,1.8000000000
mdg,2006,4.6000000000
mdg,2007,3.0000000000
mdg,2008,3.1000000000
mdg,2009,0.7000000000
mdg,2010,0.6000000000
mwi,2000,6.3000000000
mwi,2001,7.8000000000
mwi,2002,4.8000000000
mwi,2003,2.5000000000
mwi,2004,3.3000000000
mwi,2005,1.6000000000
mwi,2006,6.3000000000
mwi,2007,5.1000000000
mwi,2008,5.6000000000
mwi,2009,2.2000000000
mwi,2010,3.5000000000
mwi,2011,2.3000000000
mwi,2012,1.8000000000
mys,1995,1.9111222003
mys,1996,2.1038163228
mys,1997,2.4791682152
mys,1998,2.8177913103
mys,1999,2.5713126000
mys,2001,2.2000000000
mys,2002,2.3000000000
mys,2003,2.3000000000
mys,2004,2.0000000000
mys,2005,2.3000000000
mys,2006,2.2000000000
mys,2007,2.4000000000
mys,2008,2.2000000000
mys,2009,2.0000000000
mys,2010,1.9000000000
mdv,2007,0.9700000000
mdv,2008,1.6000000000
mdv,2009,1.8000000000
mdv,2010,1.8000000000
mdv,2011,0.9000000000
mdv,2012,2.9000000000
mdv,2013,0.9000000000
mli,2012,10.2000000000
mlt,1998,1.2708773375
mlt,1999,2.5294747040
mlt,2000,1.0000000000
mlt,2001,1.5000000000
mlt,2002,1.5000000000
mlt,2003,0.0000000000
mlt,2004,1.8000000000
mlt,2005,1.0000000000
mlt,2006,0.0000000000
mlt,2007,0.9600000000
mlt,2008,1.5000000000
mlt,2009,0.9500000000
mlt,2010,0.9400000000
mlt,2011,0.7000000000
mlt,2012,2.9000000000
mlt,2013,1.7000000000
mlt,2014,1.4000000000
mhl,2012,4.7000000000
mrt,2012,11.4000000000
mus,1995,2.1985791902
mus,1996,2.9553704296
mus,1997,2.0647150521
mus,1998,2.6417805260
mus,1999,1.9417967530
mus,2009,3.1000000000
mus,2010,2.6000000000
mus,2011,2.7000000000
mex,1995,16.9194048830
mex,1996,15.4541353492
mex,1997,14.1992969609
mex,1998,14.0780699700
mex,1999,12.4338048854
mex,2000,10.4000000000
mex,2001,9.9000000000
mex,2002,9.6000000000
mex,2003,9.4000000000
mex,2004,8.6000000000
mex,2005,9.0000000000
mex,2006,9.4000000000
mex,2007,7.8000000000
mex,2008,12.2000000000
mex,2009,17.0000000000
mex,2010,21.7000000000
mex,2011,22.6000000000
mex,2012,21.3000000000
mex,2013,18.6000000000
mex,2014,15.7000000000
fsm,2012,4.8000000000
mda,1995,9.1040046096
mda,1996,9.2857343495
mda,1997,9.3244025237
mda,1998,8.4571304033
mda,1999,9.1190538070
mda,2000,10.3000000000
mda,2001,9.8000000000
mda,2002,9.6000000000
mda,2003,7.6000000000
mda,2004,6.6000000000
mda,2005,7.1000000000
mda,2006,6.3000000000
mda,2007,5.3000000000
mda,2008,5.7000000000
mda,2009,6.0000000000
mda,2010,6.5000000000
mda,2011,7.5000000000
mda,2012,5.6000000000
mda,2013,4.1000000000
mda,2014,3.2000000000
mco,2001,3.1000000000
mco,2004,3.0000000000
mco,2005,3.0000000000
mco,2006,2.9000000000
mco,2007,0.0000000000
mco,2008,0.0000000000
mng,2003,13.9000000000
mng,2004,13.3000000000
mng,2005,15.8000000000
mng,2006,13.1000000000
mng,2007,11.3000000000
mng,2008,8.1000000000
mng,2009,8.2000000000
mng,2010,8.8000000000
mng,2011,9.6000000000
mng,2012,7.1000000000
mng,2013,7.3000000000
mng,2014,7.5000000000
mne,2007,1.9000000000
mne,2008,3.9000000000
mne,2009,3.4000000000
mne,2010,2.4000000000
mne,2011,3.4000000000
mne,2012,2.7000000000
mne,2013,1.6000000000
mne,2014,3.2000000000
mar,1999,1.8984395319
mar,2000,1.6000000000
mar,2001,1.9000000000
mar,2002,1.6000000000
mar,2003,1.7000000000
mar,2004,1.6000000000
mar,2005,1.5000000000
mar,2006,1.6000000000
mar,2007,1.7000000000
mar,2008,1.4000000000
mar,2009,1.4000000000
mar,2010,1.4000000000
mar,2011,1.4000000000
mar,2012,1.2000000000
mar,2013,1.3000000000
mar,2014,1.0000000000
moz,1999,4.8713956310
moz,2001,5.9000000000
moz,2002,5.4000000000
moz,2003,5.2000000000
moz,2004,5.5000000000
moz,2005,5.2000000000
moz,2006,4.1000000000
moz,2007,3.8000000000
moz,2008,4.3000000000
moz,2009,3.5000000000
moz,2010,3.6000000000
mmr,2001,2.1000000000
mmr,2002,1.8000000000
mmr,2003,1.7000000000
mmr,2004,1.6000000000
mmr,2005,1.5000000000
mmr,2006,1.7000000000
mmr,2007,1.6000000000
mmr,2008,1.7000000000
mmr,2009,1.6000000000
mmr,2010,1.7000000000
mmr,2011,2.4000000000
mmr,2012,2.5000000000
nam,1995,22.5875525024
nam,1996,20.7528035391
nam,1997,18.6657472692
nam,1998,22.5787607644
nam,1999,20.4750425978
nam,2000,20.0000000000
nam,2001,18.3000000000
nam,2002,17.7000000000
nam,2004,17.6000000000
nam,2008,16.7000000000
nam,2009,18.0000000000
nam,2010,14.3000000000
nam,2011,13.7000000000
nam,2012,16.9000000000
nru,2012,1.3000000000
npl,1997,2.5339563370
npl,1998,2.7950922995
npl,1999,2.6442399304
npl,2000,2.7000000000
npl,2001,3.5000000000
npl,2002,3.5000000000
npl,2003,3.0000000000
npl,2004,3.7000000000
npl,2005,3.6000000000
npl,2006,2.5000000000
npl,2007,3.4000000000
npl,2008,3.4000000000
npl,2009,3.0000000000
npl,2010,3.0000000000
npl,2011,2.9000000000
nld,1995,1.9387680005
nld,1996,1.3597882391
nld,1997,1.3328363392
nld,1998,1.1216831876
nld,1999,1.2868028793
nld,2000,1.1000000000
nld,2001,1.3000000000
nld,2002,1.2000000000
nld,2003,1.2000000000
nld,2004,1.2000000000
nld,2005,1.1000000000
nld,2006,0.8000000000
nld,2007,0.9000000000
nld,2008,0.9000000000
nld,2009,0.9000000000
nld,2010,0.9000000000
nld,2011,0.9000000000
nld,2012,0.9000000000
nld,2013,0.7000000000
ncl,2006,3.4000000000
ncl,2007,5.1000000000
ncl,2008,4.6000000000
ncl,2009,3.3000000000
nzl,1995,1.0884176041
nzl,1996,1.2912451962
nzl,1997,1.5990912897
nzl,1998,1.2951074014
nzl,1999,1.1788229950
nzl,2000,1.3000000000
nzl,2001,1.3000000000
nzl,2002,1.5000000000
nzl,2003,1.1000000000
nzl,2004,1.1000000000
nzl,2005,1.5000000000
nzl,2006,1.2000000000
nzl,2007,1.1000000000
nzl,2008,1.2000000000
nzl,2009,1.5000000000
nzl,2010,0.9800000000
nzl,2011,0.9000000000
nzl,2012,0.9000000000
nzl,2013,1.0000000000
nzl,2014,0.9000000000
nic,1995,15.2467953695
nic,1996,13.9864158521
nic,1997,14.0731251188
nic,1998,13.0092595797
nic,1999,11.2318383576
nic,2000,9.5000000000
nic,2001,10.5000000000
nic,2002,10.7000000000
nic,2003,12.1000000000
nic,2004,12.2000000000
nic,2005,13.6000000000
nic,2006,13.2000000000
nic,2007,12.9000000000
nic,2008,13.2000000000
nic,2009,14.2000000000
nic,2010,13.7000000000
nic,2011,12.7000000000
nic,2012,11.5000000000
ner,2011,4.9000000000
ner,2012,4.5000000000
nga,2012,10.1000000000
nor,1995,0.9864430607
nor,1996,0.9805846519
nor,1997,0.8612694386
nor,1998,0.8560008362
nor,1999,0.8285441986
nor,2000,1.1000000000
nor,2001,0.8000000000
nor,2002,1.0000000000
nor,2003,1.1000000000
nor,2004,0.8000000000
nor,2005,0.7000000000
nor,2006,0.7000000000
nor,2007,0.6000000000
nor,2008,0.7000000000
nor,2009,0.6000000000
nor,2010,0.6000000000
nor,2011,2.2000000000
nor,2012,0.5000000000
nor,2013,0.9000000000
nor,2014,0.6000000000
omn,2001,0.6000000000
omn,2002,0.6000000000
omn,2007,0.7000000000
omn,2008,0.7000000000
omn,2011,1.1000000000
pak,1996,6.9314568865
pak,1997,6.9300465725
pak,1998,7.4349700267
pak,1999,6.6062079709
pak,2000,6.4000000000
pak,2001,6.7000000000
pak,2002,6.5000000000
pak,2003,6.3000000000
pak,2004,6.5000000000
pak,2005,6.3000000000
pak,2006,6.4000000000
pak,2007,6.6000000000
pak,2008,7.4000000000
pak,2009,7.5000000000
pak,2010,7.8000000000
pak,2011,8.0000000000
pak,2012,7.8000000000
plw,2012,3.1000000000
pan,1995,14.0833179550
pan,1996,9.0785392484
pan,1997,11.3015512186
pan,1998,9.8829659871
pan,1999,9.8288198933
pan,2000,9.9000000000
pan,2001,9.9000000000
pan,2002,12.1000000000
pan,2003,10.6000000000
pan,2004,9.4000000000
pan,2005,11.0000000000
pan,2006,11.0000000000
pan,2007,12.9000000000
pan,2008,18.7000000000
pan,2009,23.0000000000
pan,2010,21.0000000000
pan,2011,20.6000000000
pan,2012,17.5000000000
pan,2013,17.4000000000
png,2000,8.7000000000
png,2001,7.9000000000
png,2002,8.3000000000
png,2003,10.5000000000
png,2004,5.2000000000
png,2005,9.9000000000
png,2006,9.8000000000
png,2007,8.1000000000
png,2008,9.2000000000
png,2009,10.4000000000
png,2010,10.4000000000
pry,1998,16.7055356603
pry,1999,12.1139976861
pry,2000,18.8000000000
pry,2001,24.3000000000
pry,2002,24.9000000000
pry,2003,22.9000000000
pry,2004,21.2000000000
pry,2005,18.6000000000
pry,2006,15.9000000000
pry,2007,13.1000000000
pry,2008,13.8000000000
pry,2009,13.4000000000
pry,2010,11.9000000000
pry,2011,10.4000000000
pry,2012,10.2000000000
pry,2013,9.3000000000
pry,2014,8.8000000000
per,2000,5.0000000000
per,2001,4.9000000000
per,2002,4.3000000000
per,2003,4.9000000000
per,2004,5.6000000000
per,2005,11.1000000000
per,2006,11.2000000000
per,2007,10.4000000000
per,2008,11.6000000000
per,2009,10.2000000000
per,2010,9.2000000000
per,2011,9.6000000000
per,2012,9.5000000000
per,2013,6.6000000000
per,2014,6.7000000000
phl,1998,7.9861332742
phl,1999,7.5367135280
phl,2000,7.4000000000
phl,2001,7.4000000000
phl,2002,8.1000000000
phl,2003,7.8000000000
phl,2004,7.5000000000
phl,2005,7.5000000000
phl,2006,7.1000000000
phl,2007,6.5000000000
phl,2008,6.4000000000
phl,2009,6.9000000000
phl,2010,9.6000000000
phl,2011,9.2000000000
phl,2012,8.8000000000
phl,2013,9.4000000000
phl,2014,9.9000000000
pol,1995,2.2218298928
pol,1996,2.2735001397
pol,1997,2.1021583305
pol,1998,4.8714474793
pol,1999,4.7474900059
pol,2000,2.2000000000
pol,2001,2.0000000000
pol,2002,1.9000000000
pol,2003,1.7000000000
pol,2004,1.6000000000
pol,2005,1.4000000000
pol,2006,1.3000000000
pol,2007,1.4000000000
pol,2008,1.2000000000
pol,2009,1.3000000000
pol,2010,1.1000000000
pol,2011,1.2000000000
pol,2012,0.9900000000
pol,2013,0.8000000000
pol,2014,0.7000000000
prt,1996,1.0423792050
prt,1997,1.1164123287
prt,1998,1.2192345665
prt,1999,1.0589033958
prt,2000,1.1000000000
prt,2001,1.0000000000
prt,2002,1.1000000000
prt,2003,1.4000000000
prt,2004,1.4000000000
prt,2005,1.3000000000
prt,2006,1.5000000000
prt,2007,1.8000000000
prt,2008,1.2000000000
prt,2009,1.2000000000
prt,2010,1.2000000000
prt,2011,1.1000000000
prt,2012,1.2000000000
prt,2013,1.4000000000
prt,2014,0.9000000000
pri,1995,23.3411443320
pri,1996,23.2564806675
pri,1997,19.2519500577
pri,1998,17.2257096358
pri,1999,15.5914196185
pri,2000,18.3000000000
pri,2001,19.7000000000
pri,2002,20.6000000000
pri,2003,20.8000000000
pri,2004,21.1000000000
pri,2005,20.5000000000
pri,2006,19.9000000000
pri,2007,19.6000000000
pri,2008,21.6000000000
pri,2009,24.0000000000
pri,2010,26.5000000000
pri,2012,26.5000000000
pri,2013,23.9000000000
pri,2014,18.5000000000
qat,1998,0.9110322360
qat,1999,0.5264358538
qat,2012,7.2000000000
rom,1995,3.3420110988
rom,1996,3.1993073189
rom,1997,3.0847362355
rom,1998,2.5075365777
rom,1999,2.5400882928
rom,2000,2.5000000000
rom,2001,2.7000000000
rom,2002,2.6000000000
rom,2003,2.5000000000
rom,2004,2.4000000000
rom,2005,2.1000000000
rom,2006,2.1000000000
rom,2007,2.0000000000
rom,2008,2.3000000000
rom,2009,1.9000000000
rom,2010,2.0000000000
rom,2011,1.7000000000
rom,2012,1.9000000000
rom,2013,1.7000000000
rom,2014,1.5000000000
rus,2008,11.6000000000
rus,2009,11.1000000000
rus,2010,10.2000000000
rus,2011,9.7000000000
rus,2012,9.2000000000
rus,2013,8.9000000000
rus,2014,9.5000000000
rwa,2006,5.1000000000
rwa,2007,5.0000000000
rwa,2008,4.5000000000
rwa,2009,3.8000000000
rwa,2010,4.9000000000
wsm,2009,8.7000000000
wsm,2010,8.6000000000
wsm,2013,3.2000000000
smr,2001,0.0000000000
smr,2002,3.6000000000
smr,2003,0.0000000000
smr,2004,0.0000000000
smr,2005,0.0000000000
smr,2006,0.0000000000
smr,2007,0.0000000000
smr,2008,0.0000000000
smr,2009,0.0000000000
smr,2010,0.0000000000
smr,2011,0.0000000000
stp,2006,2.6000000000
stp,2007,2.5000000000
stp,2008,8.6000000000
stp,2009,3.0000000000
stp,2010,3.5000000000
stp,2011,3.4000000000
sau,1999,0.9397861159
sau,2012,6.2000000000
sen,2012,7.9000000000
srb,2000,2.4000000000
srb,2001,2.6000000000
srb,2002,2.1000000000
srb,2003,1.9000000000
srb,2004,1.8000000000
srb,2005,1.6000000000
srb,2006,1.7000000000
srb,2007,1.9000000000
srb,2008,1.5000000000
srb,2009,1.7000000000
srb,2010,1.4000000000
srb,2011,1.5000000000
srb,2012,1.2000000000
srb,2013,1.6000000000
srb,2014,1.3000000000
syc,2002,5.9000000000
syc,2003,11.7000000000
syc,2004,6.9000000000
syc,2005,3.4000000000
syc,2006,10.0000000000
syc,2007,5.5000000000
syc,2008,3.3000000000
syc,2009,5.4000000000
syc,2010,2.1000000000
sle,2004,2.3000000000
sle,2005,2.0000000000
sle,2006,1.9000000000
sle,2007,2.5000000000
sle,2008,3.3000000000
sle,2009,2.8000000000
sle,2010,2.8000000000
sle,2011,3.2000000000
sle,2012,1.9000000000
sgp,1995,1.4648126160
sgp,1996,0.8667602209
sgp,1997,1.0624696753
sgp,1998,0.9837121201
sgp,1999,1.0403951629
sgp,2000,0.9000000000
sgp,2001,0.7000000000
sgp,2002,0.5000000000
sgp,2003,0.6000000000
sgp,2004,0.5000000000
sgp,2005,0.5000000000
sgp,2006,0.4000000000
sgp,2007,0.4000000000
sgp,2008,0.6000000000
sgp,2009,0.4000000000
sgp,2010,0.4000000000
sgp,2011,0.3000000000
sgp,2012,0.2000000000
sgp,2013,0.3000000000
sgp,2014,0.3000000000
svk,1995,2.3841036906
svk,1996,2.4531636240
svk,1997,2.5974531971
svk,1998,2.3718866209
svk,1999,2.6104584965
svk,2000,2.7000000000
svk,2001,2.4000000000
svk,2002,2.6000000000
svk,2003,2.7000000000
svk,2004,2.3000000000
svk,2005,2.0000000000
svk,2006,1.7000000000
svk,2007,1.7000000000
svk,2008,1.7000000000
svk,2009,1.6000000000
svk,2010,1.6000000000
svk,2011,1.8000000000
svk,2012,1.4000000000
svk,2013,1.4000000000
svk,2014,1.1000000000
svn,1995,2.2378134528
svn,1996,1.9274781282
svn,1997,1.8220882650
svn,1998,0.7073347072
svn,1999,1.2611116548
svn,2000,1.8000000000
svn,2001,1.4000000000
svn,2002,1.8000000000
svn,2003,1.1000000000
svn,2004,1.4000000000
svn,2005,1.0000000000
svn,2006,0.6000000000
svn,2007,1.2000000000
svn,2008,0.5000000000
svn,2009,0.6000000000
svn,2010,0.7000000000
svn,2011,0.8000000000
svn,2012,0.7000000000
svn,2013,0.6000000000
svn,2014,0.7000000000
slb,2004,4.4000000000
slb,2005,5.5000000000
slb,2006,4.8000000000
slb,2007,5.3000000000
slb,2008,3.8000000000
som,2012,5.6000000000
zaf,1995,64.9165265782
zaf,1996,60.3901674280
zaf,1997,57.1123953327
zaf,1998,57.7416814073
zaf,1999,51.2128709518
zaf,2000,48.5000000000
zaf,2001,47.0000000000
zaf,2002,46.6000000000
zaf,2003,42.2000000000
zaf,2004,39.4000000000
zaf,2005,38.3000000000
zaf,2006,39.2000000000
zaf,2007,37.2000000000
zaf,2008,36.0000000000
zaf,2009,33.0000000000
zaf,2010,30.9000000000
zaf,2011,29.9000000000
zaf,2012,30.8000000000
zaf,2013,31.9000000000
zaf,2014,33.0000000000
ssd,2012,13.9000000000
esp,1995,1.0424372396
esp,1996,1.0045671621
esp,1997,1.1689365243
esp,1998,1.3137352556
esp,1999,1.2165538434
esp,2000,1.4000000000
esp,2001,1.4000000000
esp,2002,1.3000000000
esp,2003,1.4000000000
esp,2004,1.2000000000
esp,2005,1.2000000000
esp,2006,1.1000000000
esp,2007,1.1000000000
esp,2008,0.9000000000
esp,2009,0.9000000000
esp,2010,0.8000000000
esp,2011,0.8000000000
esp,2012,0.8000000000
esp,2013,0.7000000000
esp,2014,0.7000000000
lka,2003,6.8000000000
lka,2004,7.1000000000
lka,2005,6.3000000000
lka,2006,10.4000000000
lka,2007,8.4000000000
lka,2008,10.0000000000
lka,2009,5.5000000000
lka,2010,3.8000000000
lka,2011,3.6000000000
lka,2012,3.3000000000
lka,2013,2.9000000000
kna,1995,9.2762227221
kna,1996,9.1503866038
kna,1997,15.8006410546
kna,1998,17.8221350918
kna,1999,13.1929022186
kna,2000,6.6000000000
kna,2001,13.0000000000
kna,2002,10.7000000000
kna,2003,21.0000000000
kna,2004,22.7000000000
kna,2005,16.3000000000
kna,2006,34.1000000000
kna,2007,31.7000000000
kna,2008,45.0000000000
kna,2009,52.2000000000
kna,2010,40.1000000000
kna,2011,64.2000000000
kna,2012,33.6000000000
lca,2000,14.7000000000
lca,2001,21.4000000000
lca,2002,26.2000000000
lca,2003,22.3000000000
lca,2004,22.6000000000
lca,2005,24.8000000000
lca,2006,25.6000000000
lca,2007,17.0000000000
lca,2008,22.6000000000
lca,2009,22.3000000000
lca,2010,24.8000000000
lca,2012,21.6000000000
vct,1995,18.5036128304
vct,1996,22.2121444900
vct,1997,8.3349540188
vct,1998,22.2413745169
vct,1999,12.9787056522
vct,2000,18.5000000000
vct,2001,11.1000000000
vct,2002,18.5000000000
vct,2003,16.6000000000
vct,2004,25.8000000000
vct,2005,21.1000000000
vct,2006,11.9000000000
vct,2007,33.0000000000
vct,2008,14.7000000000
vct,2009,18.3000000000
vct,2010,22.9000000000
vct,2011,19.2000000000
vct,2012,25.6000000000
sdn,2012,6.5000000000
sur,2012,9.5000000000
swz,2001,18.8000000000
swz,2002,12.9000000000
swz,2003,13.2000000000
swz,2004,13.3000000000
swz,2005,13.8000000000
swz,2006,10.8000000000
swz,2007,15.0000000000
swz,2008,18.8000000000
swz,2009,15.9000000000
swz,2010,17.4000000000
swe,1995,0.9403022494
swe,1996,1.0963646920
swe,1997,1.0277917138
swe,1998,1.0505328913
swe,1999,1.1183297982
swe,2000,1.1000000000
swe,2001,0.1000000000
swe,2002,1.1000000000
swe,2003,0.9000000000
swe,2004,1.2000000000
swe,2005,0.9000000000
swe,2006,0.1000000000
swe,2007,1.2000000000
swe,2008,0.8000000000
swe,2009,0.9000000000
swe,2010,0.1000000000
swe,2011,0.9000000000
swe,2012,0.7000000000
swe,2013,0.9000000000
swe,2014,0.9000000000
che,1995,1.1683071884
che,1996,1.1754770560
che,1997,1.2269968068
che,1998,1.0684739998
che,1999,1.2470679890
che,2000,0.9600000000
che,2001,1.2000000000
che,2002,1.2000000000
che,2003,1.0000000000
che,2004,1.1000000000
che,2005,1.0000000000
che,2006,0.8000000000
che,2007,0.7000000000
che,2008,0.7000000000
che,2009,0.7000000000
che,2010,0.7000000000
che,2011,0.6000000000
che,2012,0.6000000000
che,2013,0.7000000000
che,2014,0.5000000000
syr,1997,1.9923987296
syr,1998,2.2104791977
syr,1999,2.1190749300
syr,2000,2.2000000000
syr,2001,2.3000000000
syr,2002,2.2000000000
syr,2003,2.3000000000
syr,2004,2.4000000000
syr,2005,2.4000000000
syr,2006,2.4000000000
syr,2007,2.7000000000
syr,2008,2.6000000000
syr,2009,2.3000000000
syr,2010,2.2000000000
tjk,1995,7.5319406227
tjk,1996,8.2589149356
tjk,1997,8.3765321863
tjk,1998,8.1457596593
tjk,1999,5.8483670769
tjk,2006,3.1000000000
tjk,2007,2.2000000000
tjk,2008,1.6000000000
tjk,2009,1.8000000000
tjk,2010,2.0000000000
tjk,2011,1.9000000000
tjk,2012,1.3000000000
tjk,2013,1.4000000000
tza,2012,7.9000000000
tha,1995,7.6143973938
tha,1996,7.4247263601
tha,1997,7.8560729364
tha,1998,8.6943994493
tha,1999,8.0950331251
tha,2000,8.2000000000
tha,2001,7.9000000000
tha,2002,7.1000000000
tha,2003,9.9000000000
tha,2004,6.5000000000
tha,2005,7.3000000000
tha,2006,7.1000000000
tha,2007,6.7000000000
tha,2008,6.0000000000
tha,2009,5.6000000000
tha,2010,5.5000000000
tha,2011,4.9000000000
tha,2012,4.9000000000
tha,2013,4.3000000000
tha,2014,3.9000000000
tmp,2004,2.4000000000
tmp,2005,4.6000000000
tmp,2006,4.9000000000
tmp,2007,6.1000000000
tmp,2008,3.4000000000
tmp,2009,3.1000000000
tmp,2010,3.7000000000
tgo,2012,9.2000000000
ton,2000,1.0000000000
ton,2001,6.1000000000
ton,2002,6.1000000000
ton,2003,6.0000000000
ton,2004,2.0000000000
ton,2005,4.0000000000
ton,2006,7.9000000000
ton,2007,0.9800000000
ton,2008,3.9000000000
ton,2009,7.7000000000
ton,2010,0.1000000000
ton,2011,1.9000000000
ton,2012,0.1000000000
tto,2000,9.5000000000
tto,2001,11.9000000000
tto,2002,13.4000000000
tto,2003,17.8000000000
tto,2004,20.1000000000
tto,2005,29.8000000000
tto,2006,28.5000000000
tto,2007,29.9000000000
tto,2008,41.6000000000
tto,2009,38.4000000000
tto,2010,35.6000000000
tto,2011,26.4000000000
tto,2012,28.3000000000
tto,2013,30.3000000000
tto,2014,25.9000000000
tun,2004,1.9000000000
tun,2005,2.6000000000
tun,2006,2.4000000000
tun,2007,2.7000000000
tun,2008,2.7000000000
tun,2009,2.4000000000
tun,2010,2.7000000000
tun,2012,3.1000000000
tur,2003,4.3000000000
tur,2004,4.4000000000
tur,2005,4.9000000000
tur,2006,4.6000000000
tur,2007,5.2000000000
tur,2008,4.6000000000
tur,2009,5.2000000000
tur,2010,4.2000000000
tur,2011,4.2000000000
tur,2012,4.3000000000
tkm,1995,6.4230983212
tkm,1996,7.8262479233
tkm,1997,8.2564747021
tkm,1998,7.8493060645
tkm,1999,7.2144121030
tkm,2012,4.3000000000
tca,1998,0.0000000000
tca,1999,0.0000000000
tca,2000,0.0000000000
tca,2001,0.0000000000
tca,2002,11.3000000000
tca,2003,0.0000000000
tca,2004,0.0000000000
tca,2005,0.0000000000
tca,2008,6.8000000000
tca,2009,6.6000000000
tuv,2002,0.0000000000
tuv,2003,0.0000000000
tuv,2004,0.0000000000
tuv,2005,0.0000000000
tuv,2006,0.0000000000
tuv,2007,0.0000000000
tuv,2008,0.0000000000
tuv,2009,0.0000000000
tuv,2010,10.2000000000
tuv,2011,10.2000000000
tuv,2012,20.3000000000
uga,2003,8.1000000000
uga,2004,7.6000000000
uga,2005,8.9000000000
uga,2006,9.3000000000
uga,2007,8.8000000000
uga,2008,9.0000000000
uga,2009,10.1000000000
uga,2010,9.5000000000
uga,2011,11.0000000000
uga,2012,11.5000000000
uga,2013,10.5000000000
uga,2014,11.8000000000
ukr,1995,8.6206016300
ukr,1996,9.6428591054
ukr,1997,8.4043732298
ukr,1998,8.4135368694
ukr,1999,8.6091457163
ukr,2003,7.6000000000
ukr,2004,7.4000000000
ukr,2005,6.5000000000
ukr,2006,6.3000000000
ukr,2007,5.7000000000
ukr,2008,5.3000000000
ukr,2009,4.8000000000
ukr,2010,4.4000000000
are,2010,0.8000000000
are,2011,0.6000000000
are,2012,0.8000000000
are,2013,0.6000000000
are,2014,0.7000000000
gbr,1995,1.4686378530
gbr,1996,1.3207547170
gbr,1997,1.4332816137
gbr,1998,1.4501160093
gbr,1999,1.4749773747
gbr,2000,1.7000000000
gbr,2001,1.8000000000
gbr,2002,2.0000000000
gbr,2003,1.7000000000
gbr,2004,1.6000000000
gbr,2005,1.5000000000
gbr,2006,1.4000000000
gbr,2007,1.4000000000
gbr,2008,1.2000000000
gbr,2009,1.1000000000
gbr,2010,1.2000000000
gbr,2011,1.0000000000
gbr,2012,1.0000000000
gbr,2013,0.9000000000
usa,1995,8.1126834078
usa,1996,7.2923030341
usa,1997,6.6783219425
usa,1998,6.1503103678
usa,1999,5.5574644944
usa,2000,5.5000000000
usa,2001,6.7000000000
usa,2002,5.6000000000
usa,2003,5.7000000000
usa,2004,5.5000000000
usa,2006,5.8000000000
usa,2007,5.7000000000
usa,2008,5.4000000000
usa,2009,5.0000000000
usa,2010,4.8000000000
usa,2011,4.7000000000
usa,2012,4.7000000000
usa,2013,3.9000000000
ury,2000,6.4000000000
ury,2001,6.6000000000
ury,2002,6.9000000000
ury,2003,5.9000000000
ury,2004,5.8000000000
ury,2005,5.7000000000
ury,2006,6.1000000000
ury,2007,5.8000000000
ury,2008,6.6000000000
ury,2009,6.7000000000
ury,2010,6.1000000000
ury,2011,5.9000000000
ury,2012,7.9000000000
ury,2013,7.6000000000
ury,2014,7.8000000000
uzb,1995,5.0481346401
uzb,1996,4.9384403917
uzb,1997,4.4375729894
uzb,1998,4.4140637126
uzb,1999,4.1439446160
uzb,2012,3.2000000000
vut,2012,2.9000000000
ven,1995,20.3359133455
ven,1996,22.0496258364
ven,1997,18.3997880693
ven,1998,19.4242415730
ven,1999,24.9851242639
ven,2000,32.8000000000
ven,2001,31.9000000000
ven,2002,37.9000000000
ven,2003,43.9000000000
ven,2004,36.9000000000
ven,2005,37.2000000000
ven,2006,45.0000000000
ven,2007,47.5000000000
ven,2008,51.9000000000
ven,2009,49.0000000000
ven,2010,45.1000000000
ven,2011,47.9000000000
ven,2012,53.8000000000
ven,2014,62.0000000000
vnm,2001,1.2000000000
vnm,2002,1.3000000000
vnm,2003,1.3000000000
vnm,2004,1.3000000000
vnm,2005,1.3000000000
vnm,2006,1.2000000000
vnm,2007,1.4000000000
vnm,2008,1.3000000000
vnm,2009,1.4000000000
vnm,2010,1.5000000000
vnm,2011,1.5000000000
vir,1999,24.9000000000
vir,2000,22.1000000000
vir,2001,25.8000000000
vir,2002,37.8000000000
vir,2003,28.5000000000
vir,2004,34.2000000000
vir,2005,32.5000000000
vir,2006,40.0000000000
vir,2007,40.1000000000
vir,2008,42.1000000000
vir,2009,46.9000000000
vir,2010,52.6000000000
wbg,1995,1.1940119147
wbg,1996,4.4123422036
wbg,1997,1.5798570335
wbg,1998,1.5120302164
wbg,1999,1.7449125298
wbg,2003,2.7000000000
wbg,2004,4.1000000000
wbg,2005,4.1000000000
wbg,2008,1.2000000000
wbg,2009,1.1000000000
wbg,2010,0.7000000000
wbg,2011,0.6000000000
wbg,2012,0.6000000000
yem,2000,3.9000000000
yem,2003,3.6000000000
yem,2004,3.2000000000
yem,2005,4.6000000000
yem,2006,4.2000000000
yem,2007,3.9000000000
yem,2008,3.9000000000
yem,2009,4.3000000000
yem,2010,4.7000000000
yem,2011,5.7000000000
yem,2012,6.5000000000
yem,2013,6.7000000000
zmb,1998,9.0063496831
zmb,1999,10.7791614275
zmb,2008,5.3000000000
zmb,2009,6.0000000000
zmb,2010,5.8000000000
zwe,2001,12.1000000000
zwe,2002,12.8000000000
zwe,2003,10.6000000000
zwe,2004,10.5000000000
zwe,2005,10.4000000000
zwe,2006,8.2000000000
zwe,2010,5.1000000000
zwe,2012,6.7000000000
