country,year,eg_gdp_puse_ko_pp_kd
arb,1990,10.6524808120
arb,1991,10.0216389507
arb,1992,9.6234771268
arb,1993,9.2393161159
arb,1994,8.9911596535
arb,1995,9.0419277723
arb,1996,9.1081121983
arb,1997,9.1967944948
arb,1998,9.6352247195
arb,1999,9.6510021355
arb,2000,9.7658520211
arb,2001,9.2396344123
arb,2002,8.8593289484
arb,2003,9.1070011890
arb,2004,9.3553880558
arb,2005,9.3569797570
arb,2006,9.2740062094
arb,2007,9.2846476754
arb,2008,9.1316588500
arb,2009,8.7102076002
arb,2010,8.5993658409
arb,2011,8.7979778205
arb,2012,8.5865380970
arb,2013,8.8227836856
arb,2014,8.5945685814
css,1990,4.9759335572
css,2000,3.4238516681
css,2001,3.2517527564
css,2002,3.3083647199
css,2003,3.2852103670
css,2004,4.3132637779
css,2005,4.0426740103
css,2006,3.9330141148
css,2007,3.8856951865
css,2008,3.2095768850
css,2009,3.1326913308
css,2010,3.0489317848
css,2011,3.1005826540
css,2012,3.1948354011
ceb,1990,3.8848057494
ceb,1991,4.0941808214
ceb,1992,4.1513174262
ceb,1993,4.1904803338
ceb,1994,4.5492137891
ceb,1995,4.6723333524
ceb,1996,4.7238431885
ceb,1997,4.9650238768
ceb,1998,5.3515257209
ceb,1999,5.7481783484
ceb,2000,6.0587547861
ceb,2001,6.0871090169
ceb,2002,6.2747820039
ceb,2003,6.3565072948
ceb,2004,6.7162837517
ceb,2005,6.9601122629
ceb,2006,7.2359646226
ceb,2007,7.7114355386
ceb,2008,8.0188918025
ceb,2009,8.3088927298
ceb,2010,8.1228819437
ceb,2011,8.3975809710
ceb,2012,8.7148160863
ceb,2013,9.0554240547
ceb,2014,9.5011287216
ear,1990,7.1212801140
ear,1991,7.1640459240
ear,1992,7.2659256041
ear,1993,7.2705918977
ear,1994,7.2302082008
ear,1995,7.1922284840
ear,1996,7.3854674550
ear,1997,7.4352493640
ear,1998,7.3700778177
ear,1999,7.2605454640
ear,2000,7.4207599701
ear,2001,7.3880425827
ear,2002,7.3357291000
ear,2003,7.5253082230
ear,2004,7.6375119745
ear,2005,7.8293099119
ear,2006,7.9565907225
ear,2007,8.1878647578
ear,2008,8.1484762501
ear,2009,8.0103124526
ear,2010,8.2500902284
ear,2011,8.5295849092
ear,2012,8.5018840319
ear,2013,8.7971909177
ear,2014,8.9097709187
eas,1990,5.0015713760
eas,1991,5.2519782021
eas,1992,5.3276324056
eas,1993,5.3342510906
eas,1994,5.4185369484
eas,1995,5.4487410960
eas,1996,5.5866879596
eas,1997,5.7356016907
eas,1998,5.7712142554
eas,1999,5.8450807872
eas,2000,5.9614144018
eas,2001,6.0576514709
eas,2002,6.0914353801
eas,2003,5.9711038906
eas,2004,5.8189968519
eas,2005,5.8618813768
eas,2006,5.9452151508
eas,2007,6.1106377971
eas,2008,6.3038878015
eas,2009,6.2975125392
eas,2010,6.2612825235
eas,2011,6.3960834835
eas,2012,6.5833368616
eas,2013,6.7638324591
eas,2014,7.0128479003
eap,1990,3.2295769244
eap,1991,3.5024671577
eap,1992,3.7224061624
eap,1993,3.8733624584
eap,1994,4.1008443188
eap,1995,4.1767130984
eap,1996,4.3910797324
eap,1997,4.6383402371
eap,1998,4.6752805633
eap,1999,4.8318010676
eap,2000,4.9895836435
eap,2001,5.1299539873
eap,2002,5.1914902491
eap,2003,5.0430810303
eap,2004,4.8840912685
eap,2005,4.9038805016
eap,2006,5.0231709644
eap,2007,5.2381910078
eap,2008,5.4924649195
eap,2009,5.5586067800
eap,2010,5.5547614599
eap,2011,5.6771572808
eap,2012,5.8711272178
eap,2013,6.0736891990
eap,2014,6.3387562957
tea,1990,3.2295769244
tea,1991,3.5024671577
tea,1992,3.7224061624
tea,1993,3.8733624584
tea,1994,4.1008443188
tea,1995,4.1767130984
tea,1996,4.3910797324
tea,1997,4.6383402371
tea,1998,4.6752805633
tea,1999,4.8318010676
tea,2000,4.9895836435
tea,2001,5.1299539873
tea,2002,5.1914902491
tea,2003,5.0430810303
tea,2004,4.8840912685
tea,2005,4.9038805016
tea,2006,5.0231709644
tea,2007,5.2381910078
tea,2008,5.4924649195
tea,2009,5.5586067800
tea,2010,5.5547614599
tea,2011,5.6771572808
tea,2012,5.8711272178
tea,2013,6.0736891990
tea,2014,6.3387562957
emu,1990,8.3315927905
emu,1991,8.3830339571
emu,1992,8.5032800141
emu,1993,8.4731984083
emu,1994,8.6882947225
emu,1995,8.5108604649
emu,1996,8.3821999179
emu,1997,8.6234719257
emu,1998,8.7288839168
emu,1999,8.9927887938
emu,2000,9.2184334719
emu,2001,9.1762553921
emu,2002,9.2690898503
emu,2003,9.1492365303
emu,2004,9.2293605580
emu,2005,9.3677427099
emu,2006,9.6503808405
emu,2007,10.1164140269
emu,2008,10.1841515840
emu,2009,10.2900833204
emu,2010,10.1424288494
emu,2011,10.7376853121
emu,2012,10.7389958006
emu,2013,10.8003795460
emu,2014,11.3710636992
emu,2015,11.4270359309
ecs,1990,5.5701206812
ecs,1991,5.5407132722
ecs,1992,5.6901070047
ecs,1993,5.7683812577
ecs,1994,6.0468096995
ecs,1995,6.0784848196
ecs,1996,6.0859560634
ecs,1997,6.3810387329
ecs,1998,6.5151838180
ecs,1999,6.7045019119
ecs,2000,6.9509123799
ecs,2001,7.0063682238
ecs,2002,7.1418584212
ecs,2003,7.1206123494
ecs,2004,7.3133709247
ecs,2005,7.5330457581
ecs,2006,7.7547959909
ecs,2007,8.1326958635
ecs,2008,8.2164151721
ecs,2009,8.3529567717
ecs,2010,8.1724076445
ecs,2011,8.4680263606
ecs,2012,8.5094494261
ecs,2013,8.7173832080
ecs,2014,9.2593609750
eca,1990,3.3850845928
eca,1991,3.2640960597
eca,1992,3.1967874584
eca,1993,3.2087484831
eca,1994,3.2262609494
eca,1995,3.2425495616
eca,1996,3.2835166761
eca,1997,3.4922579328
eca,1998,3.4890099336
eca,1999,3.5559664488
eca,2000,3.7835006338
eca,2001,3.8948877640
eca,2002,4.0549324673
eca,2003,4.1679891286
eca,2004,4.4548613211
eca,2005,4.7511749523
eca,2006,4.9703210024
eca,2007,5.2903447215
eca,2008,5.4525952260
eca,2009,5.5372863338
eca,2010,5.4365944217
eca,2011,5.5170514737
eca,2012,5.6388975952
eca,2013,5.9597184349
eca,2014,6.2935353054
tec,1990,3.4113652065
tec,1991,3.2857874966
tec,1992,3.2369493056
tec,1993,3.2552370446
tec,1994,3.3063713000
tec,1995,3.3631668704
tec,1996,3.4150859258
tec,1997,3.6404872379
tec,1998,3.6827546042
tec,1999,3.7714413419
tec,2000,4.0136310070
tec,2001,4.1198904764
tec,2002,4.2794778213
tec,2003,4.3854862159
tec,2004,4.6733000007
tec,2005,4.9600980478
tec,2006,5.1717996376
tec,2007,5.5045234626
tec,2008,5.6712076222
tec,2009,5.7953198005
tec,2010,5.6812060561
tec,2011,5.7739007312
tec,2012,5.9080967382
tec,2013,6.2183299132
tec,2014,6.5816895758
euu,1990,7.4515367361
euu,1991,7.4628932580
euu,1992,7.6124175126
euu,1993,7.5991820280
euu,1994,7.8426476144
euu,1995,7.7708982343
euu,1996,7.6658507293
euu,1997,7.9644998582
euu,1998,8.1524122954
euu,1999,8.4625435542
euu,2000,8.7342227590
euu,2001,8.7263973139
euu,2002,8.8674027086
euu,2003,8.8112455615
euu,2004,8.9574528229
euu,2005,9.1277809185
euu,2006,9.4121225684
euu,2007,9.8863449977
euu,2008,9.9979014077
euu,2009,10.1560807539
euu,2010,9.9711450412
euu,2011,10.5535707837
euu,2012,10.5915757831
euu,2013,10.7455456557
euu,2014,11.3681196060
euu,2015,11.5160110678
fcs,1992,4.4592495856
fcs,1993,4.4468953424
fcs,1994,4.2946958144
fcs,1995,4.4263865136
fcs,1996,4.7090015378
fcs,1997,4.7666482677
fcs,1998,5.9848322548
fcs,1999,6.7262972182
fcs,2000,6.6866622186
fcs,2001,6.5764312525
fcs,2002,6.4453800475
fcs,2003,6.0115887509
fcs,2004,6.7456446483
fcs,2005,7.0242495102
fcs,2006,7.4851273194
fcs,2007,7.8674903432
fcs,2008,7.9700593658
fcs,2009,7.7800296589
fcs,2010,7.8651873841
fcs,2011,7.3697067213
fcs,2012,7.8297361081
fcs,2013,7.6687852811
hpc,2000,4.0572541724
hpc,2001,4.1232408873
hpc,2002,4.0867427694
hpc,2003,4.1648344431
hpc,2004,4.2251669246
hpc,2005,4.3197914817
hpc,2006,4.4127956011
hpc,2007,4.6266117193
hpc,2008,4.7530414768
hpc,2009,4.7890968276
hpc,2010,4.8732046377
hpc,2011,4.8859801156
hpc,2012,4.8823218975
hpc,2013,5.0049593244
hic,1990,6.4184816903
hic,1991,6.4270930946
hic,1992,6.4819277765
hic,1993,6.4645329529
hic,1994,6.5488727574
hic,1995,6.5865377297
hic,1996,6.5887866740
hic,1997,6.7649104645
hic,1998,6.9121672058
hic,1999,7.0036142928
hic,2000,7.1293129365
hic,2001,7.2186035571
hic,2002,7.2631360573
hic,2003,7.3415755130
hic,2004,7.4373605722
hic,2005,7.6310754078
hic,2006,7.8414597589
hic,2007,8.0068992522
hic,2008,8.1046217300
hic,2009,8.1676447912
hic,2010,8.1124958579
hic,2011,8.4551644480
hic,2012,8.5910190480
hic,2013,8.6848525146
hic,2014,8.8754625295
hic,2015,9.1397290068
ibd,1990,4.5860387029
ibd,1991,4.6270445293
ibd,1992,4.7491872120
ibd,1993,4.8632980245
ibd,1994,5.0424237695
ibd,1995,5.0784285743
ibd,1996,5.2448432927
ibd,1997,5.4547392885
ibd,1998,5.5736535280
ibd,1999,5.6695231589
ibd,2000,5.8603826822
ibd,2001,5.9293647515
ibd,2002,5.9864445371
ibd,2003,5.9365642519
ibd,2004,5.9636660891
ibd,2005,6.0564635949
ibd,2006,6.1996180883
ibd,2007,6.4377077640
ibd,2008,6.5799706963
ibd,2009,6.5907737374
ibd,2010,6.6120199913
ibd,2011,6.7175607184
ibd,2012,6.8269842119
ibd,2013,7.0291473724
ibd,2014,7.2219320090
ibt,1990,4.5759154178
ibt,1991,4.6072993877
ibt,1992,4.7200607723
ibt,1993,4.8237699995
ibt,1994,4.9912521829
ibt,1995,5.0270558715
ibt,1996,5.1859433173
ibt,1997,5.3788488755
ibt,1998,5.4842069240
ibt,1999,5.5687355487
ibt,2000,5.7549957358
ibt,2001,5.8211851475
ibt,2002,5.8755190219
ibt,2003,5.8449282040
ibt,2004,5.9101206458
ibt,2005,6.0130630788
ibt,2006,6.1637909696
ibt,2007,6.3993286633
ibt,2008,6.5408344754
ibt,2009,6.5719543071
ibt,2010,6.6018790367
ibt,2011,6.7002818338
ibt,2012,6.8081809011
ibt,2013,7.0143118628
ibt,2014,7.2300767744
idb,1990,4.4677254501
idb,1991,4.3613615616
idb,1992,4.3778343413
idb,1993,4.3084242419
idb,1994,4.4109364335
idb,1995,4.4390091261
idb,1996,4.4979764616
idb,1997,4.4866739431
idb,1998,4.4592312119
idb,1999,4.4036521705
idb,2000,4.4958567592
idb,2001,4.5203233220
idb,2002,4.5433823004
idb,2003,4.6812943433
idb,2004,5.3062385476
idb,2005,5.5026865038
idb,2006,5.7508195876
idb,2007,5.9295552650
idb,2008,6.0217277099
idb,2009,6.4088189518
idb,2010,6.5067118654
idb,2011,6.5045879091
idb,2012,6.5678207655
idb,2013,6.9330554881
idb,2014,7.9543451679
idx,1990,4.4460783865
idx,1991,4.4181916138
idx,1992,4.4349908503
idx,1993,4.5274488814
idx,1994,4.5018261827
idx,1995,4.5450364543
idx,1996,4.6795922959
idx,1997,4.7639451128
idx,1998,4.7974381105
idx,1999,4.8322658254
idx,2000,5.0392397796
idx,2001,5.1119385882
idx,2002,5.1324918463
idx,2003,5.2396050042
idx,2004,5.4091991741
idx,2005,5.6011390623
idx,2006,5.7869823660
idx,2007,6.0135425963
idx,2008,6.1814677805
idx,2009,6.2807601574
idx,2010,6.4445989443
idx,2011,6.4726619995
idx,2012,6.5970472010
idx,2013,6.7191051652
idx,2014,6.7099565658
ida,1990,4.4587783330
ida,1991,4.3843668415
ida,1992,4.4009272049
ida,1993,4.3956411015
ida,1994,4.4477591378
ida,1995,4.4825735889
ida,1996,4.5729944109
ida,1997,4.6015566035
ida,1998,4.5991642019
ida,1999,4.5809446520
ida,2000,4.7214333917
ida,2001,4.7676634116
ida,2002,4.7914103694
ida,2003,4.9167856390
ida,2004,5.3500781149
ida,2005,5.5449472192
ida,2006,5.7664337813
ida,2007,5.9659576747
ida,2008,6.0911424406
ida,2009,6.3516815254
ida,2010,6.4790236267
ida,2011,6.4904200635
ida,2012,6.5808694036
ida,2013,6.8348896898
ida,2014,7.3389450770
lte,1990,3.8426126633
lte,1991,3.8945560018
lte,1992,3.9539868378
lte,1993,4.0593985223
lte,1994,4.2725769106
lte,1995,4.3428133223
lte,1996,4.4439415552
lte,1997,4.6966492618
lte,1998,4.8092975429
lte,1999,4.9459237062
lte,2000,5.1830672170
lte,2001,5.2837537176
lte,2002,5.3799686408
lte,2003,5.2997813658
lte,2004,5.2738684800
lte,2005,5.3341612094
lte,2006,5.4526659757
lte,2007,5.6790608732
lte,2008,5.8723358911
lte,2009,5.9226825879
lte,2010,5.8649008997
lte,2011,5.9355197136
lte,2012,6.0657240687
lte,2013,6.2353434378
lte,2014,6.4762472311
lcn,1990,9.5004751204
lcn,1991,9.5878060907
lcn,1992,9.6088200398
lcn,1993,9.9183787142
lcn,1994,9.8596317979
lcn,1995,9.8717336932
lcn,1996,9.7970633604
lcn,1997,9.9260158444
lcn,1998,9.8347090887
lcn,1999,9.7102004729
lcn,2000,9.9566171787
lcn,2001,9.8856652814
lcn,2002,9.7220604610
lcn,2003,9.6639190873
lcn,2004,9.8368370152
lcn,2005,9.8768616943
lcn,2006,9.9484805514
lcn,2007,10.3134369052
lcn,2008,10.3731794410
lcn,2009,10.2459181347
lcn,2010,10.3097650491
lcn,2011,10.5593712279
lcn,2012,10.4237159675
lcn,2013,10.5252243455
lcn,2014,10.7503310631
lac,1990,9.8304867100
lac,1991,9.8320417361
lac,1992,9.7974544342
lac,1993,10.0718200774
lac,1994,10.0051591410
lac,1995,10.0665799587
lac,1996,9.9941556648
lac,1997,10.0909696043
lac,1998,9.9917072705
lac,1999,9.9631822589
lac,2000,10.2686878586
lac,2001,10.1648463640
lac,2002,10.0597994964
lac,2003,9.9802614679
lac,2004,10.1874582606
lac,2005,10.1575283459
lac,2006,10.2620421008
lac,2007,10.6131960366
lac,2008,10.6735766989
lac,2009,10.5579729879
lac,2010,10.5607598679
lac,2011,10.8228929481
lac,2012,10.6763507296
lac,2013,10.7933970354
lac,2014,11.1330544802
tla,1990,9.4947610642
tla,1991,9.5878060907
tla,1992,9.6088200398
tla,1993,9.9183787142
tla,1994,9.8596317979
tla,1995,9.8717336932
tla,1996,9.7970633604
tla,1997,9.9260158444
tla,1998,9.8347090887
tla,1999,9.7102004729
tla,2000,9.9566171787
tla,2001,9.8856652814
tla,2002,9.7220604610
tla,2003,9.6639190873
tla,2004,9.8300422349
tla,2005,9.8703015330
tla,2006,9.9418342025
tla,2007,10.3072223976
tla,2008,10.3731794410
tla,2009,10.2459181347
tla,2010,10.3097650491
tla,2011,10.5593712279
tla,2012,10.4237159675
tla,2013,10.5252243455
tla,2014,10.7503310631
ldc,1990,4.4818528309
ldc,1991,4.4417253710
ldc,1992,4.4063443961
ldc,1993,4.3761961685
ldc,1994,4.3260803476
ldc,1995,4.3820806734
ldc,1996,4.5666435857
ldc,1997,4.6601046424
ldc,1998,4.7050235263
ldc,1999,4.7395903116
ldc,2000,4.8967874574
ldc,2001,4.9525165250
ldc,2002,5.0215062609
ldc,2003,5.1048514240
ldc,2004,5.3802522494
ldc,2005,5.6626594386
ldc,2006,5.8909643781
ldc,2007,6.2492579678
ldc,2008,6.4087602896
ldc,2009,6.4456122436
ldc,2010,6.6213274011
ldc,2011,6.6889616585
ldc,2012,6.8131665246
ldc,2013,6.9520229966
ldc,2014,6.9158369610
lmy,1990,4.5388906932
lmy,1991,4.5642286829
lmy,1992,4.6643109553
lmy,1993,4.7625920496
lmy,1994,4.9210482818
lmy,1995,4.9553553922
lmy,1996,5.1175914677
lmy,1997,5.3008766914
lmy,1998,5.3934361388
lmy,1999,5.4854287548
lmy,2000,5.6702451429
lmy,2001,5.7416080948
lmy,2002,5.8079203349
lmy,2003,5.7734999211
lmy,2004,5.8351461845
lmy,2005,5.9333764421
lmy,2006,6.0878406469
lmy,2007,6.3162199334
lmy,2008,6.4580804335
lmy,2009,6.4909642080
lmy,2010,6.5205954284
lmy,2011,6.6143503444
lmy,2012,6.7246184111
lmy,2013,6.9356233350
lmy,2014,7.1527492477
lmc,1990,5.0093471869
lmc,1991,4.9558760504
lmc,1992,5.1482029949
lmc,1993,5.2522401135
lmc,1994,5.5046125473
lmc,1995,5.5554308186
lmc,1996,5.7954498073
lmc,1997,5.8780078935
lmc,1998,5.8461540596
lmc,1999,5.9023280929
lmc,2000,6.0219549711
lmc,2001,6.1597020341
lmc,2002,6.2126214514
lmc,2003,6.4289694756
lmc,2004,6.6691343182
lmc,2005,6.9311079489
lmc,2006,7.2421517635
lmc,2007,7.5514796094
lmc,2008,7.6822586540
lmc,2009,7.7862602010
lmc,2010,7.9525474049
lmc,2011,8.1936909723
lmc,2012,8.3075597698
lmc,2013,8.6883755553
lmc,2014,9.0485044310
mea,1990,10.4307466232
mea,1991,10.0022396688
mea,1992,9.6100328548
mea,1993,9.1532909515
mea,1994,8.7487198739
mea,1995,8.7289038941
mea,1996,8.9759330473
mea,1997,8.7767780312
mea,1998,9.0968090342
mea,1999,8.8825339612
mea,2000,9.1405976774
mea,2001,8.5978913193
mea,2002,8.4086529531
mea,2003,8.6406705253
mea,2004,8.7331480103
mea,2005,8.5811715161
mea,2006,8.5292381806
mea,2007,8.5503516166
mea,2008,8.2968616133
mea,2009,8.0664600027
mea,2010,8.0997234109
mea,2011,8.2674868535
mea,2012,7.9159976684
mea,2013,8.0682252549
mea,2014,7.8532388848
mna,1990,10.2031038458
mna,1991,9.6604623844
mna,1992,9.2831156712
mna,1993,8.8051705536
mna,1994,8.3767702019
mna,1995,8.3183115838
mna,1996,8.8409992423
mna,1997,8.3254919065
mna,1998,9.0384093986
mna,1999,8.8796486493
mna,2000,9.2717217584
mna,2001,8.7950660589
mna,2002,8.8616076516
mna,2003,8.8688236449
mna,2004,8.8957719504
mna,2005,8.5428299525
mna,2006,8.6915164161
mna,2007,8.8173358306
mna,2008,8.6340463182
mna,2009,8.5613408589
mna,2010,8.9033564385
mna,2011,8.7401764391
mna,2012,8.4699238170
mna,2013,8.4230942389
mna,2014,8.1970024365
tmn,1990,10.2031038458
tmn,1991,9.6604623844
tmn,1992,9.2831156712
tmn,1993,8.8051705536
tmn,1994,8.3767702019
tmn,1995,8.3183115838
tmn,1996,8.8409992423
tmn,1997,8.3254919065
tmn,1998,9.0384093986
tmn,1999,8.8796486493
tmn,2000,9.2717217584
tmn,2001,8.7950660589
tmn,2002,8.8616076516
tmn,2003,8.8688236449
tmn,2004,8.8957719504
tmn,2005,8.5428299525
tmn,2006,8.6915164161
tmn,2007,8.8173358306
tmn,2008,8.6340463182
tmn,2009,8.5613408589
tmn,2010,8.9033564385
tmn,2011,8.7401764391
tmn,2012,8.4699238170
tmn,2013,8.4230942389
tmn,2014,8.1970024365
mic,1990,4.5645093680
mic,1991,4.5938706636
mic,1992,4.7008246977
mic,1993,4.8011036908
mic,1994,4.9628069003
mic,1995,4.9980167341
mic,1996,5.1614983795
mic,1997,5.3487936168
mic,1998,5.4450468463
mic,1999,5.5407952638
mic,2000,5.7289205293
mic,2001,5.8023766651
mic,2002,5.8698651805
mic,2003,5.8331864687
mic,2004,5.8920783773
mic,2005,5.9907542634
mic,2006,6.1464723273
mic,2007,6.3767881484
mic,2008,6.5200288168
mic,2009,6.5535724128
mic,2010,6.5782568426
mic,2011,6.6729716582
mic,2012,6.7848684646
mic,2013,7.0014483128
mic,2014,7.2224292094
nac,1990,4.7600211510
nac,1991,4.7147404333
nac,1992,4.7744269229
nac,1993,4.8132876237
nac,1994,4.9095328893
nac,1995,4.9790958715
nac,1996,5.0481749096
nac,1997,5.2211572774
nac,1998,5.4125451344
nac,1999,5.5182640513
nac,2000,5.5906232057
nac,2001,5.7543436943
nac,2002,5.8020648206
nac,2003,5.9164325893
nac,2004,6.0114968275
nac,2005,6.1819465080
nac,2006,6.4087252776
nac,2007,6.4192871410
nac,2008,6.5521002764
nac,2009,6.6908000557
nac,2010,6.7164655513
nac,2011,6.8825092574
nac,2012,7.1391032347
nac,2013,7.1783283960
nac,2014,7.2411320416
nac,2015,7.5620483051
oed,1990,6.4090389533
oed,1991,6.4091700043
oed,1992,6.4641343825
oed,1993,6.4587804679
oed,1994,6.5489686008
oed,1995,6.5754289069
oed,1996,6.5902950000
oed,1997,6.7650917137
oed,1998,6.9386148388
oed,1999,7.0412199591
oed,2000,7.1707449841
oed,2001,7.2852836849
oed,2002,7.3582764830
oed,2003,7.4123454530
oed,2004,7.5169194799
oed,2005,7.6828082504
oed,2006,7.9134703519
oed,2007,8.0818843280
oed,2008,8.2071212168
oed,2009,8.2824858497
oed,2010,8.2506470786
oed,2011,8.5762786994
oed,2012,8.7497581890
oed,2013,8.8437904251
oed,2014,9.1007973808
oed,2015,9.3420054093
oss,2004,7.2594721247
oss,2005,7.3334719954
oss,2006,7.3106065956
oss,2007,7.3567455736
pss,1990,14.4479773385
pss,2004,10.0443696425
pss,2005,11.3220690071
pss,2006,11.8040785134
pss,2007,12.2374707786
pst,1990,6.0438751590
pst,1991,6.0448851357
pst,1992,6.1377468745
pst,1993,6.1447877012
pst,1994,6.2505179102
pst,1995,6.2920001906
pst,1996,6.3143817822
pst,1997,6.4843141362
pst,1998,6.6417809613
pst,1999,6.7521878782
pst,2000,6.8749564715
pst,2001,7.0001292664
pst,2002,7.0728013785
pst,2003,7.1224586782
pst,2004,7.2149513925
pst,2005,7.4006233268
pst,2006,7.6430179793
pst,2007,7.8102281711
pst,2008,7.9346313942
pst,2009,8.0441943132
pst,2010,7.9790486184
pst,2011,8.2990374029
pst,2012,8.4804266618
pst,2013,8.5694310830
pst,2014,8.7968991409
pst,2015,9.0683461357
pre,1990,5.3200776070
pre,1991,4.4994631857
pre,1992,4.3003371459
pre,1993,4.1988597711
pre,1994,4.1410053292
pre,1995,4.1863938710
pre,1996,4.3172221786
pre,1997,4.3660581446
pre,1998,4.9964572826
pre,1999,5.2451959448
pre,2000,5.1969362294
pre,2001,5.1344157376
pre,2002,5.0728258110
pre,2003,4.8265635806
pre,2004,5.8401353599
pre,2005,5.9716904745
pre,2006,6.3715700768
pre,2007,6.6133720286
pre,2008,6.6877550802
pre,2009,6.7836474879
pre,2010,6.7713227068
pre,2011,6.7216574295
pre,2012,6.7635691256
pre,2013,6.9734829937
pre,2014,7.1700885713
sst,2004,6.4299010555
sst,2005,6.3852255479
sst,2006,6.3460624393
sst,2007,6.3942731271
sas,1990,5.5779976749
sas,1991,5.4822083019
sas,1992,5.5763556410
sas,1993,5.6548526829
sas,1994,5.7753736800
sas,1995,5.8447439135
sas,1996,6.0401862494
sas,1997,6.0334110024
sas,1998,6.2143306979
sas,1999,6.3348310345
sas,2000,6.4267574936
sas,2001,6.5892677577
sas,2002,6.6529159684
sas,2003,6.9343274307
sas,2004,7.0900077968
sas,2005,7.4240810086
sas,2006,7.6753904220
sas,2007,7.9227994909
sas,2008,7.9016225065
sas,2009,7.8062505983
sas,2010,8.1454445325
sas,2011,8.3283128110
sas,2012,8.4013242045
sas,2013,8.7145813862
sas,2014,8.8189671519
tsa,1990,5.5779976749
tsa,1991,5.4822083019
tsa,1992,5.5763556410
tsa,1993,5.6548526829
tsa,1994,5.7753736800
tsa,1995,5.8447439135
tsa,1996,6.0401862494
tsa,1997,6.0334110024
tsa,1998,6.2143306979
tsa,1999,6.3348310345
tsa,2000,6.4267574936
tsa,2001,6.5892677577
tsa,2002,6.6529159684
tsa,2003,6.9343274307
tsa,2004,7.0900077968
tsa,2005,7.4240810086
tsa,2006,7.6753904220
tsa,2007,7.9227994909
tsa,2008,7.9016225065
tsa,2009,7.8062505983
tsa,2010,8.1454445325
tsa,2011,8.3283128110
tsa,2012,8.4013242045
tsa,2013,8.7145813862
tsa,2014,8.8189671519
ssf,1990,4.2132666903
ssf,1991,4.0578223367
ssf,1992,4.0162603608
ssf,1993,3.8969733844
ssf,1994,3.9065189791
ssf,1995,3.8775470268
ssf,1996,3.9628123189
ssf,1997,3.9922983509
ssf,1998,4.0372378463
ssf,1999,3.9864844617
ssf,2000,4.1013224476
ssf,2001,4.1098381679
ssf,2002,4.1893751474
ssf,2003,4.2067178035
ssf,2004,4.5657424180
ssf,2005,4.7099393025
ssf,2006,4.9576942965
ssf,2007,5.1044182386
ssf,2008,5.0639932628
ssf,2009,5.2014923713
ssf,2010,5.3373152158
ssf,2011,5.4205781316
ssf,2012,5.5081162195
ssf,2013,5.6735415666
ssf,2014,5.8332032121
ssa,1990,4.2102306723
ssa,1991,4.0578223367
ssa,1992,4.0162603608
ssa,1993,3.8969733844
ssa,1994,3.9065189791
ssa,1995,3.8775470268
ssa,1996,3.9628123189
ssa,1997,3.9922983509
ssa,1998,4.0372378463
ssa,1999,3.9864844617
ssa,2000,4.1013224476
ssa,2001,4.1098381679
ssa,2002,4.1893751474
ssa,2003,4.2067178035
ssa,2004,4.5652834301
ssa,2005,4.7089644320
ssa,2006,4.9567167164
ssa,2007,5.1027321861
ssa,2008,5.0639932628
ssa,2009,5.2014923713
ssa,2010,5.3373152158
ssa,2011,5.4205781316
ssa,2012,5.5081162195
ssa,2013,5.6735415666
ssa,2014,5.8332032121
tss,1990,4.2132666903
tss,1991,4.0578223367
tss,1992,4.0162603608
tss,1993,3.8969733844
tss,1994,3.9065189791
tss,1995,3.8775470268
tss,1996,3.9628123189
tss,1997,3.9922983509
tss,1998,4.0372378463
tss,1999,3.9864844617
tss,2000,4.1013224476
tss,2001,4.1098381679
tss,2002,4.1893751474
tss,2003,4.2067178035
tss,2004,4.5657424180
tss,2005,4.7099393025
tss,2006,4.9576942965
tss,2007,5.1044182386
tss,2008,5.0639932628
tss,2009,5.2014923713
tss,2010,5.3373152158
tss,2011,5.4205781316
tss,2012,5.5081162195
tss,2013,5.6735415666
tss,2014,5.8332032121
umc,1990,4.3975121848
umc,1991,4.4538099154
umc,1992,4.5265816218
umc,1993,4.6263574253
umc,1994,4.7541360509
umc,1995,4.7808771693
umc,1996,4.9149033108
umc,1997,5.1386097662
umc,1998,5.2830425438
umc,1999,5.3924673572
umc,2000,5.6085338914
umc,2001,5.6567008748
umc,2002,5.7310917513
umc,2003,5.6035510183
umc,2004,5.6029180937
umc,2005,5.6520017533
umc,2006,5.7639383066
umc,2007,5.9735049795
umc,2008,6.1226721894
umc,2009,6.1244114175
umc,2010,6.1112070757
umc,2011,6.1703558380
umc,2012,6.2809709737
umc,2013,6.4509853380
umc,2014,6.6435046443
wld,1990,5.5587028817
wld,1991,5.5848472457
wld,1992,5.6758167232
wld,1993,5.7145901938
wld,1994,5.8434938112
wld,1995,5.8764228003
wld,1996,5.9528991600
wld,1997,6.1317599349
wld,1998,6.2568671578
wld,1999,6.3453070774
wld,2000,6.4966794431
wld,2001,6.5692414582
wld,2002,6.6138536546
wld,2003,6.6229884540
wld,2004,6.6845178397
wld,2005,6.8127484380
wld,2006,6.9752108854
wld,2007,7.1549273520
wld,2008,7.2596810693
wld,2009,7.2796152716
wld,2010,7.2574010888
wld,2011,7.4370865893
wld,2012,7.5412932561
wld,2013,7.6936616072
wld,2014,7.9026343199
alb,1990,5.8073225824
alb,1991,5.8407997471
alb,1992,7.4673974274
alb,1993,8.3523234457
alb,1994,8.5057810694
alb,1995,10.2597894023
alb,1996,10.4882551788
alb,1997,10.9579131534
alb,1998,10.8348079508
alb,1999,9.1646613523
alb,2000,9.7650747720
alb,2001,10.3410848876
alb,2002,9.7826978898
alb,2003,10.5766480017
alb,2004,10.1720262589
alb,2005,10.7464908469
alb,2006,11.6071005859
alb,2007,12.8769846493
alb,2008,12.8790820176
alb,2009,13.0061891800
alb,2010,13.6146503573
alb,2011,13.3440306939
alb,2012,15.0746907448
alb,2013,13.0942390898
alb,2014,13.2364938958
dza,1990,11.9567068072
dza,1991,11.1680492584
dza,1992,11.1067293175
dza,1993,10.8348571238
dza,1994,11.1395840311
dza,1995,11.0822198526
dza,1996,11.9147393164
dza,1997,11.7551878324
dza,1998,11.9378161775
dza,1999,11.5409994534
dza,2000,11.7955450685
dza,2001,12.1257093082
dza,2002,11.9719032174
dza,2003,12.0762727235
dza,2004,12.4411619261
dza,2005,12.6529937713
dza,2006,12.0152214282
dza,2007,11.7045239006
dza,2008,11.8410032632
dza,2009,11.0038492843
dza,2010,11.5962610394
dza,2011,11.4377357580
dza,2012,10.7568241087
dza,2013,10.6794567628
dza,2014,10.2061486866
ago,1990,7.0978503093
ago,1991,7.0005715556
ago,1992,6.5553040411
ago,1993,4.8115234503
ago,1994,4.8102063797
ago,1995,5.5361588229
ago,1996,6.1087583912
ago,1997,6.4134563883
ago,1998,6.7313046420
ago,1999,6.5483669206
ago,2000,6.5697363033
ago,2001,6.5575240108
ago,2002,7.1246218518
ago,2003,6.9031115097
ago,2004,7.3964502465
ago,2005,9.2538650021
ago,2006,10.0358546759
ago,2007,11.5904680317
ago,2008,12.1873177986
ago,2009,11.4850541389
ago,2010,11.3269919314
ago,2011,11.3280210571
ago,2012,10.8571355917
ago,2013,11.5854388744
ago,2014,11.4801615301
atg,1990,11.0551037684
atg,2004,12.6058650368
atg,2005,13.2183763792
atg,2006,14.2756667199
atg,2007,15.2770139432
arg,1990,7.6849630157
arg,1991,8.3995115456
arg,1992,8.9407175575
arg,1993,9.4413227303
arg,1994,9.3932069731
arg,1995,8.9963225499
arg,1996,9.1556525624
arg,1997,9.5911747984
arg,1998,9.6310591040
arg,1999,9.1483107343
arg,2000,8.9697894136
arg,2001,9.0136930463
arg,2002,8.2638472853
arg,2003,8.4058012517
arg,2004,8.3894542629
arg,2005,9.0775207550
arg,2006,9.0153772505
arg,2007,9.7017639260
arg,2008,9.5868549699
arg,2009,9.2758851093
arg,2010,9.8057190679
arg,2011,10.1521168961
arg,2012,10.0125332253
arg,2013,9.9834971865
arg,2014,9.3279420574
arm,1990,1.7178590877
arm,1991,1.4390504007
arm,1992,1.6474167344
arm,1993,2.8305107315
arm,1994,4.7449100314
arm,1995,4.2517151476
arm,1996,4.1563048866
arm,1997,4.1080033462
arm,1998,4.3278091380
arm,1999,4.6238163420
arm,2000,4.4563533504
arm,2001,4.9037852280
arm,2002,5.9330866670
arm,2003,6.4080990379
arm,2004,6.6952052417
arm,2005,6.3564877237
arm,2006,7.0652602360
arm,2007,7.2077363273
arm,2008,7.3172016060
arm,2009,7.2303574175
arm,2010,7.7666601696
arm,2011,7.4358766489
arm,2012,7.2869282144
arm,2013,7.7096721332
arm,2014,7.8296268591
aus,1990,5.6620207442
aus,1991,5.7197650476
aus,1992,5.6398173049
aus,1993,5.5979131257
aus,1994,5.8246853571
aus,1995,5.9291776037
aus,1996,5.7808179734
aus,1997,5.8606452250
aus,1998,5.9735285711
aus,1999,6.1393493542
aus,2000,6.2681294175
aus,2001,6.5318188055
aus,2002,6.5630737535
aus,2003,6.6771869472
aus,2004,6.8283479102
aus,2005,6.9963031801
aus,2006,6.9088722460
aus,2007,6.9321376116
aus,2008,6.9293954645
aus,2009,7.0390619613
aus,2010,7.1574675676
aus,2011,7.2919895437
aus,2012,7.6716051623
aus,2013,7.8910260439
aus,2014,8.1729292068
aus,2015,8.0213150026
aut,1990,9.6730941951
aut,1991,9.3987890995
aut,1992,9.9864067019
aut,1993,9.9254016493
aut,1994,10.1914277643
aut,1995,10.0165300434
aut,1996,9.6466553897
aut,1997,9.9206337312
aut,1998,10.1046981597
aut,1999,10.4867510295
aut,2000,10.8792655041
aut,2001,10.4261751743
aut,2002,10.5038911190
aut,2003,10.0202663486
aut,2004,10.1440053881
aut,2005,10.1045640462
aut,2006,10.4192115193
aut,2007,10.9313197194
aut,2008,11.0218632433
aut,2009,11.2309521844
aut,2010,10.6971367559
aut,2011,11.3344875986
aut,2012,11.4623822790
aut,2013,11.3040576465
aut,2014,11.7769440134
aut,2015,11.6582834288
aze,1990,2.6894090680
aze,1991,2.6955430944
aze,1992,2.5746667598
aze,1993,2.2094272261
aze,1994,1.9548819521
aze,1995,1.8349829532
aze,1996,2.1993748841
aze,1997,2.4152620832
aze,1998,2.5593332470
aze,1999,2.9556440745
aze,2000,3.1772072994
aze,2001,3.4463062247
aze,2002,3.7737506065
aze,2003,3.9896881196
aze,2004,4.1809525695
aze,2005,5.0324204577
aze,2006,6.8680411186
aze,2007,9.3819871730
aze,2008,9.4487027000
aze,2009,11.5382128109
aze,2010,12.4654957751
aze,2011,11.5048313945
aze,2012,10.7870501321
aze,2013,11.2572253163
aze,2014,11.1279864609
bhs,1990,12.3107759049
bhs,2004,15.5387343093
bhs,2005,15.3276477740
bhs,2006,15.4908518318
bhs,2007,15.6484391340
bhr,1990,3.3266160220
bhr,1991,3.7589348021
bhr,1992,3.6452458624
bhr,1993,3.9039381215
bhr,1994,3.6635578888
bhr,1995,3.7600597054
bhr,1996,3.9159136452
bhr,1997,3.5812631820
bhr,1998,3.5718943816
bhr,1999,3.7600506081
bhr,2000,3.7487208185
bhr,2001,3.7388418251
bhr,2002,3.7361832083
bhr,2003,3.7338432661
bhr,2004,3.9793900060
bhr,2005,3.7002399915
bhr,2006,3.6773667546
bhr,2007,3.8058201004
bhr,2008,3.7299218840
bhr,2009,3.9379837306
bhr,2010,3.9744441602
bhr,2011,4.0522001612
bhr,2012,4.2412675969
bhr,2013,4.0972508627
bhr,2014,4.1379418425
bgd,1990,10.7368443900
bgd,1991,11.2723399124
bgd,1992,11.2607730841
bgd,1993,11.1678773791
bgd,1994,11.1085656816
bgd,1995,10.7330910065
bgd,1996,11.1524752095
bgd,1997,11.1551498393
bgd,1998,11.2546240245
bgd,1999,11.6259914687
bgd,2000,11.8306675092
bgd,2001,11.3644182411
bgd,2002,11.5247187422
bgd,2003,11.4555004947
bgd,2004,11.8366381696
bgd,2005,12.1442014070
bgd,2006,12.0908008804
bgd,2007,12.3897808364
bgd,2008,12.5142792290
bgd,2009,12.4952752286
bgd,2010,12.1804026703
bgd,2011,12.5000603105
bgd,2012,12.6888969477
bgd,2013,13.1722763034
bgd,2014,13.3787630807
brb,1990,11.6722372485
brb,2004,11.3478779257
brb,2005,11.3478779257
brb,2006,11.7536073299
brb,2007,11.8756572574
blr,1990,1.8708184961
blr,1991,1.8971305554
blr,1992,2.0552718788
blr,1993,2.2298502835
blr,1994,2.3186568127
blr,1995,2.2457066264
blr,1996,2.2480831142
blr,1997,2.5107371625
blr,1998,2.7783457634
blr,1999,2.9502306918
blr,2000,3.0713328629
blr,2001,3.2028877535
blr,2002,3.3002680080
blr,2003,3.4315955046
blr,2004,3.6981090520
blr,2005,4.0498274972
blr,2006,4.1850751977
blr,2007,4.6401762015
blr,2008,5.1063240502
blr,2009,5.3888743881
blr,2010,5.5982533575
blr,2011,5.5418329805
blr,2012,5.4244234547
blr,2013,6.1273899903
blr,2014,6.1273983182
bel,1990,6.3718642616
bel,1991,6.2113127927
bel,1992,6.2376577991
bel,1993,6.3273013837
bel,1994,6.1549185227
bel,1995,6.1912389507
bel,1996,5.9728288537
bel,1997,6.1940329904
bel,1998,6.2132547548
bel,1999,6.4089932402
bel,2000,6.5595862071
bel,2001,6.6312192931
bel,2002,7.0225993162
bel,2003,6.7961604243
bel,2004,7.0090480977
bel,2005,7.1644573383
bel,2006,7.4092557564
bel,2007,7.7990872502
bel,2008,7.6300421026
bel,2009,7.7657916785
bel,2010,7.4169374421
bel,2011,8.1071461047
bel,2012,8.4873280319
bel,2013,8.2069626910
bel,2014,8.7847179776
bel,2015,8.8972071260
blz,1990,9.1215116917
blz,2004,14.0271833904
blz,2005,13.8526756581
blz,2006,13.5609578054
blz,2007,13.2485540648
ben,1990,4.3832347810
ben,1991,4.4997964041
ben,1992,4.5213092756
ben,1993,4.6752786549
ben,1994,4.6682560714
ben,1995,4.8441662642
ben,1996,4.3399127681
ben,1997,4.4228589419
ben,1998,4.6613087933
ben,1999,4.7071398717
ben,2000,5.7709472316
ben,2001,5.7156843492
ben,2002,5.5757269180
ben,2003,5.4688022047
ben,2004,5.4702781629
ben,2005,5.5443601913
ben,2006,4.8842709878
ben,2007,4.7613135171
ben,2008,4.8856073849
ben,2009,4.7649766244
ben,2010,4.5797332111
ben,2011,4.5892676738
ben,2012,4.6435960844
ben,2013,4.7621689192
ben,2014,4.8010979377
btn,1990,22.3190195653
btn,2004,15.3993506922
btn,2005,14.5554517332
btn,2006,15.0364512258
btn,2007,15.3336978719
bol,1990,9.7364067407
bol,1991,9.9422779846
bol,1992,9.5412540312
bol,1993,9.3055205055
bol,1994,8.8483280516
bol,1995,8.2535450342
bol,1996,8.0116098630
bol,1997,7.7097938316
bol,1998,8.0109397043
bol,1999,8.1866243806
bol,2000,7.5015704513
bol,2001,9.8036269840
bol,2002,8.3809445122
bol,2003,8.2798482822
bol,2004,8.6148810262
bol,2005,8.2479766553
bol,2006,6.9061145739
bol,2007,8.8633755001
bol,2008,8.8461970826
bol,2009,8.7775866758
bol,2010,8.3901971096
bol,2011,8.3582316003
bol,2012,7.6424125986
bol,2013,8.1178562491
bol,2014,8.0182458821
bih,1994,4.0488207794
bih,1995,4.6974364117
bih,1996,7.5993684198
bih,1997,6.6150732890
bih,1998,6.1527040123
bih,1999,6.8144548518
bih,2000,5.4815625776
bih,2001,5.9218207739
bih,2002,5.9439795828
bih,2003,6.1919072106
bih,2004,6.0093241005
bih,2005,6.2363179764
bih,2006,6.2492682217
bih,2007,6.6022397533
bih,2008,6.2020898595
bih,2009,5.7690019716
bih,2010,5.5821794043
bih,2011,5.1116699334
bih,2012,5.4197204935
bih,2013,5.7447497740
bih,2014,4.7933081693
bwa,1990,9.1730587323
bwa,1991,9.6783084088
bwa,1992,8.6434266321
bwa,1993,8.7827125957
bwa,1994,9.2364237924
bwa,1995,9.6528392608
bwa,1996,10.4708019808
bwa,1997,10.7806459416
bwa,1998,9.6192278970
bwa,1999,10.2153680579
bwa,2000,10.0223045953
bwa,2001,9.9310270021
bwa,2002,10.3699569273
bwa,2003,10.8847617596
bwa,2004,11.3680167228
bwa,2005,11.5177506029
bwa,2006,12.0767639791
bwa,2007,12.6526978812
bwa,2008,12.7029453996
bwa,2009,12.5764842472
bwa,2010,12.4737847180
bwa,2011,13.7689014289
bwa,2012,12.6816944330
bwa,2013,13.3515312875
bwa,2014,12.7044978630
bra,1990,11.0196229173
bra,1991,10.9786321965
bra,1992,10.8146152678
bra,1993,11.0427891244
bra,1994,11.0491735936
bra,1995,11.1553356778
bra,1996,10.8257876858
bra,1997,10.6525460793
bra,1998,10.4381776694
bra,1999,10.2547040305
bra,2000,10.6336599129
bra,2001,10.5958460774
bra,2002,10.6379258075
bra,2003,10.5851904801
bra,2004,10.6055800473
bra,2005,10.6757061747
bra,2006,10.7253300244
bra,2007,10.7645593060
bra,2008,10.7154978413
bra,2009,11.0636884724
bra,2010,10.7603673308
bra,2011,11.0167406046
bra,2012,10.7633781141
bra,2013,10.6348098330
bra,2014,10.3535495390
brn,1990,12.6886890373
brn,1991,11.5742503767
brn,1992,11.2764301224
brn,1993,11.7496951570
brn,1994,13.0617102502
brn,1995,11.3898240284
brn,1996,11.6402701210
brn,1997,11.1049358214
brn,1998,11.0896820440
brn,1999,11.2082935207
brn,2000,11.4666452403
brn,2001,12.7245412346
brn,2002,13.5257850011
brn,2003,11.9874261243
brn,2004,13.1401694371
brn,2005,13.6597539858
brn,2006,10.0359295502
brn,2007,9.8156238192
brn,2008,8.7682128611
brn,2009,10.0284964000
brn,2010,9.6619167688
brn,2011,8.3866202047
brn,2012,8.5578372583
brn,2013,10.5451669172
brn,2014,8.8144597003
bgr,1990,2.8717761735
bgr,1991,3.3889317559
bgr,1992,3.3628459733
bgr,1993,3.0894497153
bgr,1994,3.2441873756
bgr,1995,3.0750892882
bgr,1996,3.1138567792
bgr,1997,3.3977158240
bgr,1998,3.6529478500
bgr,1999,3.7549869469
bgr,2000,3.8787963532
bgr,2001,3.8621332707
bgr,2002,4.1988797990
bgr,2003,4.3085206918
bgr,2004,4.7146568933
bgr,2005,4.7807641088
bgr,2006,4.9693904014
bgr,2007,5.4248232145
bgr,2008,5.8297194290
bgr,2009,6.3719406301
bgr,2010,6.3240231578
bgr,2011,5.9898298131
bgr,2012,6.2753224361
bgr,2013,6.8684041887
bgr,2014,6.5797368580
cpv,1990,19.5023799713
cpv,2004,23.1590367234
cpv,2005,22.2588958712
cpv,2006,23.3290496707
cpv,2007,26.6073704295
khm,1995,4.1241322154
khm,1996,4.1756604388
khm,1997,4.2737508995
khm,1998,3.9299441522
khm,1999,4.4237510557
khm,2000,4.9321983657
khm,2001,5.2720009839
khm,2002,4.8250711732
khm,2003,5.0823389171
khm,2004,6.8083774065
khm,2005,7.6058154497
khm,2006,8.4411555355
khm,2007,9.1728896284
khm,2008,9.7569898680
khm,2009,6.7054856162
khm,2010,6.8122820629
khm,2011,6.9721088560
khm,2012,7.1811523970
khm,2013,7.4663084910
khm,2014,7.4934567002
cmr,1990,7.1043539173
cmr,1991,6.7681162730
cmr,1992,6.4877594145
cmr,1993,5.7732204921
cmr,1994,5.6981246592
cmr,1995,5.7946018702
cmr,1996,5.9015365354
cmr,1997,6.0383424441
cmr,1998,6.1333933984
cmr,1999,6.3474066732
cmr,2000,6.3031334798
cmr,2001,6.5017054942
cmr,2002,6.6203732470
cmr,2003,6.6523881294
cmr,2004,6.8888701323
cmr,2005,6.9865264168
cmr,2006,7.5845141331
cmr,2007,8.4373813557
cmr,2008,8.6559946213
cmr,2009,8.1824912628
cmr,2010,8.3984236161
cmr,2011,9.0741269011
cmr,2012,9.1987217346
cmr,2013,9.2266017251
cmr,2014,9.3498407134
can,1990,4.1169265889
can,1991,4.0393430836
can,1992,3.9823712436
can,1993,3.9555654147
can,1994,3.9923618072
can,1995,4.0455494412
can,1996,4.0308241159
can,1997,4.1603297850
can,1998,4.3442601866
can,1999,4.4426421429
can,2000,4.5413169540
can,2001,4.6902488390
can,2002,4.8165194408
can,2003,4.6569093626
can,2004,4.6918004355
can,2005,4.8155730967
can,2006,5.0003364398
can,2007,5.0705008525
can,2008,5.0775073619
can,2009,5.1203271759
can,2010,5.2255887887
can,2011,5.2542707192
can,2012,5.4100663755
can,2013,5.4783903808
can,2014,5.4696073885
can,2015,5.6747705758
chl,1990,8.4994075726
chl,1991,8.9608078665
chl,1992,9.2117503164
chl,1993,9.5804774653
chl,1994,9.3589512760
chl,1995,9.4877514730
chl,1996,9.1484790237
chl,1997,8.7769126513
chl,1998,8.8428770327
chl,1999,8.2884531011
chl,2000,8.6814587282
chl,2001,9.1390110584
chl,2002,9.1022594652
chl,2003,9.3771546367
chl,2004,9.4399861459
chl,2005,9.6821121392
chl,2006,9.8894408102
chl,2007,10.0022942335
chl,2008,10.4554748552
chl,2009,10.5730331386
chl,2010,10.7102453685
chl,2011,10.4308126303
chl,2012,9.9233890543
chl,2013,9.9279280127
chl,2014,10.8286067892
chl,2015,11.0980152333
chn,1990,1.9901147250
chn,1991,2.2333749653
chn,1992,2.4669830860
chn,1993,2.6518998065
chn,1994,2.8625140265
chn,1995,2.9579714334
chn,1996,3.1636601555
chn,1997,3.4593378315
chn,1998,3.7050333357
chn,1999,3.9134646171
chn,2000,4.1165693818
chn,2001,4.2854387378
chn,2002,4.3813407780
chn,2003,4.2186984142
chn,2004,4.0726339305
chn,2005,4.1038178736
chn,2006,4.2312261879
chn,2007,4.4690245913
chn,2008,4.7508926887
chn,2009,4.8648014169
chn,2010,4.8732330086
chn,2011,4.9769622709
chn,2012,5.1716470308
chn,2013,5.3986211665
chn,2014,5.7041521849
col,1990,10.6588645195
col,1991,10.7839958523
col,1992,11.0738349068
col,1993,10.8367037248
col,1994,11.0780034519
col,1995,11.4540586714
col,1996,11.4112598792
col,1997,12.1642794353
col,1998,11.6818269240
col,1999,12.5134716653
col,2000,13.0042374360
col,2001,13.2770153958
col,2002,13.8812810073
col,2003,14.1282998749
col,2004,14.7300313483
col,2005,14.8054464815
col,2006,15.0300166899
col,2007,16.1674605207
col,2008,15.9900990156
col,2009,15.6793912046
col,2010,16.0412321075
col,2011,17.0714902109
col,2012,17.5966698514
col,2013,17.2978280848
col,2014,17.8699662270
com,1990,36.8991192720
com,2004,25.7415333178
com,2005,24.3255532382
com,2006,21.9968755278
com,2007,22.7136861953
cod,1990,4.0687569154
cod,1991,3.7216225793
cod,1992,3.2710380715
cod,1993,2.7749245027
cod,1994,2.6571076369
cod,1995,2.5668725644
cod,1996,2.4571035822
cod,1997,2.2790273528
cod,1998,2.1884321428
cod,1999,2.0864342479
cod,2000,1.9402630103
cod,2001,1.8378047058
cod,2002,1.8284487344
cod,2003,1.8610323500
cod,2004,1.9102798184
cod,2005,1.9519709808
cod,2006,1.9808104112
cod,2007,2.0308839594
cod,2008,2.0805117786
cod,2009,2.0775661966
cod,2010,2.1462363666
cod,2011,2.1598466056
cod,2012,1.8641736267
cod,2013,1.9242812704
cod,2014,2.0159473432
cog,1990,15.9343831375
cog,1991,15.6263610250
cog,1992,16.2314738802
cog,1993,15.9729092919
cog,1994,17.5031887155
cog,1995,15.9412255417
cog,1996,17.6425868468
cog,1997,18.3215563382
cog,1998,18.9897667351
cog,1999,18.7918288882
cog,2000,20.3582241970
cog,2001,18.8518386687
cog,2002,19.5726011167
cog,2003,16.7200568468
cog,2004,16.2931145969
cog,2005,16.2271628606
cog,2006,13.2071379437
cog,2007,14.6345155320
cog,2008,14.4383837657
cog,2009,13.5890707907
cog,2010,13.5674489431
cog,2011,10.5382189929
cog,2012,9.5443862866
cog,2013,9.6239115440
cog,2014,10.2645568211
cri,1990,14.3725644354
cri,1991,13.8936461154
cri,1992,11.7502733122
cri,1993,12.3317194857
cri,1994,13.0781020144
cri,1995,13.3444201582
cri,1996,13.4523674432
cri,1997,14.0228420616
cri,1998,15.0858485472
cri,1999,14.2198691499
cri,2000,13.4941798093
cri,2001,13.8822468156
cri,2002,13.6298068051
cri,2003,13.2392718408
cri,2004,11.6599584495
cri,2005,12.1152952042
cri,2006,12.0075917856
cri,2007,12.0499206707
cri,2008,12.3973479363
cri,2009,12.3441913927
cri,2010,12.7179016098
cri,2011,13.2403201339
cri,2012,13.6486712770
cri,2013,13.6395965969
cri,2014,13.9383400295
civ,1990,9.0170724928
civ,1991,8.7687836066
civ,1992,8.0204327906
civ,1993,7.7296947898
civ,1994,7.6046241427
civ,1995,8.1772091832
civ,1996,7.8426561819
civ,1997,7.9738691374
civ,1998,8.3883016056
civ,1999,7.1493215281
civ,2000,7.2438715365
civ,2001,7.5412854235
civ,2002,6.9377614188
civ,2003,7.2389955043
civ,2004,5.1998947825
civ,2005,5.1137451962
civ,2006,5.2790072348
civ,2007,4.9912537622
civ,2008,5.0922212009
civ,2009,5.7374302600
civ,2010,5.4005440975
civ,2011,4.5039667824
civ,2012,4.5988553337
civ,2013,4.6756240893
civ,2014,4.9602442926
hrv,1995,7.5391280788
hrv,1996,7.7328213215
hrv,1997,7.7976743458
hrv,1998,7.6882795879
hrv,1999,7.7090409990
hrv,2000,8.3084666519
hrv,2001,8.2791853212
hrv,2002,8.4697465303
hrv,2003,8.3338229872
hrv,2004,8.6778383499
hrv,2005,8.9054554504
hrv,2006,9.3837822908
hrv,2007,9.4890818756
hrv,2008,9.9330464802
hrv,2009,9.5137413053
hrv,2010,9.4930465199
hrv,2011,9.6944930996
hrv,2012,10.0689008274
hrv,2013,10.2180591986
hrv,2014,10.7145172113
cyp,1990,9.8981632712
cyp,1991,9.7709891748
cyp,1992,9.4957533154
cyp,1993,8.9062095046
cyp,1994,8.2541410026
cyp,1995,10.1633244458
cyp,1996,9.2626120342
cyp,1997,9.6955963044
cyp,1998,9.5333598431
cyp,1999,9.9411356074
cyp,2000,9.7711645490
cyp,2001,10.2316842100
cyp,2002,10.4367432428
cyp,2003,9.8303143505
cyp,2004,10.9740634266
cyp,2005,11.2022499614
cyp,2006,11.2557472703
cyp,2007,11.1699652410
cyp,2008,10.9497701938
cyp,2009,11.0028995601
cyp,2010,11.5258308728
cyp,2011,11.9266077937
cyp,2012,12.2956043067
cyp,2013,13.3398162856
cyp,2014,12.8709247039
cze,1990,4.1741464143
cze,1991,4.0788763199
cze,1992,4.1758313767
cze,1993,4.3098371587
cze,1994,4.5746793182
cze,1995,4.7939390008
cze,1996,4.8418378033
cze,1997,4.7814535698
cze,1998,4.9201292988
cze,1999,5.3582586080
cze,2000,5.3143673882
cze,2001,5.3251448646
cze,2002,5.3554682244
cze,2003,5.3027696078
cze,2004,5.4332252745
cze,2005,5.8581955793
cze,2006,6.1167824638
cze,2007,6.4543126198
cze,2008,6.7825116395
cze,2009,6.8910420427
cze,2010,6.6903351193
cze,2011,7.0627675254
cze,2012,7.0366404763
cze,2013,7.1127336318
cze,2014,7.4377450356
cze,2015,7.9288593313
dnk,1990,10.0052763435
dnk,1991,9.1484285547
dnk,1992,9.7480209046
dnk,1993,9.4937422553
dnk,1994,9.6613405470
dnk,1995,10.0467622306
dnk,1996,9.1364755171
dnk,1997,10.1816787444
dnk,1998,10.5788518063
dnk,1999,11.3652574288
dnk,2000,12.1324893552
dnk,2001,11.8677635965
dnk,2002,12.0493369792
dnk,2003,11.4397747006
dnk,2004,12.1402128224
dnk,2005,12.7788517842
dnk,2006,12.3813830588
dnk,2007,12.8011807016
dnk,2008,13.0988475174
dnk,2009,13.0309026918
dnk,2010,12.5323220209
dnk,2011,13.7463806194
dnk,2012,14.3411426514
dnk,2013,14.2590835219
dnk,2014,15.6852639028
dnk,2015,16.1394809596
dma,1990,22.5459450249
dma,2004,16.0307073763
dma,2005,15.2352658163
dma,2006,15.3082397923
dma,2007,15.8973657916
dom,1990,9.7999855938
dom,1991,9.8141509830
dom,1992,9.8428603865
dom,1993,10.9033435328
dom,1994,9.7393866408
dom,1995,9.8003399225
dom,1996,9.9508571568
dom,1997,9.7098586827
dom,1998,9.8045904033
dom,1999,9.9862167477
dom,2000,9.7257360191
dom,2001,10.2748989782
dom,2002,10.1176510208
dom,2003,10.5459590792
dom,2004,11.9599974062
dom,2005,12.0386764853
dom,2006,12.6948710350
dom,2007,13.4076037822
dom,2008,13.7993512807
dom,2009,14.1946507000
dom,2010,14.6332660401
dom,2011,14.8189496415
dom,2012,14.4155093857
dom,2013,16.0372430571
dom,2014,17.2425191957
ecu,1990,12.0615315945
ecu,1991,11.9680542513
ecu,1992,12.0705219521
ecu,1993,13.2021064336
ecu,1994,12.8617116995
ecu,1995,11.2305797035
ecu,1996,10.8473158215
ecu,1997,10.9009208079
ecu,1998,10.9555781103
ecu,1999,11.5989768251
ecu,2000,10.5828207558
ecu,2001,10.3732265453
ecu,2002,11.0649621688
ecu,2003,11.1996838591
ecu,2004,12.5490393178
ecu,2005,12.6617828754
ecu,2006,13.1607879185
ecu,2007,11.8878767065
ecu,2008,13.7245662509
ecu,2009,11.5874533647
ecu,2010,11.8674898073
ecu,2011,12.0887570567
ecu,2012,12.9358744117
ecu,2013,12.6001794795
ecu,2014,12.2255889627
egy,1990,10.5193363699
egy,1991,10.6268713496
egy,1992,10.8152628983
egy,1993,10.7323953829
egy,1994,11.5991036242
egy,1995,11.4134639545
egy,1996,11.2898033388
egy,1997,11.4353325200
egy,1998,11.1029440164
egy,1999,11.5235059406
egy,2000,12.7252755749
egy,2001,11.7318261982
egy,2002,11.6425582773
egy,2003,11.5730657137
egy,2004,11.1444682638
egy,2005,9.9931731095
egy,2006,10.1058404317
egy,2007,10.1035331166
egy,2008,10.4224860730
egy,2009,10.6623564518
egy,2010,11.4288064965
egy,2011,11.0839176642
egy,2012,11.0210528398
egy,2013,11.7482917027
egy,2014,12.1226308087
slv,1990,9.6737623829
slv,1991,8.9298590710
slv,1992,9.1552205176
slv,1993,9.2035022495
slv,1994,9.0972877659
slv,1995,8.9606280590
slv,1996,9.4525946069
slv,1997,8.8090280156
slv,1998,8.7907773564
slv,1999,8.6549066333
slv,2000,8.3659157980
slv,2001,8.0665585477
slv,2002,8.0370035478
slv,2003,7.8193250279
slv,2004,7.9537218074
slv,2005,7.9403008798
slv,2006,7.8887553445
slv,2007,8.4940081013
slv,2008,8.6378640044
slv,2009,9.0302072981
slv,2010,9.1391084530
slv,2011,9.3966928974
slv,2012,9.8120743971
slv,2013,10.6402305899
slv,2014,10.6451736868
gnq,2004,26.7063189459
gnq,2005,19.0221069863
gnq,2006,17.0254112283
gnq,2007,16.7707576538
eri,1992,3.9491718111
eri,1993,4.2677598655
eri,1994,5.0154126630
eri,1995,4.9125564429
eri,1996,5.1133109789
eri,1997,5.5527479214
eri,1998,8.6927974922
eri,1999,8.3849049815
eri,2000,8.0478662777
eri,2001,8.3532220211
eri,2002,8.5272799955
eri,2003,7.7513031135
eri,2004,8.4763171646
eri,2005,8.4847142358
eri,2006,9.2231948655
eri,2007,9.0579449135
eri,2008,8.6861987494
eri,2009,8.4309818267
eri,2010,8.3949924825
eri,2011,8.8978525170
est,1995,3.1347943492
est,1996,3.0036418927
est,1997,3.4239773669
est,1998,3.9069180368
est,1999,4.1212702068
est,2000,4.6531509256
est,2001,4.7447300586
est,2002,5.2514590273
est,2003,5.1051203266
est,2004,5.3253100616
est,2005,5.9294989051
est,2006,6.7015658118
est,2007,6.4528136078
est,2008,6.3255372486
est,2009,6.0805851060
est,2010,5.3853628537
est,2011,5.7915610846
est,2012,6.1546749077
est,2013,5.6849063619
est,2014,5.9037557735
est,2015,6.6013480672
eth,1990,1.3669945513
eth,1991,1.2273468432
eth,1992,1.0942393233
eth,1993,1.1883452825
eth,1994,1.1804353713
eth,1995,1.2080383153
eth,1996,1.3134043384
eth,1997,1.3168548797
eth,1998,1.2335166007
eth,1999,1.2617941069
eth,2000,1.2981579389
eth,2001,1.3549387822
eth,2002,1.3357987153
eth,2003,1.2666349473
eth,2004,1.3967720578
eth,2005,1.5241757372
eth,2006,1.6396818485
eth,2007,1.7719602480
eth,2008,1.9054824377
eth,2009,2.0169587140
eth,2010,2.2079639194
eth,2011,2.3745691710
eth,2012,2.5078451539
eth,2013,2.6797632637
eth,2014,2.8673210909
fji,1990,15.0191245289
fji,2004,9.1006393976
fji,2005,10.5596073407
fji,2006,11.1207843981
fji,2007,11.7626668786
fin,1990,5.0786627067
fin,1991,4.7098826673
fin,1992,4.8322084093
fin,1993,4.5728191451
fin,1994,4.4509488099
fin,1995,4.8740518201
fin,1996,4.6971067830
fin,1997,4.8120523973
fin,1998,5.0258957653
fin,1999,5.2665592402
fin,2000,5.5710809183
fin,2001,5.5698394502
fin,2002,5.3827453329
fin,2003,5.2073343441
fin,2004,5.3523519855
fin,2005,5.9609313923
fin,2006,5.7011947433
fin,2007,6.0885863187
fin,2008,6.3837958488
fin,2009,6.2006917451
fin,2010,5.8353194271
fin,2011,6.2229710408
fin,2012,6.3598467167
fin,2013,6.4465086339
fin,2014,6.2796218527
fin,2015,6.5727822138
fra,1990,7.7094301584
fra,1991,7.3700550613
fra,1992,7.6187006044
fra,1993,7.4490494896
fra,1994,7.9236927120
fra,1995,7.7657197865
fra,1996,7.4515698725
fra,1997,7.8665847402
fra,1998,7.9161844126
fra,1999,8.1993907707
fra,2000,8.4345473061
fra,2001,8.3148114991
fra,2002,8.3874548735
fra,2003,8.3070546069
fra,2004,8.4152225897
fra,2005,8.5151640622
fra,2006,8.8600083680
fra,2007,9.1738657808
fra,2008,9.1515451541
fra,2009,9.2819105590
fra,2010,9.1753148657
fra,2011,9.7322409176
fra,2012,9.7292869822
fra,2013,9.7430364764
fra,2014,10.2555629415
fra,2015,10.2361274562
gab,1990,15.7177414251
gab,1991,16.1515227667
gab,1992,14.6428025818
gab,1993,14.3855625159
gab,1994,16.8313664070
gab,1995,16.1121783258
gab,1996,16.0342467492
gab,1997,16.7476924402
gab,1998,16.2919197602
gab,1999,15.2423985145
gab,2000,14.8866035669
gab,2001,14.1639310529
gab,2002,11.7041315229
gab,2003,10.1793578162
gab,2004,8.8316480162
gab,2005,7.8495200006
gab,2006,6.7826446393
gab,2007,6.4554275830
gab,2008,5.6798065302
gab,2009,5.1986487416
gab,2010,4.9560024141
gab,2011,6.5910805412
gab,2012,7.8284855529
gab,2013,5.6642613446
gab,2014,6.1639789760
gmb,1990,22.3507091771
gmb,2004,20.6979190350
gmb,2005,20.5030117172
gmb,2006,19.6422499049
gmb,2007,17.4475414407
geo,1990,3.0969783505
geo,1991,3.0171668327
geo,1992,1.9302876911
geo,1993,1.5540774040
geo,1994,2.2601005836
geo,1995,2.9160235289
geo,1996,3.2246609452
geo,1997,4.0607666324
geo,1998,4.5289786529
geo,1999,5.0890351427
geo,2000,5.0260979589
geo,2001,5.8798796390
geo,2002,6.2662621092
geo,2003,6.5441311084
geo,2004,6.7400467418
geo,2005,7.2309586355
geo,2006,7.4111772303
geo,2007,7.5540116977
geo,2008,8.5950993645
geo,2009,8.0380159816
geo,2010,8.4671217746
geo,2011,7.9974723917
geo,2012,8.1354287979
geo,2013,7.9969396527
geo,2014,7.4279446627
deu,1990,7.0763379929
deu,1991,7.5871223575
deu,1992,7.8794320891
deu,1993,7.8813767941
deu,1994,8.1138044785
deu,1995,8.1688520810
deu,1996,7.9665328880
deu,1997,8.1852472223
deu,1998,8.3980929094
deu,1999,8.7636969257
deu,2000,8.9799757938
deu,2001,8.8662376464
deu,2002,9.0697934736
deu,2003,9.0530825608
deu,2004,9.0944449016
deu,2005,9.2264533226
deu,2006,9.3094841632
deu,2007,10.1543996326
deu,2008,10.1538670652
deu,2009,10.2320117925
deu,2010,10.1145653550
deu,2011,11.0321827264
deu,2012,11.0453114805
deu,2013,10.8932996769
deu,2014,11.5256140046
deu,2015,11.5094638891
gha,1990,5.3071734757
gha,1991,5.3996477012
gha,1992,5.4156761358
gha,1993,5.4192712003
gha,1994,5.3799648388
gha,1995,5.3514011954
gha,1996,5.4108025043
gha,1997,5.3948517906
gha,1998,5.3440154311
gha,1999,5.3718931921
gha,2000,6.8166609767
gha,2001,7.0441246402
gha,2002,7.4058526955
gha,2003,8.2339899920
gha,2004,8.7001972688
gha,2005,9.2948828162
gha,2006,9.2829470915
gha,2007,9.6856721713
gha,2008,10.5712342179
gha,2009,10.2336566196
gha,2010,10.1245575600
gha,2011,10.8171891804
gha,2012,10.9237406635
gha,2013,11.2044549640
gha,2014,11.5463208003
grc,1990,9.8379970006
grc,1991,10.0604969661
grc,1992,9.8873262935
grc,1993,9.8530933541
grc,1994,9.7778650362
grc,1995,9.8955241587
grc,1996,9.8631171826
grc,1997,9.9130391607
grc,1998,9.7808267415
grc,1999,10.0415497006
grc,2000,9.9093114386
grc,2001,9.9806401815
grc,2002,10.2561010510
grc,2003,10.5456202060
grc,2004,10.8684814841
grc,2005,10.7369166907
grc,2006,11.3527699340
grc,2007,11.7282720418
grc,2008,11.6123796429
grc,2009,11.4846454372
grc,2010,11.5732493486
grc,2011,10.8570994975
grc,2012,10.1381325453
grc,2013,11.1588183799
grc,2014,11.3384125661
grc,2015,11.0767710133
grd,1990,16.4155136844
grd,2004,14.6078115212
grd,2005,15.4994551884
grd,2006,14.5131890181
grd,2007,15.4018185578
gtm,1990,10.7121620944
gtm,1991,10.7989859636
gtm,1992,10.7339145136
gtm,1993,11.1924612792
gtm,1994,11.0494979802
gtm,1995,10.9518376509
gtm,1996,10.9703030113
gtm,1997,10.9416900207
gtm,1998,10.5639362719
gtm,1999,9.9869257134
gtm,2000,10.0456088124
gtm,2001,10.0688997619
gtm,2002,10.3742515995
gtm,2003,10.2322686788
gtm,2004,10.2485022817
gtm,2005,10.5259507659
gtm,2006,10.9214565774
gtm,2007,10.8054311280
gtm,2008,11.6447474802
gtm,2009,10.1982581272
gtm,2010,9.6356419907
gtm,2011,9.3869714929
gtm,2012,9.5153095473
gtm,2013,9.0703135129
gtm,2014,8.6103800120
gnb,1990,21.3466501537
gnb,2004,20.6088224883
gnb,2005,21.2410265632
gnb,2006,21.0071726448
gnb,2007,20.5509101043
guy,1990,5.5310444490
guy,2004,7.5135488512
guy,2005,7.1284057876
guy,2006,7.4191376361
guy,2007,7.9399576277
hti,1996,7.0368351013
hti,1997,6.8588281309
hti,1998,7.0032687762
hti,1999,7.0985710154
hti,2000,7.3971158167
hti,2001,7.1642814245
hti,2002,6.3564323845
hti,2003,6.6419295083
hti,2004,6.2124691775
hti,2005,4.2479552100
hti,2006,4.2183871147
hti,2007,4.1605553666
hti,2008,4.1423631877
hti,2009,4.2091404541
hti,2010,3.9561340808
hti,2011,4.0330328093
hti,2012,4.0043352034
hti,2013,4.1475498591
hti,2014,4.2078663087
hnd,1990,6.6048230809
hnd,1991,6.7604243142
hnd,1992,6.8467059674
hnd,1993,7.1162963674
hnd,1994,6.7658015566
hnd,1995,6.6222650061
hnd,1996,6.8327956530
hnd,1997,6.5675085596
hnd,1998,6.2944291815
hnd,1999,7.0239988822
hnd,2000,7.2605790397
hnd,2001,6.9157109045
hnd,2002,6.8963801347
hnd,2003,6.6327619701
hnd,2004,6.5371902276
hnd,2005,6.6328440243
hnd,2006,7.2743996138
hnd,2007,6.5779956414
hnd,2008,6.9128161419
hnd,2009,7.0391278133
hnd,2010,7.1302725097
hnd,2011,6.6777973314
hnd,2012,6.8662403630
hnd,2013,6.9561726381
hnd,2014,6.9609658460
hkg,1990,17.8561894766
hkg,1991,18.1946832080
hkg,1992,16.2685666857
hkg,1993,17.4272597000
hkg,1994,18.3027295416
hkg,1995,18.8139347285
hkg,1996,19.9023361326
hkg,1997,21.7471638588
hkg,1998,15.6772513341
hkg,1999,13.1071780013
hkg,2000,16.6825594282
hkg,2001,16.0954534106
hkg,2002,17.6312063430
hkg,2003,17.6618894533
hkg,2004,20.4405170058
hkg,2005,22.1865535657
hkg,2006,22.5155179587
hkg,2007,22.3148976301
hkg,2008,23.2443412553
hkg,2009,21.5389474755
hkg,2010,24.7131242805
hkg,2011,23.9965884646
hkg,2012,25.2559001197
hkg,2013,26.6134547378
hkg,2014,26.7900789589
hun,1991,5.7316420588
hun,1992,6.0622267814
hun,1993,5.8924853672
hun,1994,6.2631488111
hun,1995,6.1201784413
hun,1996,5.9649998698
hun,1997,6.2882947488
hun,1998,6.6358240331
hun,1999,6.8984051916
hun,2000,7.3328049205
hun,2001,7.4358932059
hun,2002,7.7716418234
hun,2003,7.9055056285
hun,2004,8.3225259865
hun,2005,8.2213436535
hun,2006,8.6073119784
hun,2007,8.8380084354
hun,2008,9.0016777251
hun,2009,8.9593405396
hun,2010,8.7211693466
hun,2011,9.1353098512
hun,2012,9.5462101919
hun,2013,10.1758601234
hun,2014,10.4391716362
hun,2015,10.2905897835
isl,1996,3.2915893712
isl,1997,3.5367698352
isl,1998,3.5571529488
isl,1999,3.2869295535
isl,2000,3.0694224425
isl,2001,3.2971018740
isl,2002,3.2203555468
isl,2003,3.2958660259
isl,2004,3.6003226054
isl,2005,3.7700238542
isl,2006,3.1964044988
isl,2007,2.9450536173
isl,2008,2.6498316997
isl,2009,2.3876555506
isl,2010,2.2897035550
isl,2011,2.1821132645
isl,2012,2.2649714973
isl,2013,2.2697480711
isl,2014,2.3275762993
isl,2015,2.4628633549
ind,1990,4.9947443754
ind,1991,4.8447164457
ind,1992,4.9301764938
ind,1993,5.0436727033
ind,1994,5.1806137795
ind,1995,5.2702427058
ind,1996,5.4998023692
ind,1997,5.5041746600
ind,1998,5.7075794246
ind,1999,5.8739288679
ind,2000,5.9592555810
ind,2001,6.1584541923
ind,2002,6.2071950947
ind,2003,6.5385102294
ind,2004,6.7001604715
ind,2005,7.0462398739
ind,2006,7.3146447196
ind,2007,7.6020426042
ind,2008,7.5275642964
ind,2009,7.4148254894
ind,2010,7.8214051312
ind,2011,8.0010514015
ind,2012,8.0399934175
ind,2013,8.3602249350
ind,2014,8.4482270828
idn,1990,8.5071470261
idn,1991,8.6704613937
idn,1992,8.8581443749
idn,1993,8.5886530916
idn,1994,9.2240241336
idn,1995,9.0505675922
idn,1996,9.4166011334
idn,1997,9.5386076694
idn,1998,8.4717508838
idn,1999,8.1513132520
idn,2000,7.8902474765
idn,2001,7.9899862522
idn,2002,8.0505862334
idn,2003,8.4115468887
idn,2004,8.2874675661
idn,2005,8.6068545165
idn,2006,8.8716609912
idn,2007,9.4792247132
idn,2008,9.8543038258
idn,2009,9.5381424231
idn,2010,9.6429042666
idn,2011,10.6280512914
idn,2012,10.8616110332
idn,2013,11.1735673965
idn,2014,11.3168512327
irn,1990,9.2394332429
irn,1991,9.3666682970
irn,1992,9.1503657793
irn,1993,8.5871033489
irn,1994,7.6179010002
irn,1995,7.4448139877
irn,1996,8.1174784088
irn,1997,7.2882801733
irn,1998,7.3124737250
irn,1999,6.5013040498
irn,2000,7.0611015122
irn,2001,6.5588902079
irn,2002,6.8019828657
irn,2003,7.1569333123
irn,2004,6.8497828646
irn,2005,6.3690167622
irn,2006,6.3986121411
irn,2007,6.5407444107
irn,2008,6.1187594081
irn,2009,6.1922718608
irn,2010,6.5495168282
irn,2011,6.5926892416
irn,2012,5.8644363879
irn,2013,5.7413867633
irn,2014,5.5975704297
irq,1990,10.0418820979
irq,1991,4.5352408663
irq,1992,4.0472658983
irq,1993,4.0513241280
irq,1994,3.7135078331
irq,1995,3.9477766231
irq,1996,4.3775767584
irq,1997,4.4604454399
irq,1998,8.4314787791
irq,1999,12.8287504158
irq,2000,11.0522240172
irq,2001,10.1138739026
irq,2002,9.9019414753
irq,2003,7.2092007668
irq,2004,10.7989628555
irq,2005,11.1337841744
irq,2006,12.9983501994
irq,2007,12.9502132148
irq,2008,12.9393028543
irq,2009,11.1611242734
irq,2010,10.4296251376
irq,2011,10.2519897526
irq,2012,10.4525373021
irq,2013,10.4509998292
irq,2014,10.4976457423
irl,1990,7.6064257061
irl,1991,7.6884887667
irl,1992,8.0411584139
irl,1993,8.1040987659
irl,1994,8.1656531723
irl,1995,8.8755088301
irl,1996,8.9750509491
irl,1997,9.3989596325
irl,1998,9.6134784894
irl,1999,10.1387870714
irl,2000,10.7120400288
irl,2001,10.8940756998
irl,2002,11.5502166271
irl,2003,12.2055532719
irl,2004,12.6306523279
irl,2005,13.3043117982
irl,2006,13.9827028224
irl,2007,14.3258345525
irl,2008,13.9842871682
irl,2009,13.8074550242
irl,2010,13.9690240445
irl,2011,15.7561856087
irl,2012,15.7631099801
irl,2013,16.1529087459
irl,2014,17.8358537451
irl,2015,21.5676325620
isr,1990,8.3400522840
isr,1991,8.9544437480
isr,1992,8.3953804338
isr,1993,8.3382137522
isr,1994,8.3979814825
isr,1995,8.5364324305
isr,1996,8.7424185533
isr,1997,8.5937171252
isr,1998,8.7354471509
isr,1999,9.3007027630
isr,2000,9.2517275484
isr,2001,8.8146854732
isr,2002,8.9861344312
isr,2003,8.6322449878
isr,2004,9.2686283573
isr,2005,10.0551348522
isr,2006,9.5969869273
isr,2007,9.9181626734
isr,2008,9.2939857525
isr,2009,10.0169588383
isr,2010,9.7760561678
isr,2011,10.2538875789
isr,2012,9.9689441873
isr,2013,10.8884064839
isr,2014,11.4758426938
isr,2015,11.5283621614
ita,1990,12.0523420217
ita,1991,11.9436974417
ita,1992,12.1191429563
ita,1993,12.0790150906
ita,1994,12.4967174117
ita,1995,11.8426548682
ita,1996,12.0054382398
ita,1997,12.0544241280
ita,1998,11.9155166430
ita,1999,11.9178370975
ita,2000,12.1293006490
ita,2001,12.3029075620
ita,2002,12.2476400018
ita,2003,11.7058751794
ita,2004,11.8091153091
ita,2005,11.6977208928
ita,2006,12.0422595512
ita,2007,12.2594294817
ita,2008,12.2925814686
ita,2009,12.4429988088
ita,2010,12.3528640303
ita,2011,12.8508271885
ita,2012,13.0024930298
ita,2013,13.2662132326
ita,2014,14.0592540088
ita,2015,13.8216875973
jam,1990,6.3428386732
jam,1991,6.6248494176
jam,1992,6.4167842992
jam,1993,7.0001717612
jam,1994,6.9610883279
jam,1995,6.6938910357
jam,1996,6.3443509314
jam,1997,6.2724626777
jam,1998,5.8944467655
jam,1999,5.7944483925
jam,2000,5.5260063165
jam,2001,5.5828785725
jam,2002,6.1064151944
jam,2003,6.0762848287
jam,2004,6.0867735585
jam,2005,6.2163384753
jam,2006,5.7088545972
jam,2007,5.7579356310
jam,2008,6.7876615790
jam,2009,7.5702576200
jam,2010,8.4245668172
jam,2011,8.0342566776
jam,2012,8.2228123361
jam,2013,7.9528230392
jam,2014,8.2045690603
jpn,1990,8.6119500942
jpn,1991,8.8188546252
jpn,1992,8.6900323711
jpn,1993,8.5892993923
jpn,1994,8.2266546052
jpn,1995,8.2381283455
jpn,1996,8.3188410923
jpn,1997,8.3204863812
jpn,1998,8.3816900140
jpn,1999,8.2296512250
jpn,2000,8.2941366653
jpn,2001,8.4644148954
jpn,2002,8.4892219242
jpn,2003,8.6849307451
jpn,2004,8.6013857383
jpn,2005,8.7763555355
jpn,2006,8.9152995625
jpn,2007,9.1453782608
jpn,2008,9.4023545767
jpn,2009,9.3292284806
jpn,2010,9.1824578980
jpn,2011,9.9076592851
jpn,2012,10.2809904750
jpn,2013,10.4126855863
jpn,2014,10.7576679879
jpn,2015,11.0492484849
jor,1990,6.8333272154
jor,1991,6.7317288834
jor,1992,7.1105533581
jor,1993,7.5105873584
jor,1994,7.3547580245
jor,1995,7.3302337556
jor,1996,7.2935353873
jor,1997,7.3754682652
jor,1998,7.3460032742
jor,1999,7.6202015579
jor,2000,7.5880366324
jor,2001,8.0682218289
jor,2002,8.1256013310
jor,2003,8.2780923815
jor,2004,7.4772408655
jor,2005,7.5313166222
jor,2006,7.9303264405
jor,2007,8.1558036538
jor,2008,8.9188639051
jor,2009,8.9166300400
jor,2010,9.5782891497
jor,2011,9.8780015895
jor,2012,9.1272622270
jor,2013,9.5341567414
jor,2014,9.2859400425
kaz,1990,2.9047214092
kaz,1991,2.5335430565
kaz,1992,2.2806633025
kaz,1993,2.4880503904
kaz,1994,2.4545275161
kaz,1995,2.5075010641
kaz,1996,2.9029196623
kaz,1997,3.3901657015
kaz,1998,3.3390505658
kaz,1999,3.7552873319
kaz,2000,4.1513241333
kaz,2001,4.8672913529
kaz,2002,4.6452308059
kaz,2003,4.6806626654
kaz,2004,4.3536187639
kaz,2005,4.7676229635
kaz,2006,4.3713594034
kaz,2007,4.4248533138
kaz,2008,4.3238696685
kaz,2009,4.8160513546
kaz,2010,4.7455174833
kaz,2011,4.5552875950
kaz,2012,4.9980897411
kaz,2013,4.7993282189
kaz,2014,5.3188854539
ken,1990,5.2007082091
ken,1991,5.1782920550
ken,1992,5.0051879173
ken,1993,4.9006332572
ken,1994,4.9748712609
ken,1995,4.9571887769
ken,1996,4.9807803635
ken,1997,4.9455212294
ken,1998,4.9242235390
ken,1999,4.9295783272
ken,2000,4.7900326979
ken,2001,4.9043245601
ken,2002,4.8663879774
ken,2003,4.9016805588
ken,2004,4.9003441064
ken,2005,5.0100275545
ken,2006,5.1161486349
ken,2007,5.3499697153
ken,2008,5.1798776792
ken,2009,5.0532044596
ken,2010,5.2451562714
ken,2011,5.4522303000
ken,2012,5.6321406045
ken,2013,5.6380378877
ken,2014,5.3624738961
kir,1990,19.9656349268
kir,2004,21.7301297856
kir,2005,22.8061257646
kir,2006,17.9564486087
kir,2007,16.6835277079
kor,1990,5.3672246446
kor,1991,5.5104310216
kor,1992,5.2700205208
kor,1993,5.0196548201
kor,1994,5.1623369160
kor,1995,5.1606648943
kor,1996,5.1103540421
kor,1997,4.9720335375
kor,1998,5.1476806797
kor,1999,5.1813612475
kor,2000,5.1857318341
kor,2001,5.3381008374
kor,2002,5.5142833421
kor,2003,5.5626401233
kor,2004,5.6790726474
kor,2005,5.8468247482
kor,2006,6.0502818224
kor,2007,6.1366438333
kor,2008,6.1748905904
kor,2009,6.1600604183
kor,2010,6.0156928983
kor,2011,5.9863864733
kor,2012,6.0544491943
kor,2013,6.2214706861
kor,2014,6.3195209808
kor,2015,6.3135891828
xkx,2000,5.0877483751
xkx,2001,5.2472281399
xkx,2002,5.2327748153
xkx,2003,5.2675532146
xkx,2004,5.3749592820
xkx,2005,5.8720103633
xkx,2006,6.0725839885
xkx,2007,6.2650649067
xkx,2008,5.9356269590
xkx,2009,5.5820045726
xkx,2010,5.6266251707
xkx,2011,5.8203199100
xkx,2012,6.3932717993
xkx,2013,6.6420544757
xkx,2014,7.1692156762
kwt,1992,9.7073992248
kwt,1993,9.3306319467
kwt,1994,8.6247039393
kwt,1995,8.8216957581
kwt,1996,9.0244194249
kwt,1997,9.1547815459
kwt,1998,8.3062950424
kwt,1999,7.6010622975
kwt,2000,7.6608825076
kwt,2001,7.2304311221
kwt,2002,7.2418580688
kwt,2003,7.9693924608
kwt,2004,8.2725288604
kwt,2005,8.0966981842
kwt,2006,8.9154183130
kwt,2007,9.2331490511
kwt,2008,8.6551352356
kwt,2009,7.3522181397
kwt,2010,7.0288735324
kwt,2011,7.6333358194
kwt,2012,7.0863151486
kwt,2013,7.6310710779
kwt,2014,7.9082046836
kgz,1990,2.0381500188
kgz,1991,2.0714880935
kgz,1992,2.4315025446
kgz,1993,2.6446250162
kgz,1994,2.9273565245
kgz,1995,3.2447822090
kgz,1996,3.0045586500
kgz,1997,3.5112403038
kgz,1998,3.3680823252
kgz,1999,3.9953227256
kgz,2000,4.3823323776
kgz,2001,4.9653289022
kgz,2002,4.4182391403
kgz,2003,4.4418860014
kgz,2004,4.8230895762
kgz,2005,4.7541878042
kgz,2006,4.9803982892
kgz,2007,4.6363210319
kgz,2008,4.6989671976
kgz,2009,5.2947780010
kgz,2010,5.5206928355
kgz,2011,4.8653590021
kgz,2012,3.8927510895
kgz,2013,4.5204434661
kgz,2014,4.8918124016
lva,1995,4.4787596550
lva,1996,4.6605383306
lva,1997,5.1821314904
lva,1998,5.6504841756
lva,1999,6.3105490763
lva,2000,6.9048065540
lva,2001,6.8509152847
lva,2002,7.4060383211
lva,2003,7.5648391254
lva,2004,7.9847383630
lva,2005,8.6633920252
lva,2006,9.3608936713
lva,2007,10.0646548057
lva,2008,10.1522417873
lva,2009,9.0520037827
lva,2010,8.4946003833
lva,2011,9.5679010290
lva,2012,9.5955254539
lva,2013,10.0009745707
lva,2014,10.1855073577
lbn,1990,10.8703661948
lbn,1991,12.1377935097
lbn,1992,12.5170686457
lbn,1993,9.3496384895
lbn,1994,9.2163292130
lbn,1995,8.5645722819
lbn,1996,8.5390296734
lbn,1997,7.3886430051
lbn,1998,7.7894771879
lbn,1999,7.4113394093
lbn,2000,8.2626014968
lbn,2001,8.0057596631
lbn,2002,8.3323851409
lbn,2003,8.5917762120
lbn,2004,9.0060627336
lbn,2005,9.7011969143
lbn,2006,10.3619025337
lbn,2007,12.8569207538
lbn,2008,11.0504339902
lbn,2009,9.9340517473
lbn,2010,11.1867100279
lbn,2011,11.3462899970
lbn,2012,10.3230974664
lbn,2013,10.7446156898
lbn,2014,10.3422510389
lso,2004,131.8481319523
lso,2005,115.7487335836
lso,2006,209.5413416417
lso,2007,219.6683978267
lby,1999,7.5076425141
lby,2000,7.4178001456
lby,2001,7.0727270189
lby,2002,6.7355853256
lby,2003,7.3986180826
lby,2004,7.5180198909
lby,2005,8.4885815798
lby,2006,8.9416658505
lby,2007,10.2273870411
lby,2008,9.8570593300
lby,2009,9.0189363893
lby,2010,8.7948749444
lby,2011,5.0648639584
lby,2012,8.9682473340
lby,2013,6.8837889584
lby,2014,5.6844041652
ltu,1995,3.8970819881
ltu,1996,3.7985442162
ltu,1997,4.3432052591
ltu,1998,4.4462953077
ltu,1999,5.1591167762
ltu,2000,5.9824524783
ltu,2001,5.4902063945
ltu,2002,5.4734358547
ltu,2003,5.7958967920
ltu,2004,6.0880948201
ltu,2005,6.9576113703
ltu,2006,7.5840264700
ltu,2007,7.7647217553
ltu,2008,7.9194891309
ltu,2009,7.3265001712
ltu,2010,9.2587235862
ltu,2011,9.4733740896
ltu,2012,9.7405287602
ltu,2013,10.6693689926
ltu,2014,10.9992388640
lux,1990,6.4928261052
lux,1991,6.6035303867
lux,1992,6.7003998939
lux,1993,6.8851495784
lux,1994,7.4061350384
lux,1995,8.4820312450
lux,1996,8.4771859542
lux,1997,9.2094569373
lux,1998,10.1135165083
lux,1999,10.5260323925
lux,2000,10.6410773069
lux,2001,10.3680997927
lux,2002,10.3638687171
lux,2003,9.9858834735
lux,2004,9.2900563205
lux,2005,9.3978219719
lux,2006,10.0020562420
lux,2007,11.1540172420
lux,2008,11.0192488933
lux,2009,11.2049581791
lux,2010,11.0142905546
lux,2011,11.4201091955
lux,2012,11.5906441824
lux,2013,12.3980403536
lux,2014,13.6501790025
lux,2015,14.3681681561
mkd,1990,7.7628560920
mkd,1991,7.4330020802
mkd,1992,6.2418044614
mkd,1993,5.6256134212
mkd,1994,6.1957040090
mkd,1995,6.0624152768
mkd,1996,5.1900952487
mkd,1997,5.7895619732
mkd,1998,5.5660091530
mkd,1999,6.1910729690
mkd,2000,6.5754849980
mkd,2001,6.5990443740
mkd,2002,6.8283759937
mkd,2003,6.3236962369
mkd,2004,6.7235226370
mkd,2005,6.9046468774
mkd,2006,6.9332980249
mkd,2007,7.1555065512
mkd,2008,7.5588109744
mkd,2009,8.0808616397
mkd,2010,8.1661918601
mkd,2011,7.7096860926
mkd,2012,8.0891921022
mkd,2013,9.1295416679
mkd,2014,9.7409417485
mys,1990,8.7175205405
mys,1991,7.7401616764
mys,1992,7.6439543062
mys,1993,7.7683767871
mys,1994,8.5277859555
mys,1995,8.6566265413
mys,1996,8.6055896650
mys,1997,7.9355353132
mys,1998,7.7337109237
mys,1999,8.1030949068
mys,2000,7.7350319780
mys,2001,7.4710127989
mys,2002,7.6174191210
mys,2003,7.5213806830
mys,2004,7.4682978757
mys,2005,7.2521199518
mys,2006,7.6153493284
mys,2007,7.3924382822
mys,2008,7.4135093151
mys,2009,7.6842220963
mys,2010,8.0861168617
mys,2011,8.1653552365
mys,2012,8.4636948869
mys,2013,7.8571807197
mys,2014,8.1530908675
mdv,2004,13.6151592594
mdv,2005,13.1417974728
mdv,2006,12.9479039577
mdv,2007,13.4335992241
mlt,1990,8.2464001513
mlt,1991,9.0611997155
mlt,1992,9.5938251504
mlt,1993,7.8345259948
mlt,1994,9.1280790346
mlt,1995,10.5488565402
mlt,1996,11.1269012817
mlt,1997,10.4270622963
mlt,1998,12.4370369035
mlt,1999,11.9437911238
mlt,2000,14.2194559662
mlt,2001,12.2859814286
mlt,2002,13.5717669801
mlt,2003,12.3601874258
mlt,2004,12.3612172070
mlt,2005,12.0778768067
mlt,2006,13.0018775089
mlt,2007,12.8429349104
mlt,2008,13.9160085538
mlt,2009,14.5872950712
mlt,2010,14.0956003229
mlt,2011,14.3571408508
mlt,2012,13.9360002366
mlt,2013,16.6647974142
mlt,2014,17.8760092232
mhl,2004,5.6436764734
mhl,2005,5.8082152714
mhl,2006,5.6952733595
mhl,2007,5.5343732833
mus,1990,11.7366298664
mus,1991,12.0292791964
mus,1992,12.1960632841
mus,1993,12.2720273301
mus,1994,13.0085311984
mus,1995,12.6902189329
mus,1996,13.1641974083
mus,1997,13.5404621818
mus,1998,13.4950127632
mus,1999,13.2327967619
mus,2000,13.0132352077
mus,2001,12.7123057350
mus,2002,13.0914564393
mus,2003,12.9407886196
mus,2004,13.4400818944
mus,2005,13.1557817319
mus,2006,13.3543805569
mus,2007,14.0400472921
mus,2008,14.4616592775
mus,2009,15.3142450630
mus,2010,15.1296990435
mus,2011,15.7205652684
mus,2012,16.0082759353
mus,2013,16.1034190051
mus,2014,16.4256843609
mex,1990,9.0205175503
mex,1991,8.9547290395
mex,1992,9.2029111883
mex,1993,9.4183182712
mex,1994,9.6661502544
mex,1995,9.3571188137
mex,1996,9.7754072995
mex,1997,9.9256741356
mex,1998,10.1550195059
mex,1999,10.1418961477
mex,2000,10.6353543999
mex,2001,10.2309630343
mex,2002,10.1767821765
mex,2003,9.7446542850
mex,2004,10.0175977438
mex,2005,9.5893724535
mex,2006,9.7971557039
mex,2007,10.0875187006
mex,2008,10.3077254188
mex,2009,9.7505685451
mex,2010,10.5501994157
mex,2011,10.4092681064
mex,2012,10.3331000703
mex,2013,10.4517656859
mex,2014,10.9846330098
mex,2015,11.3833343507
mda,1995,2.0294741923
mda,1996,2.2225873009
mda,1997,2.3667376217
mda,1998,2.3960573546
mda,1999,2.6554002887
mda,2000,2.9302082970
mda,2001,2.9366685636
mda,2002,3.1211933050
mda,2003,3.0653153686
mda,2004,3.2758701444
mda,2005,3.4003101427
mda,2006,3.6118669504
mda,2007,3.8233899976
mda,2008,4.1369038113
mda,2009,4.0940874580
mda,2010,3.9719284403
mda,2011,4.3099059570
mda,2012,4.3255225272
mda,2013,5.2649687089
mda,2014,5.1304561820
mng,1990,3.2826646246
mng,1991,2.6773995064
mng,1992,2.7756654359
mng,1993,2.8736640466
mng,1994,3.3940208724
mng,1995,3.6190342218
mng,1996,4.3926373726
mng,1997,4.6594283751
mng,1998,4.7769185025
mng,1999,4.9168977695
mng,2000,4.6566697201
mng,2001,4.7581192941
mng,2002,4.6539728583
mng,2003,5.0987555150
mng,2004,5.4776444225
mng,2005,5.1001772179
mng,2006,4.8663376055
mng,2007,5.1214139213
mng,2008,5.5561188902
mng,2009,5.2802990323
mng,2010,5.3040457908
mng,2011,5.6859499674
mng,2012,5.7720421622
mng,2013,5.8481187975
mng,2014,6.1736501674
mne,2005,6.7362074616
mne,2006,6.6645029744
mne,2007,7.0553614596
mne,2008,7.0403482311
mne,2009,8.3131859579
mne,2010,7.3932835544
mne,2011,7.9714870504
mne,2012,8.2173497663
mne,2013,9.2073379503
mne,2014,9.6190474678
mar,1990,12.8867342564
mar,1991,13.1477663313
mar,1992,12.1520516524
mar,1993,11.6231059077
mar,1994,12.0023601109
mar,1995,11.4592813538
mar,1996,12.2526032531
mar,1997,11.7010494502
mar,1998,12.3119302702
mar,1999,11.7052816097
mar,2000,11.8673465273
mar,2001,12.0142542503
mar,2002,12.1889812144
mar,2003,12.9726217311
mar,2004,11.4591576555
mar,2005,11.1821450661
mar,2006,11.8289067355
mar,2007,11.8740511367
mar,2008,12.1130002037
mar,2009,12.5366564601
mar,2010,12.4068933347
mar,2011,12.1184611486
mar,2012,12.3093420064
mar,2013,12.8131793540
mar,2014,12.9905236342
moz,1990,0.8467855093
moz,1991,0.8924413409
moz,1992,0.8351094952
moz,1993,0.8908756521
moz,1994,0.9358886196
moz,1995,0.9364606262
moz,1996,1.1661024742
moz,1997,1.2551919162
moz,1998,1.3902429443
moz,1999,1.4700126508
moz,2000,1.4146801038
moz,2001,1.5156166908
moz,2002,1.6276454402
moz,2003,1.6437303137
moz,2004,1.7060719358
moz,2005,1.8299255190
moz,2006,1.9518978418
moz,2007,2.0104804557
moz,2008,2.1078466105
moz,2009,2.1619028295
moz,2010,2.2318464086
moz,2011,2.2982865199
moz,2012,2.4184892021
moz,2013,2.5018242378
moz,2014,2.5253227298
mmr,1990,2.8263844570
mmr,1991,2.8555766518
mmr,1992,3.0372117694
mmr,1993,3.2466813208
mmr,1994,3.2826424943
mmr,1995,3.3942906527
mmr,1996,3.6060950792
mmr,1997,3.7314908211
mmr,1998,3.8460584153
mmr,1999,4.2521937553
mmr,2000,4.6893038504
mmr,2001,5.3429635923
mmr,2002,5.7899187041
mmr,2003,6.0772350546
mmr,2004,6.5416001147
mmr,2005,7.4041196445
mmr,2006,8.2554013838
mmr,2007,8.9106773284
mmr,2008,10.1910466765
mmr,2009,11.8916431227
mmr,2010,13.3114045436
mmr,2011,13.7584512963
mmr,2012,13.5103422128
mmr,2013,13.8064135001
mmr,2014,12.8271333291
nam,1991,12.5998491076
nam,1992,12.6901054635
nam,1993,11.6018375017
nam,1994,10.9521390660
nam,1995,10.3910232143
nam,1996,9.9812334096
nam,1997,10.1761732973
nam,1998,10.0737159898
nam,1999,10.4488887667
nam,2000,11.3728751842
nam,2001,9.7051053792
nam,2002,10.9854682378
nam,2003,10.9877208983
nam,2004,11.7653258864
nam,2005,11.1293906737
nam,2006,11.8954863219
nam,2007,12.3239585165
nam,2008,11.8782396273
nam,2009,11.7024508409
nam,2010,11.9513386778
nam,2011,12.1653225514
nam,2012,12.3338753935
nam,2013,12.3450889592
nam,2014,12.6276364573
npl,1990,3.8797992621
npl,1991,3.9973978642
npl,1992,4.0625686927
npl,1993,4.1104400348
npl,1994,4.2957688626
npl,1995,4.3091054302
npl,1996,4.4321340850
npl,1997,4.5100728526
npl,1998,4.5284723117
npl,1999,4.4816959396
npl,2000,4.5085852115
npl,2001,4.5744192734
npl,2002,4.5296919664
npl,2003,4.5788605594
npl,2004,4.7251739138
npl,2005,4.7293829553
npl,2006,4.8888495080
npl,2007,4.9594616869
npl,2008,5.0843511833
npl,2009,5.1621127369
npl,2010,5.2560474212
npl,2011,5.2518406401
npl,2012,5.7568985032
npl,2013,5.3913918628
npl,2014,5.4907920206
nld,1990,7.3022877910
nld,1991,7.0844469714
nld,1992,7.3117591311
nld,1993,7.3391758916
nld,1994,7.5090526853
nld,1995,7.2719391215
nld,1996,7.1459841586
nld,1997,7.6898355757
nld,1998,7.9773644658
nld,1999,8.5222577298
nld,2000,8.8037800495
nld,2001,8.7380644871
nld,2002,8.6311900525
nld,2003,8.3624955230
nld,2004,8.3932060890
nld,2005,8.7198276540
nld,2006,9.1299205363
nld,2007,9.4782201455
nld,2008,9.7223947802
nld,2009,9.5562881365
nld,2010,9.0590557103
nld,2011,9.9352197660
nld,2012,9.7737532688
nld,2013,9.8238453753
nld,2014,10.5578987695
nld,2015,10.9836717558
nzl,1990,6.1414180272
nzl,1991,5.8933092297
nzl,1992,5.8368383609
nzl,1993,5.9006919234
nzl,1994,5.9945803037
nzl,1995,6.1801348487
nzl,1996,6.1693441984
nzl,1997,6.0842819924
nzl,1998,6.2352167934
nzl,1999,6.3049752667
nzl,2000,6.2345490340
nzl,2001,6.4662924628
nzl,2002,6.7846467359
nzl,2003,7.1856640753
nzl,2004,7.2386205383
nzl,2005,7.6558584814
nzl,2006,7.8493618760
nzl,2007,8.0546603330
nzl,2008,7.8087880844
nzl,2009,7.8975917910
nzl,2010,7.6020110121
nzl,2011,7.8368054720
nzl,2012,7.6573489096
nzl,2013,7.7476446180
nzl,2014,7.5561722650
nzl,2015,7.9442083474
nic,1990,6.1652677693
nic,1991,5.7988061292
nic,1992,5.6480914908
nic,1993,5.7173843241
nic,1994,5.8460023678
nic,1995,6.0189311275
nic,1996,6.2851995796
nic,1997,6.2434279991
nic,1998,6.4393796346
nic,1999,6.7950509776
nic,2000,6.9032754471
nic,2001,7.0461943543
nic,2002,6.8497805032
nic,2003,6.8615487391
nic,2004,6.9104279667
nic,2005,7.0912976894
nic,2006,7.4304818474
nic,2007,7.6800561798
nic,2008,7.8561922718
nic,2009,7.5531493620
nic,2010,7.8195090992
nic,2011,8.0354325766
nic,2012,7.9625920810
nic,2013,7.8034918904
nic,2014,7.8567726007
ner,2000,5.8222537096
ner,2001,6.0566401429
ner,2002,6.0085214360
ner,2003,6.0584787365
ner,2004,5.7994337035
ner,2005,5.9960087655
ner,2006,6.1858516752
ner,2007,6.0984359950
ner,2008,6.3828881819
ner,2009,5.9777846906
ner,2010,6.0014835045
ner,2011,7.0674059802
ner,2012,6.7218846501
ner,2013,5.6164139119
ner,2014,6.0003449209
nga,1990,4.3625127918
nga,1991,4.1372404051
nga,1992,3.9971706648
nga,1993,4.0161943243
nga,1994,4.1546139252
nga,1995,4.0307696606
nga,1996,4.0595669485
nga,1997,4.0366003496
nga,1998,4.1179896651
nga,1999,3.9945274864
nga,2000,4.0500133869
nga,2001,4.0275636267
nga,2002,4.0502554524
nga,2003,4.2292548292
nga,2004,5.5003734785
nga,2005,5.4742800622
nga,2006,5.8751090784
nga,2007,6.0624770547
nga,2008,6.2568817482
nga,2009,6.7986667334
nga,2010,6.8124771462
nga,2011,6.7556835428
nga,2012,6.6885016050
nga,2013,7.0257709837
nga,2014,7.4298725917
nor,1990,8.6198273226
nor,1991,8.6040543102
nor,1992,8.7666515754
nor,1993,8.4701409614
nor,1994,9.0881571570
nor,1995,9.2836258861
nor,1996,10.0542514456
nor,1997,10.0031161649
nor,1998,9.8284463587
nor,1999,9.5730884587
nor,2000,9.9629750183
nor,2001,9.9019114102
nor,2002,10.8127781895
nor,2003,10.0583644902
nor,2004,10.6902596979
nor,2005,10.8336843167
nor,2006,10.9455927246
nor,2007,11.1021573925
nor,2008,9.5644841315
nor,2009,9.6695155294
nor,2010,8.9912177817
nor,2011,10.9997081599
nor,2012,10.6674409535
nor,2013,9.8030519152
nor,2014,11.3336721134
nor,2015,11.0059159876
omn,1990,15.0505381483
omn,1991,11.5343729120
omn,1992,13.3810015663
omn,1993,13.0518076994
omn,1994,13.3193423919
omn,1995,13.8445199643
omn,1996,13.8779869850
omn,1997,13.6819613994
omn,1998,13.9442641155
omn,1999,13.4373350460
omn,2000,13.1741839074
omn,2001,13.5697076204
omn,2002,12.7631915810
omn,2003,11.6595523487
omn,2004,11.5336951402
omn,2005,10.5107455710
omn,2006,7.1097298943
omn,2007,6.4749433693
omn,2008,7.9207514391
omn,2009,8.3181473382
omn,2010,7.3663841019
omn,2011,6.1941997444
omn,2012,6.2975605242
omn,2013,6.3681992886
omn,2014,6.5722507113
pak,1990,7.6679501267
pak,1991,7.8564404309
pak,1992,7.9442541300
pak,1993,7.6930076324
pak,1994,7.6655779693
pak,1995,7.7035856827
pak,1996,7.6746994223
pak,1997,7.5517672655
pak,1998,7.5802850945
pak,1999,7.4419572747
pak,2000,7.5570577198
pak,2001,7.5831632560
pak,2002,7.7407112307
pak,2003,7.7635209277
pak,2004,7.7752582506
pak,2005,8.0733496004
pak,2006,8.2286038353
pak,2007,8.1875345464
pak,2008,8.4690011396
pak,2009,8.5798043257
pak,2010,8.5933909833
pak,2011,8.7636416267
pak,2012,8.9672545900
pak,2013,9.1397294237
pak,2014,9.4463250773
pan,1990,13.0190685274
pan,1991,13.1408658054
pan,1992,12.4731712928
pan,1993,12.9666657568
pan,1994,12.6644289141
pan,1995,12.7002432289
pan,1996,12.3663263577
pan,1997,12.6655564247
pan,1998,11.7233293703
pan,1999,12.3595632452
pan,2000,12.5328273448
pan,2001,11.1183421344
pan,2002,12.5092930132
pan,2003,13.0205411561
pan,2004,14.1931557135
pan,2005,13.6421045542
pan,2006,13.8726736894
pan,2007,15.8713332547
pan,2008,17.3914497124
pan,2009,15.9540425969
pan,2010,15.7780436105
pan,2011,16.1858387414
pan,2012,17.2097550386
pan,2013,18.7269044567
pan,2014,18.5501205317
pry,1990,8.2779934589
pry,1991,8.2986085202
pry,1992,8.4741672769
pry,1993,8.5641643710
pry,1994,8.2523443399
pry,1995,8.0511331737
pry,1996,7.9914358763
pry,1997,7.6613978745
pry,1998,7.7669154918
pry,1999,8.0284689345
pry,2000,8.3781347227
pry,2001,8.1632560391
pry,2002,8.2321572817
pry,2003,8.4152983039
pry,2004,8.6741574964
pry,2005,8.9574733619
pry,2006,9.1104994398
pry,2007,9.2669453795
pry,2008,9.4045009285
pry,2009,8.9149344790
pry,2010,9.4152925541
pry,2011,9.6871335793
pry,2012,9.3350508342
pry,2013,10.7667864741
pry,2014,10.7793272528
per,1990,11.9123684447
per,1991,12.4132248736
per,1992,12.6947761354
per,1993,12.5151620933
per,1994,13.5684169544
per,1995,13.6422063221
per,1996,13.6163067731
per,1997,14.9777891288
per,1998,14.1835418133
per,1999,13.5124929591
per,2000,13.9167824210
per,2001,14.5092280598
per,2002,15.1996475200
per,2003,16.1530560603
per,2004,15.3251587337
per,2005,15.3692068167
per,2006,17.0204843209
per,2007,17.0703886067
per,2008,17.7610531666
per,2009,17.1277709950
per,2010,15.6674876485
per,2011,16.3665383846
per,2012,16.1422103510
per,2013,17.1514009748
per,2014,15.0423238095
phl,1990,8.6530652458
phl,1991,8.6154283712
phl,1992,8.2683834677
phl,1993,8.4496865555
phl,1994,8.2310466498
phl,1995,8.2246061331
phl,1996,8.4176942924
phl,1997,8.4131830311
phl,1998,8.1308155085
phl,1999,8.1650469583
phl,2000,8.2381803180
phl,2001,8.8526766524
phl,2002,9.0517046690
phl,2003,9.4773945522
phl,2004,10.1445780511
phl,2005,10.6116805013
phl,2006,11.2503481664
phl,2007,11.9707083143
phl,2008,12.0144892295
phl,2009,12.7629808140
phl,2010,12.9853924317
phl,2011,13.3713936248
phl,2012,13.4116081951
phl,2013,13.8653484970
phl,2014,13.8288060937
pol,1990,3.7982481224
pol,1991,3.6053291653
pol,1992,3.7877372655
pol,1993,3.8365113541
pol,1994,4.2385306918
pol,1995,4.3841477949
pol,1996,4.4683250448
pol,1997,4.8203545916
pol,1998,5.4166125884
pol,1999,5.8178750004
pol,2000,6.3491767877
pol,2001,6.3859643081
pol,2002,6.5820210721
pol,2003,6.6464758353
pol,2004,6.9682880557
pol,2005,7.1219434448
pol,2006,7.2005305886
pol,2007,7.7404575935
pol,2008,7.9507540129
pol,2009,8.4948702411
pol,2010,8.2457100173
pol,2011,8.6118215708
pol,2012,9.0463428922
pol,2013,9.1810295294
pol,2014,9.8435376002
pol,2015,10.1597900297
prt,1990,11.9972511585
prt,1991,12.3855015972
prt,1992,11.7663725144
prt,1993,11.6886469684
prt,1994,11.5041085460
prt,1995,10.8493136020
prt,1996,11.3395916886
prt,1997,11.2418886048
prt,1998,10.9018813501
prt,1999,10.5532081899
prt,2000,10.8780022214
prt,2001,11.0062595617
prt,2002,10.6462456648
prt,2003,10.8430602255
prt,2004,10.7349141603
prt,2005,10.5570597684
prt,2006,11.2778139900
prt,2007,11.4780776699
prt,2008,11.8045234721
prt,2009,11.6071564085
prt,2010,12.2550601958
prt,2011,12.3754326533
prt,2012,12.6560565370
prt,2013,12.4666389896
prt,2014,12.7911213088
prt,2015,12.4820843474
qat,2000,5.8749875555
qat,2001,5.5236451249
qat,2002,5.2338330919
qat,2003,5.2435901681
qat,2004,5.3015125297
qat,2005,5.6984845625
qat,2006,6.1159580252
qat,2007,6.3862463924
qat,2008,7.3129632227
qat,2009,7.6844873633
qat,2010,8.0570849256
qat,2011,8.0689342802
qat,2012,6.9397860490
qat,2013,6.8410135712
qat,2014,6.5109215259
rou,1990,4.2570661114
rou,1991,4.4957648636
rou,1992,4.4993886501
rou,1993,4.6868282001
rou,1994,5.1643778580
rou,1995,5.1089353992
rou,1996,5.1811198108
rou,1997,5.2434972815
rou,1998,5.6145502528
rou,1999,6.3284957213
rou,2000,6.4867442749
rou,2001,6.7389584213
rou,2002,6.8433643458
rou,2003,6.9674239760
rou,2004,7.7142614777
rou,2005,8.0552144410
rou,2006,8.4109983720
rou,2007,9.0284039926
rou,2008,9.8102455326
rou,2009,10.4840044635
rou,2010,10.1458923368
rou,2011,10.1276359259
rou,2012,10.5080029520
rou,2013,11.9166649212
rou,2014,12.3628322409
rus,1990,3.4812246110
rus,1991,3.3361300785
rus,1992,3.1217890522
rus,1993,3.0199463154
rus,1994,3.0190594437
rus,1995,2.9863217933
rus,1996,2.9088216454
rus,1997,3.0872215652
rus,1998,2.9933041889
rus,1999,3.0748428594
rus,2000,3.3262072475
rus,2001,3.4579569309
rus,2002,3.6388516005
rus,2003,3.7699057668
rus,2004,4.0275019826
rus,2005,4.2559540711
rus,2006,4.4727868943
rus,2007,4.8407043598
rus,2008,4.9772686884
rus,2009,4.8820244734
rus,2010,4.7950999364
rus,2011,4.8144153667
rus,2012,4.8686593050
rus,2013,5.0310996123
rus,2014,5.1961324513
wsm,1990,13.7458477632
wsm,2004,16.4578607599
wsm,2005,16.8411948208
wsm,2006,17.1727656003
wsm,2007,17.9437356699
stp,2004,8.5184603767
stp,2005,8.0619566338
stp,2006,8.5969275574
stp,2007,8.8766376147
sau,1990,11.9506133622
sau,1991,11.8070112361
sau,1992,10.7766385694
sau,1993,10.2393897087
sau,1994,9.7856403132
sau,1995,9.7509618076
sau,1996,9.3496172872
sau,1997,9.9124326177
sau,1998,9.5705671049
sau,1999,9.0470869996
sau,2000,9.1393576273
sau,2001,8.7956928171
sau,2002,7.7177869268
sau,2003,8.4845444419
sau,2004,8.6071016296
sau,2005,8.8832355692
sau,2006,8.2402019792
sau,2007,8.1217324860
sau,2008,7.7352512378
sau,2009,7.1166618693
sau,2010,6.7158015745
sau,2011,7.6926859348
sau,2012,7.2093748670
sau,2013,7.7186390209
sau,2014,7.2014966290
sen,1990,8.2656246306
sen,1991,8.5416205857
sen,1992,8.1354102612
sen,1993,8.2693468371
sen,1994,8.3243732337
sen,1995,8.2822104442
sen,1996,8.2496508917
sen,1997,8.0232114632
sen,1998,8.0465305004
sen,1999,8.1178600179
sen,2000,7.8753099436
sen,2001,7.6199486778
sen,2002,7.5530543644
sen,2003,8.2937101452
sen,2004,8.2052625303
sen,2005,8.4946488913
sen,2006,8.6816364220
sen,2007,8.4914950006
sen,2008,8.4341702384
sen,2009,7.2028211571
sen,2010,7.3628717279
sen,2011,7.0757153011
sen,2012,7.4465742966
sen,2013,8.3539311591
sen,2014,8.1539826312
srb,1995,4.0875957326
srb,1996,3.4837756876
srb,1997,3.5424789631
srb,1998,3.6374947571
srb,1999,4.3785173057
srb,2000,4.3720003348
srb,2001,4.2106180256
srb,2002,4.2475098154
srb,2003,4.2366413689
srb,2004,4.2475077119
srb,2005,5.0477146311
srb,2006,4.9899675343
srb,2007,5.4293582374
srb,2008,5.6401708579
srb,2009,6.0687901637
srb,2010,5.9261079584
srb,2011,5.7958182722
srb,2012,6.3842487153
srb,2013,6.3888206186
srb,2014,7.0521164027
syc,1990,26.2875324181
syc,2004,5.2888900687
syc,2005,6.4732012805
syc,2006,6.6449135085
syc,2007,8.6975139933
sgp,1990,9.0793581840
sgp,1991,8.5457820852
sgp,1992,8.0649531379
sgp,1993,7.3342513306
sgp,1994,6.6970450579
sgp,1995,8.4014182007
sgp,1996,8.6541029945
sgp,1997,8.3473938698
sgp,1998,9.0298832964
sgp,1999,10.5310872270
sgp,2000,11.1563092395
sgp,2001,9.6875604430
sgp,2002,10.1616349282
sgp,2003,8.7763927285
sgp,2004,8.0083831936
sgp,2005,12.2575352172
sgp,2006,12.4204376813
sgp,2007,14.6311089005
sgp,2008,12.9651330642
sgp,2009,14.9602250759
sgp,2010,14.4040940231
sgp,2011,14.8176482428
sgp,2012,15.5737899818
sgp,2013,16.1659934762
sgp,2014,15.7959050435
svk,1992,3.4106342256
svk,1993,3.5410757139
svk,1994,3.8312305054
svk,1995,3.9768894015
svk,1996,4.1746647645
svk,1997,4.4229185987
svk,1998,4.7428614738
svk,1999,4.7067554126
svk,2000,4.7394622584
svk,2001,4.6727357039
svk,2002,4.8477570294
svk,2003,5.1360452300
svk,2004,5.4903961228
svk,2005,5.7129339498
svk,2006,6.2583899422
svk,2007,7.2429788640
svk,2008,7.4528645539
svk,2009,7.7168532999
svk,2010,7.6082724595
svk,2011,8.0383971837
svk,2012,8.5104874057
svk,2013,8.4897289110
svk,2014,9.2706527471
svk,2015,9.4247817654
svn,1995,6.0441812215
svn,1996,6.0030912024
svn,1997,6.0700982552
svn,1998,6.3925100873
svn,1999,6.7483514191
svn,2000,7.0473488106
svn,2001,6.9079951854
svn,2002,7.0734527897
svn,2003,7.1880871620
svn,2004,7.2700901209
svn,2005,7.3934936416
svn,2006,7.7800688672
svn,2007,8.3111302732
svn,2008,8.1159358707
svn,2009,8.1377796381
svn,2010,8.0127946390
svn,2011,8.0731049523
svn,2012,8.1707325628
svn,2013,8.2926351980
svn,2014,8.7810827290
svn,2015,9.1461124499
slb,1990,11.0153581383
slb,2004,12.9144480983
slb,2005,13.6145652846
slb,2006,14.3135363739
slb,2007,14.1611868378
zaf,1990,4.0041450874
zaf,1991,3.7954306144
zaf,1992,3.9824436537
zaf,1993,3.7618328023
zaf,1994,3.7557007649
zaf,1995,3.6716740248
zaf,1996,3.7477820906
zaf,1997,3.7457305159
zaf,1998,3.7898713825
zaf,1999,3.8329150962
zaf,2000,4.0003254956
zaf,2001,3.9957627645
zaf,2002,4.2222066184
zaf,2003,4.0650408811
zaf,2004,3.8927426747
zaf,2005,4.1047854674
zaf,2006,4.3663773877
zaf,2007,4.2962699216
zaf,2008,4.1157997604
zaf,2009,4.1338970635
zaf,2010,4.3254122063
zaf,2011,4.4831431304
zaf,2012,4.6473243091
zaf,2013,4.7479505955
zaf,2014,4.5960453643
ssd,2012,26.0449659918
ssd,2013,32.0300084496
ssd,2014,31.8788190513
esp,1990,10.2519811050
esp,1991,10.1353582795
esp,1992,10.0427630858
esp,1993,10.3627226998
esp,1994,10.0520109461
esp,1995,9.8740701746
esp,1996,10.2896290406
esp,1997,10.0386720853
esp,1998,9.9677521596
esp,1999,9.9338023948
esp,2000,9.9765343324
esp,2001,10.1116525104
esp,2002,10.1018713389
esp,2003,10.0770133660
esp,2004,9.9618403931
esp,2005,10.1193383612
esp,2006,10.5510315851
esp,2007,10.7953730272
esp,2008,11.2888718258
esp,2009,11.8405243042
esp,2010,11.8514580882
esp,2011,11.9226893965
esp,2012,11.5933365162
esp,2013,12.2124298430
esp,2014,12.6571786983
esp,2015,12.5580993245
lka,1990,11.3485722997
lka,1991,11.6938026656
lka,1992,11.8976331282
lka,1993,12.0639092207
lka,1994,13.2663759771
lka,1995,13.5575939640
lka,1996,12.5755382747
lka,1997,12.9118321129
lka,1998,13.2980442313
lka,1999,12.9886516317
lka,2000,12.5008097686
lka,2001,12.7311654683
lka,2002,12.9965655669
lka,2003,13.0006770834
lka,2004,13.5276965247
lka,2005,14.0485120024
lka,2006,14.9894190173
lka,2007,15.7007157169
lka,2008,16.9010967521
lka,2009,17.6317820886
lka,2010,17.6859117826
lka,2011,17.8586322751
lka,2012,18.1118835879
lka,2013,21.0077239505
lka,2014,20.6529088185
kna,1990,27.0821324911
kna,2004,13.0119190116
kna,2005,13.6157855042
kna,2006,13.8625079736
kna,2007,13.1711417225
lca,1990,24.2937079357
lca,2004,15.5121828517
lca,2005,15.0789782028
lca,2006,16.5556291980
lca,2007,15.5432278387
vct,1990,20.3664441302
vct,2004,14.9807177928
vct,2005,15.1242829761
vct,2006,15.5890741976
vct,2007,15.3425213222
sdn,1990,4.2507876596
sdn,1991,4.5788767669
sdn,1992,4.8833642737
sdn,1993,5.2580292758
sdn,1994,4.5818918566
sdn,1995,4.8385600528
sdn,1996,5.0029966176
sdn,1997,5.4146948429
sdn,1998,5.5850741657
sdn,1999,5.1864207268
sdn,2000,5.8347802997
sdn,2001,5.9320899156
sdn,2002,5.8155061658
sdn,2003,6.4450972487
sdn,2004,6.6978354446
sdn,2005,7.0672849291
sdn,2006,7.2416974310
sdn,2007,8.3512846759
sdn,2008,8.8603060761
sdn,2009,8.8431206986
sdn,2010,8.9551886172
sdn,2011,8.8062787892
sdn,2012,10.2968044485
sdn,2013,10.5225124349
sdn,2014,10.5460630716
sur,2000,7.2887045787
sur,2001,7.1166000408
sur,2002,10.6218111167
sur,2003,10.5547460425
sur,2004,10.5247487579
sur,2005,9.6055800257
sur,2006,10.4946185509
sur,2007,11.6590603836
sur,2008,11.4955737634
sur,2009,11.7925165947
sur,2010,10.4236008021
sur,2011,11.3270943027
sur,2012,10.4246533334
sur,2013,12.0905418975
sur,2014,12.1530848321
swz,1990,15.0020324957
swz,2004,17.3343091534
swz,2005,18.6965092335
swz,2006,19.4751656861
swz,2007,19.5215573191
swe,1990,5.6094496351
swe,1991,5.3749556428
swe,1992,5.5581880502
swe,1993,5.4475681609
swe,1994,5.3057212790
swe,1995,5.4500184777
swe,1996,5.4073666828
swe,1997,5.7111153038
swe,1998,5.8484825626
swe,1999,6.2254156819
swe,2000,6.8757221589
swe,2001,6.5719826795
swe,2002,6.5460633052
swe,2003,6.8565799535
swe,2004,6.8848219649
swe,2005,7.2187690226
swe,2006,7.7622364192
swe,2007,8.0501421210
swe,2008,8.0792699375
swe,2009,8.3680713539
swe,2010,7.9114140559
swe,2011,8.2953586343
swe,2012,8.2186791059
swe,2013,8.4475891551
swe,2014,8.8932249540
swe,2015,8.9518317586
che,1990,13.2816526322
che,1991,12.9626128643
che,1992,12.8996739661
che,1993,13.2142483253
che,1994,13.2622581981
che,1995,13.5189036059
che,1996,13.3311496615
che,1997,13.4069236661
che,1998,13.6426105440
che,1999,13.8491314832
che,2000,14.5883179026
che,2001,13.9160947376
che,2002,14.2990622493
che,2003,14.2457844000
che,2004,14.5882876230
che,2005,15.1282011801
che,2006,15.0676178131
che,2007,16.4972524021
che,2008,16.2169222159
che,2009,15.7403490976
che,2010,16.6883733852
che,2011,17.5282616433
che,2012,17.5312441893
che,2013,17.1107036400
che,2014,18.6990884516
che,2015,19.3455194734
tjk,1990,3.6281717618
tjk,1991,3.5281193877
tjk,1992,3.0657635865
tjk,1993,3.2732722436
tjk,1994,3.3588027601
tjk,1995,3.2901223569
tjk,1996,2.8386946706
tjk,1997,2.8967080837
tjk,1998,2.9013893947
tjk,1999,3.0255106076
tjk,2000,3.4134293146
tjk,2001,3.8110135377
tjk,2002,4.2095583008
tjk,2003,4.5849822137
tjk,2004,4.6763294584
tjk,2005,4.9993024320
tjk,2006,5.1879505931
tjk,2007,5.2326955292
tjk,2008,5.9336714252
tjk,2009,7.0878592741
tjk,2010,7.3971073213
tjk,2011,7.9218340983
tjk,2012,7.9187464300
tjk,2013,7.6729082825
tjk,2014,7.5927577628
tza,1990,3.7451157987
tza,1991,3.7459273221
tza,1992,3.7197875690
tza,1993,3.6652408313
tza,1994,3.6569299608
tza,1995,3.6148576420
tza,1996,3.7329497287
tza,1997,3.8276872844
tza,1998,3.7278310216
tza,1999,3.6763946093
tza,2000,3.6546667510
tza,2001,3.6682781977
tza,2002,3.7411964324
tza,2003,3.8468846952
tza,2004,3.9115844270
tza,2005,4.0407452090
tza,2006,4.0821233469
tza,2007,4.2763999950
tza,2008,4.3670442773
tza,2009,4.4763347533
tza,2010,4.5293333497
tza,2011,4.6232695851
tza,2012,4.5802563401
tza,2013,4.7414503096
tza,2014,4.9053945414
tha,1990,8.9715295271
tha,1991,8.9686963887
tha,1992,9.0984104893
tha,1993,9.3339499637
tha,1994,9.1159824299
tha,1995,9.0125690610
tha,1996,8.5157100550
tha,1997,8.1297238017
tha,1998,8.0086838188
tha,1999,7.8445905025
tha,2000,8.0033527353
tha,2001,8.0449752180
tha,2002,7.7224124448
tha,2003,7.6412298617
tha,2004,7.5158847161
tha,2005,7.6162806579
tha,2006,7.8401774928
tha,2007,7.9302266819
tha,2008,7.8531275330
tha,2009,7.8278614026
tha,2010,7.6919132145
tha,2011,7.7657027450
tha,2012,7.7674983033
tha,2013,7.4167517789
tha,2014,7.5431300948
tls,2004,81.9719793166
tls,2005,111.3832551666
tls,2006,155.1269600829
tls,2007,157.8114451411
tgo,1990,4.0474286029
tgo,1991,3.9240683912
tgo,1992,3.7223494417
tgo,1993,3.1455578775
tgo,1994,3.1982011090
tgo,1995,3.2769825394
tgo,1996,3.1808449578
tgo,1997,3.6914310230
tgo,1998,3.3740335499
tgo,1999,3.0243569198
tgo,2000,3.0070604057
tgo,2001,2.9651498771
tgo,2002,2.8370119806
tgo,2003,2.8195589896
tgo,2004,2.8492821638
tgo,2005,2.8285475167
tgo,2006,2.9493398217
tgo,2007,2.9061348368
tgo,2008,2.8494749803
tgo,2009,2.4250284707
tgo,2010,2.5222445886
tgo,2011,2.6302711329
tgo,2012,2.7660543360
tgo,2013,2.8006079639
tgo,2014,2.8802596017
ton,1990,13.4183401442
ton,2004,8.6325040622
ton,2005,8.7690848116
ton,2006,8.6978603655
ton,2007,8.1918110272
tto,1990,2.5011015328
tto,1991,2.5840188021
tto,1992,2.3118192030
tto,1993,2.3805089010
tto,1994,2.4511325313
tto,1995,2.6268798062
tto,1996,2.3797011905
tto,1997,2.7143499174
tto,1998,2.5276119057
tto,1999,2.3384883384
tto,2000,2.3614099064
tto,2001,2.2026831731
tto,2002,2.1849213622
tto,2003,2.2358085157
tto,2004,2.2992095733
tto,2005,2.1268727028
tto,2006,2.1579765350
tto,2007,2.1253774554
tto,2008,2.2632707419
tto,2009,2.1406381448
tto,2010,2.0689998665
tto,2011,2.0966772697
tto,2012,2.1785137166
tto,2013,2.1603081962
tto,2014,2.1583970365
tun,1990,9.3445084502
tun,1991,9.8042197542
tun,1992,9.5047464864
tun,1993,9.9789171176
tun,1994,9.5264634522
tun,1995,9.6273920435
tun,1996,9.8686398327
tun,1997,10.0886811214
tun,1998,9.6990382616
tun,1999,9.9514146703
tun,2000,10.0550145700
tun,2001,9.8882766659
tun,2002,9.8876091662
tun,2003,10.0766541089
tun,2004,10.1545689438
tun,2005,10.6960582841
tun,2006,10.6944996262
tun,2007,11.0496131731
tun,2008,11.0436623010
tun,2009,11.7141428116
tun,2010,10.7999528361
tun,2011,11.0983621893
tun,2012,11.0568025170
tun,2013,11.1906120123
tun,2014,11.4104995388
tur,1990,11.6606270842
tur,1991,11.9122498161
tur,1992,12.1268555391
tur,1993,12.3062687001
tur,1994,11.8731694883
tur,1995,11.6939349288
tur,1996,11.5525346213
tur,1997,11.8124818118
tur,1998,11.8593932190
tur,1999,11.6681506693
tur,2000,11.5412513876
tur,2001,11.7367800314
tur,2002,11.8207725778
tur,2003,11.8978396383
tur,2004,12.5851615741
tur,2005,13.1512053343
tur,2006,12.7342317322
tur,2007,12.4588812249
tur,2008,12.7283092640
tur,2009,12.2436404567
tur,2010,12.1784961084
tur,2011,12.7155913082
tur,2012,12.7930019631
tur,2013,14.0318874820
tur,2014,14.1979231877
tur,2015,14.1166306458
tkm,1990,1.7490280697
tkm,1991,1.9228471587
tkm,1992,2.3937244262
tkm,1993,2.4035989099
tkm,1994,1.5680434510
tkm,1995,1.4140199373
tkm,1996,1.7270035327
tkm,1997,1.5281636402
tkm,1998,1.5648790631
tkm,1999,1.5397515341
tkm,2000,1.6186527440
tkm,2001,1.6575323066
tkm,2002,1.5926959158
tkm,2003,1.4752016357
tkm,2004,1.4836175028
tkm,2005,1.6105706997
tkm,2006,1.7450294849
tkm,2007,1.7007882151
tkm,2008,1.9280038279
tkm,2009,2.3295247410
tkm,2010,2.2296197480
tkm,2011,2.3507197716
tkm,2012,2.5238949434
tkm,2013,2.7105061440
tkm,2014,2.9288653078
ukr,1990,2.1545917802
ukr,1991,1.9709173104
ukr,1992,2.0456647522
ukr,1993,1.9799209775
ukr,1994,1.7907921807
ukr,1995,1.5922341180
ukr,1996,1.5641840578
ukr,1997,1.5857056017
ukr,1998,1.6449836119
ukr,1999,1.6494105942
ukr,2000,1.7632732208
ukr,2001,1.9211569690
ukr,2002,1.9986209339
ukr,2003,2.0498464748
ukr,2004,2.3105158232
ukr,2005,2.3890248012
ukr,2006,2.6668830016
ukr,2007,2.8359351970
ukr,2008,3.0026466084
ukr,2009,3.0073313462
ukr,2010,2.7102574153
ukr,2011,2.9910054407
ukr,2012,3.0971313008
ukr,2013,3.2661709729
ukr,2014,3.3541541337
are,1990,10.0579184405
are,1991,8.8211619680
are,1992,9.5773745287
are,1993,9.2211139028
are,1994,8.8959903821
are,1995,8.9317989746
are,1996,8.9501720372
are,1997,9.1666526700
are,1998,8.9900958378
are,1999,9.0597116964
are,2000,10.2723023972
are,2001,8.1671314491
are,2002,8.4344166532
are,2003,9.3274795126
are,2004,9.5795630690
are,2005,9.4475372470
are,2006,9.9950860085
are,2007,9.5025070150
are,2008,8.2884861605
are,2009,7.7708287306
are,2010,7.6730852657
are,2011,7.8674066976
are,2012,7.7329494254
are,2013,7.9427112307
are,2014,8.2303068430
gbr,1990,7.4582867007
gbr,1991,7.1345071402
gbr,1992,7.1868687365
gbr,1993,7.2944875309
gbr,1994,7.5190962339
gbr,1995,7.6917740896
gbr,1996,7.5610917630
gbr,1997,8.0947002629
gbr,1998,8.2663822933
gbr,1999,8.5107083390
gbr,2000,8.7871858828
gbr,2001,8.9780772651
gbr,2002,9.4060623569
gbr,2003,9.5551734214
gbr,2004,9.8233569631
gbr,2005,10.0803502414
gbr,2006,10.5016975710
gbr,2007,11.1528949939
gbr,2008,11.2741230181
gbr,2009,11.4580965520
gbr,2010,11.2569811340
gbr,2011,12.3170115383
gbr,2012,12.1244162084
gbr,2013,12.5175762086
gbr,2014,13.7752755035
gbr,2015,14.0518984011
usa,1990,4.8309732238
usa,1991,4.7884739676
usa,1992,4.8611668307
usa,1993,4.9086957680
usa,1994,5.0132181386
usa,1995,5.0846871495
usa,1996,5.1629752386
usa,1997,5.3408961665
usa,1998,5.5314908441
usa,1999,5.6381783501
usa,2000,5.7076864605
usa,2001,5.8735587207
usa,2002,5.9115822224
usa,2003,6.0634608427
usa,2004,6.1659395369
usa,2005,6.3419664662
usa,2006,6.5732959665
usa,2007,6.5751912398
usa,2008,6.7285375739
usa,2009,6.8810197440
usa,2010,6.8947127645
usa,2011,7.0844596516
usa,2012,7.3543008887
usa,2013,7.3899248608
usa,2014,7.4648559206
usa,2015,7.7976749761
ury,1990,13.5950471463
ury,1991,12.9804835060
ury,1992,12.6773604596
ury,1993,13.9456695053
ury,1994,15.6624295588
ury,1995,14.4327567861
ury,1996,13.8231155282
ury,1997,14.7684829827
ury,1998,14.9969871102
ury,1999,13.4731262784
ury,2000,13.8298134542
ury,2001,15.1633233749
ury,2002,14.9472431637
ury,2003,15.1578262539
ury,2004,13.9965710783
ury,2005,14.5925060630
ury,2006,14.1142295342
ury,2007,15.1188777717
ury,2008,12.3506193787
ury,2009,12.9465927100
ury,2010,14.1038974504
ury,2011,13.7198736308
ury,2012,13.5344853168
ury,2013,14.2699065526
ury,2014,14.3857974837
uzb,1990,1.3583985988
uzb,1991,1.3035622804
uzb,1992,1.2294989249
uzb,1993,1.1547054649
uzb,1994,1.1063895572
uzb,1995,1.1951018902
uzb,1996,1.1753627955
uzb,1997,1.2156942769
uzb,1998,1.1408472761
uzb,1999,1.1587551597
uzb,2000,1.2132560024
uzb,2001,1.2564473298
uzb,2002,1.2546440321
uzb,2003,1.3521859803
uzb,2004,1.4774441769
uzb,2005,1.7056295114
uzb,2006,1.7914708207
uzb,2007,1.9829047042
uzb,2008,2.0739891621
uzb,2009,2.5247853796
uzb,2010,2.8025131781
uzb,2011,2.7698410668
uzb,2012,2.9310546489
uzb,2013,3.5698764596
vut,1990,16.0337816082
vut,2004,17.2948579387
vut,2005,18.2119787123
vut,2006,19.1164372499
vut,2007,17.8076653894
ven,1990,7.2502355945
ven,1991,7.6168173832
ven,1992,7.2221542661
ven,1993,7.7761715184
ven,1994,6.5511183205
ven,1995,7.2590619915
ven,1996,6.7969347036
ven,1997,7.2623099690
ven,1998,6.9174629618
ven,1999,6.8226021987
ven,2000,6.8838367545
ven,2001,6.8777892800
ven,2002,5.7756457221
ven,2003,5.7934314096
ven,2004,6.4326788261
ven,2005,7.1108183111
ven,2006,7.0129953399
ven,2007,8.2458427871
ven,2008,7.7621225847
ven,2009,7.4978390139
ven,2010,6.6353298534
ven,2011,7.4455771083
ven,2012,7.2332482168
ven,2013,7.7887143312
vnm,1990,5.5468465493
vnm,1991,5.7987794905
vnm,1992,6.0359385606
vnm,1993,6.0121298985
vnm,1994,6.5388717319
vnm,1995,6.7167302024
vnm,1996,6.9541975818
vnm,1997,6.9795613166
vnm,1998,6.9268993509
vnm,1999,7.0522942502
vnm,2000,7.1582571771
vnm,2001,7.1279154964
vnm,2002,6.9448683128
vnm,2003,7.0710233014
vnm,2004,6.8512927407
vnm,2005,6.9604058318
vnm,2006,7.2665228128
vnm,2007,7.2345760244
vnm,2008,7.1490539749
vnm,2009,6.9061561937
vnm,2010,6.6200811455
vnm,2011,7.0367105801
vnm,2012,7.2768695278
vnm,2013,7.6713338961
yem,1990,15.9601750267
yem,1991,13.9397713141
yem,1992,13.8105242970
yem,1993,16.5933390520
yem,1994,16.9611333674
yem,1995,15.8354564263
yem,1996,16.2282358228
yem,1997,16.0714557657
yem,1998,15.9454500875
yem,1999,14.6603318434
yem,2000,14.6627746913
yem,2001,13.7228778244
yem,2002,14.7238894117
yem,2003,13.7486700664
yem,2004,13.0968520544
yem,2005,12.9838906880
yem,2006,12.5127235228
yem,2007,13.2132074299
yem,2008,12.9872427342
yem,2009,12.1564340302
yem,2010,13.4989525950
yem,2011,13.9518893411
yem,2012,15.7959084846
yem,2013,11.9836257478
zmb,1990,3.4498451012
zmb,1991,3.3560816011
zmb,1992,3.2488938374
zmb,1993,3.4661280382
zmb,1994,3.1453267521
zmb,1995,3.1818016608
zmb,1996,3.4086846914
zmb,1997,3.3931249894
zmb,1998,3.3469007692
zmb,1999,3.4964951976
zmb,2000,3.5435616733
zmb,2001,3.6171917866
zmb,2002,3.6556976367
zmb,2003,3.7838017473
zmb,2004,3.9364144590
zmb,2005,4.0854113162
zmb,2006,4.3115949888
zmb,2007,4.6701166041
zmb,2008,4.8642876546
zmb,2009,5.1862537982
zmb,2010,5.5229407915
zmb,2011,5.5198676612
zmb,2012,5.6579502202
zmb,2013,5.6296464169
zwe,1990,2.8540763616
zwe,1991,2.8414143797
zwe,1992,2.5036113344
zwe,1993,2.6444657334
zwe,1994,2.9095532739
zwe,1995,2.8623104011
zwe,1996,3.1722057974
zwe,1997,3.2899693998
zwe,1998,3.3079213173
zwe,1999,3.0764396491
zwe,2000,3.1549097707
zwe,2001,3.2089710393
zwe,2002,2.9758034708
zwe,2003,2.5828057866
zwe,2004,2.4899722555
zwe,2005,2.2371290741
zwe,2006,2.1093266440
zwe,2007,2.0735047883
zwe,2008,1.8372799838
zwe,2009,2.0197091840
zwe,2010,2.1963953028
zwe,2011,2.3395696178
zwe,2012,2.5466426545
zwe,2013,2.5741625536
