economy,year,fb_cbk_brwr_p3
afe,2004,5.1430102110
afe,2005,7.1174099020
afe,2006,7.2694516439
afe,2007,15.5092905997
afe,2008,16.8247377894
afe,2009,17.4576464642
afe,2010,19.3821542637
afe,2011,21.5924073633
afe,2012,30.5559634255
afe,2013,30.4974091517
afe,2014,35.6837092484
afe,2015,35.3345772670
afe,2016,38.1657168188
afe,2017,32.9761697982
afe,2018,39.4594976238
afe,2019,50.3201343705
afe,2020,53.0602788230
afe,2021,61.4583734430
afe,2022,68.3588256975
afw,2020,32.6624592296
arb,2008,125.6302515249
arb,2009,141.5009858767
arb,2010,150.1725147759
arb,2011,142.6705254369
arb,2012,109.0285180176
arb,2013,112.3621074080
arb,2014,140.7806395258
arb,2015,145.3195648046
arb,2016,164.1006163368
arb,2017,197.6376900084
arb,2018,174.2259311936
arb,2019,160.2221689964
arb,2021,155.5109434061
ceb,2012,499.6661589075
ceb,2013,490.0673041422
ceb,2014,488.2047686385
ceb,2015,476.2870301400
ceb,2016,465.6240810350
ceb,2017,466.0398047315
ceb,2018,467.0193001740
ceb,2019,457.8845043936
ceb,2020,432.6528416282
ceb,2021,422.6954661039
ceb,2022,402.3216662837
ceb,2023,398.8054903262
ear,2005,57.3806364593
ear,2006,42.5473106542
ear,2007,51.8483615750
ear,2008,69.3849933061
ear,2009,69.4656130130
ear,2010,78.7576636296
ear,2011,90.5086360216
ear,2012,81.4976993094
ear,2013,98.7726277477
ear,2014,85.9451732414
ear,2015,90.0383618946
ear,2016,102.2725334975
ear,2017,97.6832524874
ear,2018,124.7631344401
ear,2019,116.5272531884
ear,2020,128.2140726338
ear,2021,147.5007632408
ear,2022,156.0819280119
eap,2013,286.6137344756
eap,2014,299.2223104912
eap,2015,307.6234363525
eap,2016,314.2333205237
eap,2017,311.0574420336
eap,2018,202.1241303516
eap,2019,212.3531736649
tea,2013,286.6137344756
tea,2014,299.2223104912
tea,2015,307.6234363525
tea,2016,314.2333205237
tea,2017,311.0574420336
tea,2018,202.1241303516
tea,2019,212.3531736649
tea,2020,257.0805666898
tea,2021,277.8898677432
tea,2022,305.5100854516
tea,2023,319.9447319438
emu,2020,523.5467680772
emu,2021,448.4562881835
ecs,2017,384.6791130737
ecs,2018,380.3264733230
ecs,2019,406.0400136145
ecs,2020,384.0425511416
ecs,2021,385.5063046096
ecs,2022,363.8617871577
ecs,2023,381.2121514454
eca,2006,47.0930491202
eca,2007,75.0832605799
eca,2008,105.0388345254
eca,2009,89.4918084331
eca,2010,103.6128518878
eca,2011,124.3277170809
eca,2012,152.4554377455
eca,2013,193.0962399260
eca,2014,220.2288766145
eca,2015,187.7650964199
eca,2016,168.5282559668
eca,2017,162.1252004156
eca,2018,212.3009559431
eca,2019,213.4657380490
eca,2020,215.8050732914
eca,2021,293.6617986696
eca,2022,331.1438272008
eca,2023,337.5969608139
tec,2007,75.0832605799
tec,2008,162.1997096558
tec,2009,134.6239448485
tec,2010,179.7050548417
tec,2011,182.7043844799
tec,2012,230.6763185569
tec,2013,241.7094821708
tec,2014,287.4782564469
tec,2015,228.3402039750
tec,2016,209.5673214354
tec,2017,211.3541837119
tec,2018,226.7563228499
tec,2019,286.2933991748
tec,2020,280.6696852749
tec,2021,325.9007147173
tec,2022,338.4353768255
tec,2023,369.0199441252
euu,2020,446.0235477477
euu,2021,433.3746082748
fcs,2009,9.9004542379
fcs,2010,11.9939698371
fcs,2011,11.4526314284
fcs,2012,10.0374820569
fcs,2013,17.9473235930
fcs,2014,17.1800751541
fcs,2015,17.9079662182
fcs,2016,23.0580239519
fcs,2017,22.7486645644
hpc,2010,10.8017137893
hpc,2011,10.2766641053
hpc,2012,14.0849494410
hpc,2014,21.3830108190
hpc,2015,24.7405237498
hpc,2016,24.4299433601
hpc,2017,23.6075178218
hpc,2018,26.9183474832
hpc,2019,33.5769244444
hpc,2020,37.2265720989
ibd,2007,125.9247912997
ibd,2008,160.8983408672
ibd,2009,165.5972981549
ibd,2010,178.9334573872
ibd,2011,186.0389704785
ibd,2012,218.5455162825
ibd,2013,227.4641876359
ibd,2014,260.5271316959
ibd,2015,246.7596034683
ibd,2016,260.6131181254
ibd,2017,265.8031709822
ibd,2018,261.7875577897
ibd,2019,261.4251526133
ibd,2020,245.2159610484
ibd,2021,259.6979862861
ibd,2022,296.1559802132
ibd,2023,331.8262323151
ibt,2008,73.3544209764
ibt,2009,66.8224322694
ibt,2010,62.4697012445
ibt,2011,70.2200947828
ibt,2012,66.2361975566
ibt,2013,82.0379667728
ibt,2014,77.7254312229
ibt,2015,80.0915494414
ibt,2016,89.3900765822
ibt,2017,98.7901695710
ibt,2018,113.4033705146
ibt,2019,127.3100838039
ibt,2020,137.8807012369
ibt,2021,159.1615119195
ibt,2022,157.5920060159
idb,2006,25.0135169117
idb,2007,25.3893763747
idb,2008,26.0479726553
idb,2009,26.8474440683
idb,2010,27.7896692466
idb,2011,27.1031621215
idb,2012,34.9574400845
idb,2013,35.5337192007
idb,2014,36.7993063859
idb,2015,36.5623350259
idb,2016,39.3818039125
idb,2017,39.2238619796
idb,2018,37.9416152631
idb,2019,43.1059123861
idb,2020,47.2192633459
idb,2021,55.3159558457
idb,2022,68.3588256975
idx,2010,17.8177001770
idx,2011,19.7330627814
idx,2012,17.8160248975
idx,2013,25.5963691096
idx,2014,33.8007304961
idx,2015,27.5595295930
idx,2016,29.2614945343
idx,2017,28.4120081355
idx,2018,27.1006402469
idx,2019,35.5911755815
idx,2020,44.0160750111
idx,2022,45.7923393609
ida,2008,17.6725340089
ida,2009,16.9612766457
ida,2010,18.6242695533
ida,2011,21.1568972254
ida,2012,25.0968363158
ida,2013,27.9253396982
ida,2014,34.2989211169
ida,2015,29.8662098829
ida,2016,30.6764558939
ida,2017,29.6703857060
ida,2018,29.8007336986
ida,2019,37.5488157281
ida,2020,47.2192633459
ida,2021,50.2149439604
ida,2022,49.8178033089
lte,2008,206.3639552839
lte,2009,188.1870683435
lte,2010,227.0859770904
lte,2011,233.7209462647
lte,2012,267.9637348993
lte,2013,286.6137344756
lte,2014,308.1861575595
lte,2015,318.0748861324
lte,2016,318.0760911183
lte,2017,314.5772953791
lte,2018,315.5389122895
lte,2019,308.1540948859
lte,2020,298.4275679448
lte,2021,295.7462404903
lte,2022,316.2610952756
lte,2023,333.4891150644
lcn,2006,127.5073222048
lcn,2007,135.1178685230
lcn,2008,144.0977736253
lcn,2009,149.5201429734
lcn,2010,170.8954015926
lcn,2011,168.8190492146
lcn,2012,194.9847700501
lcn,2013,206.5880510214
lcn,2014,216.6616289145
lcn,2015,222.8738005219
lcn,2016,227.7809278553
lcn,2017,224.8697640880
lcn,2018,244.2784555352
lcn,2019,231.7446104821
lcn,2020,216.1908181893
lcn,2021,231.3913557798
lcn,2022,240.1655974211
lcn,2023,257.9932400310
lac,2004,80.5168617398
lac,2005,96.2074575443
lac,2006,109.3861647161
lac,2007,116.0822623072
lac,2008,128.5485835159
lac,2009,136.9852412145
lac,2010,136.7289923845
lac,2011,145.6667875620
lac,2012,154.1409316143
lac,2013,157.4470535380
lac,2014,161.3038068886
lac,2015,177.6188216738
lac,2016,190.4702882876
lac,2017,190.5865362127
lac,2018,196.9325873645
lac,2019,158.6847857331
lac,2020,148.0927126089
lac,2021,175.0943246048
lac,2022,186.4368531676
lac,2023,199.5616371232
tla,2006,127.5073222048
tla,2007,135.1178685230
tla,2008,144.0977736253
tla,2009,149.5201429734
tla,2010,170.8954015926
tla,2011,168.8190492146
tla,2012,194.9847700501
tla,2013,206.5880510214
tla,2014,216.6616289145
tla,2015,222.8738005219
tla,2016,227.7809278553
tla,2017,224.8697640880
tla,2018,244.2784555352
tla,2019,231.7446104821
tla,2020,216.1908181893
tla,2021,231.3913557798
tla,2022,240.1655974211
tla,2023,257.9932400310
ldc,2010,8.8421106896
ldc,2011,8.0054060746
ldc,2012,10.2405674359
ldc,2013,14.6282415914
ldc,2014,21.3830108190
ldc,2015,23.7587043590
ldc,2016,26.2055262541
ldc,2017,22.1839694295
ldc,2018,22.7830604035
ldc,2019,25.2071601501
ldc,2020,40.0349660962
lmy,2008,62.3318482246
lmy,2009,52.5771677062
lmy,2010,43.0315626960
lmy,2011,48.2760916619
lmy,2012,54.7805908471
lmy,2013,59.3511434683
lmy,2014,64.2186341999
lmy,2015,64.0782482678
lmy,2016,75.7924907000
lmy,2017,86.4451770117
lmy,2018,110.3132481504
lmy,2019,112.1750108065
lmy,2020,116.6050787922
lmy,2021,141.0275857329
lmy,2022,145.8198536006
lmc,2008,27.9890302873
lmc,2009,26.9989017881
lmc,2010,29.8216003175
lmc,2011,33.1636847358
lmc,2012,39.6668063949
lmc,2013,43.8498092217
lmc,2014,51.4007960107
lmc,2015,43.0177514956
lmc,2016,40.3642929212
lmc,2017,43.5252781523
lmc,2018,41.5624041289
lmc,2019,52.3065106585
lmc,2020,72.7120433751
lmc,2021,83.9210777794
lmc,2022,87.7915291757
mea,2008,125.6302515249
mea,2009,107.0770745361
mea,2010,117.7740194063
mea,2011,121.5061327524
mea,2012,91.6803473096
mea,2013,106.6071483368
mea,2014,112.1735103001
mea,2015,125.1683860618
mea,2016,151.7977769437
mea,2017,162.8150006863
mea,2018,163.3330957946
mea,2019,148.0252135265
mea,2021,155.5109434061
mna,2008,69.3849933061
mna,2009,69.4656130130
mna,2010,78.7576636296
mna,2011,70.2200947828
mna,2012,57.1965164006
mna,2013,50.1341072828
mna,2014,53.6742622120
mna,2015,60.8362504453
mna,2016,70.9178604786
mna,2017,69.3470323187
mna,2018,76.7805273461
mna,2019,83.5756675470
tmn,2008,69.3849933061
tmn,2009,66.8224322694
tmn,2010,74.7603808181
tmn,2011,66.4785576520
tmn,2012,50.0055990129
tmn,2013,47.7380706009
tmn,2014,48.2888732284
tmn,2015,52.7350851141
tmn,2016,39.5631874598
tmn,2017,41.0108121499
tmn,2018,43.2478065417
tmn,2019,50.6240819056
mic,2007,68.6857643465
mic,2008,80.2840396209
mic,2009,72.5345228024
mic,2010,79.6579193758
mic,2011,94.9998365102
mic,2012,95.3500102982
mic,2013,108.2342867309
mic,2014,110.4567680302
mic,2015,105.8390558242
mic,2016,111.9455160575
mic,2017,135.5084938410
mic,2018,143.3316641439
mic,2019,143.2831154144
mic,2020,148.0927126089
mic,2021,163.1939134944
mic,2022,164.9850278378
oss,2008,210.2713738472
oss,2009,207.2147978601
oss,2010,197.5797703991
oss,2011,97.5869348243
oss,2012,102.0367985790
oss,2013,141.1439940170
oss,2014,89.6647935237
oss,2015,196.1227881197
oss,2016,199.9052473187
oss,2017,218.5263555532
oss,2018,240.2124450249
oss,2019,203.3479276606
oss,2020,247.9343878372
oss,2021,222.0628369156
oss,2022,239.5204306179
oss,2023,261.0090149292
pre,2011,14.1184049657
pre,2012,17.8160248975
pre,2013,19.3275457827
pre,2014,20.2268283015
pre,2015,21.7257467446
pre,2016,24.2109586828
pre,2017,23.0252033420
pre,2018,23.7448542806
pre,2019,30.5586677132
pre,2020,34.1055809893
sst,2008,210.2713738472
sst,2009,207.2147978601
sst,2010,197.5797703991
sst,2011,97.5869348243
sst,2012,102.0367985790
sst,2013,141.1439940170
sst,2014,89.6647935237
sst,2015,196.1227881197
sst,2016,199.9052473187
sst,2017,218.5263555532
sst,2018,240.2124450249
sst,2019,203.3479276606
sst,2020,247.9343878372
sst,2021,222.0628369156
sst,2022,239.5204306179
sst,2023,261.0090149292
ssf,2008,15.1374463392
ssf,2009,17.0201571090
ssf,2010,18.6811170197
ssf,2011,19.7330627814
ssf,2012,21.0213693249
ssf,2013,24.6967270121
ssf,2014,30.6557380253
ssf,2015,29.5118504320
ssf,2016,28.6213018412
ssf,2017,25.9534435866
ssf,2018,29.3788771137
ssf,2019,38.0453860867
ssf,2020,39.9153377601
ssf,2021,46.2016878092
ssf,2022,49.8178033089
ssa,2010,18.9607501284
ssa,2011,20.0703541162
ssa,2012,25.2530494239
ssa,2013,24.6967270121
ssa,2014,30.6557380253
ssa,2015,29.5118504320
ssa,2016,28.6213018412
ssa,2017,25.9534435866
ssa,2018,29.3788771137
ssa,2019,38.0453860867
ssa,2020,39.9153377601
ssa,2021,46.2016878092
ssa,2022,49.8178033089
tss,2008,15.1374463392
tss,2009,17.0201571090
tss,2010,18.6811170197
tss,2011,19.7330627814
tss,2012,21.0213693249
tss,2013,24.6967270121
tss,2014,30.6557380253
tss,2015,29.5118504320
tss,2016,28.6213018412
tss,2017,25.9534435866
tss,2018,29.3788771137
tss,2019,38.0453860867
tss,2020,39.9153377601
tss,2021,46.2016878092
tss,2022,49.8178033089
umc,2007,118.8821230577
umc,2008,137.5524515684
umc,2009,147.5652349699
umc,2010,160.5339581843
umc,2011,151.4812269557
umc,2012,203.7897835249
umc,2013,214.1213026314
umc,2014,291.9753473688
umc,2015,274.5379755784
umc,2016,279.7489536497
umc,2017,279.4253574785
umc,2018,244.2784555352
umc,2019,257.9973503353
umc,2020,245.2159610484
umc,2021,254.9146208402
umc,2022,287.2580833760
umc,2023,319.9447319438
wld,2011,98.1875189707
wld,2012,105.2454441869
wld,2013,129.8981529291
wld,2014,154.0622217780
wld,2015,147.1899888647
wld,2016,150.7472994886
wld,2017,154.1805002268
wld,2018,175.4644949606
wld,2019,158.6847857331
wld,2020,169.8751511690
wld,2021,198.8694852888
afg,2008,3.3478916560
afg,2009,3.9546228970
afg,2010,3.7800325340
afg,2011,3.6409920508
afg,2012,4.1028508767
afg,2013,3.7306938874
afg,2014,2.9887809223
afg,2015,2.9186395616
afg,2016,3.0113782110
afg,2017,3.1359930430
afg,2018,3.4250434754
afg,2019,3.0179726263
alb,2004,14.0734394795
alb,2005,31.9096608047
alb,2006,64.4122048093
alb,2007,75.0832605799
alb,2008,105.0388345254
alb,2009,103.6505915422
alb,2010,123.8974383035
alb,2011,136.0531034944
alb,2012,149.5290704981
alb,2013,144.4829976811
alb,2014,152.9794967821
alb,2015,147.1899888647
alb,2016,140.5226850736
alb,2017,143.0246763178
alb,2018,140.3742398634
alb,2019,140.3047224317
alb,2020,151.1530484996
alb,2021,155.1291103447
alb,2022,148.5729349223
alb,2023,150.3217075759
dza,2004,26.0010024855
dza,2005,23.2793694050
dza,2006,23.3743161504
dza,2007,27.8283653591
dza,2008,28.9841251707
dza,2009,35.0041393386
dza,2010,34.8552285789
dza,2011,39.2908800531
dza,2012,42.8146816251
dza,2013,45.3420339191
dza,2014,42.9034842448
dza,2015,44.6339197829
dza,2016,39.5631874598
dza,2017,41.0108121499
dza,2018,43.2478065417
dza,2019,50.6240819056
dza,2020,48.1293212629
dza,2021,48.6359407353
dza,2022,41.9247161013
dza,2023,46.8648170679
ago,2013,13.4817684170
ago,2014,15.3680892364
ago,2015,16.2329058441
ago,2016,17.5358823497
ago,2017,21.9250499967
ago,2018,19.3068500826
ago,2020,47.9657389923
arg,2004,165.9905519299
arg,2005,188.7076060824
arg,2006,221.2586114824
arg,2007,253.7266495048
arg,2008,282.7812262108
arg,2009,293.1224277880
arg,2010,303.1090788851
arg,2011,324.5191589034
arg,2012,345.8617955550
arg,2013,336.6031858550
arg,2014,347.7105248969
arg,2015,359.6950462073
arg,2016,377.5456308835
arg,2017,380.0184430853
arg,2018,388.7444011067
arg,2019,381.4608343935
arg,2020,367.7818894873
arg,2021,363.4030999976
arg,2022,385.6865837773
arg,2023,394.7915176181
aze,2005,20.7118928935
aze,2006,34.6973146099
aze,2007,60.4384022542
aze,2008,79.0248556803
aze,2009,69.8973610581
aze,2010,83.3282654721
aze,2011,112.6023306675
aze,2012,155.3818049929
aze,2013,241.7094821708
aze,2014,296.4724382906
aze,2015,228.3402039750
aze,2016,196.5338268601
aze,2017,176.3406590951
aze,2018,197.8455890363
aze,2019,229.2753757462
aze,2020,235.3586545667
aze,2021,264.4813517320
aze,2022,342.6425491525
aze,2023,369.0199441252
bgd,2004,87.3842749046
bgd,2005,90.0444039074
bgd,2006,91.3906196002
bgd,2007,87.7133622831
bgd,2008,88.2625457785
bgd,2009,87.9333231976
bgd,2010,89.0087544734
bgd,2011,90.5086360216
bgd,2012,88.6632220173
bgd,2013,82.0379667728
bgd,2014,76.9292968169
bgd,2015,83.9688833077
bgd,2016,81.3059011703
bgd,2017,82.7117413090
bgd,2018,82.4522299839
bgd,2019,82.0728070460
bgd,2020,80.0102785234
bgd,2021,86.0779940703
bgd,2022,87.7915291757
bgd,2023,91.6816022293
bel,2007,551.6198391295
bel,2008,561.6338321897
bel,2009,567.8055780210
bel,2010,570.5820488829
bel,2011,696.7036767144
bel,2012,711.4380442478
bel,2013,709.8326638939
bel,2014,703.4491838234
bel,2015,699.5315713115
bel,2016,698.7625950845
bel,2017,697.4700866571
bel,2018,695.0433872431
bel,2019,686.6149879784
bel,2020,680.2725878251
bel,2021,672.9892989282
blz,2004,192.1484892224
blz,2005,320.6791597383
blz,2006,242.5004301326
blz,2007,272.1315337213
blz,2008,308.0073968470
blz,2009,342.0669650422
blz,2010,320.3570638425
blz,2011,227.5376791064
blz,2012,210.1690349518
blz,2013,173.6815823183
blz,2014,195.3810914746
blz,2015,159.7054499098
blz,2016,163.8423660894
blz,2017,149.4184461434
blz,2018,151.8697437392
blz,2019,151.6267425486
blz,2020,178.2335562453
blz,2021,184.8515565402
blz,2022,150.8094504752
blz,2023,165.4090049693
bol,2004,23.1399918513
bol,2005,22.3364259932
bol,2006,26.9416005777
bol,2007,30.6706699689
bol,2008,24.7074502221
bol,2009,26.9568767667
bol,2010,27.7480478992
bol,2011,32.5077697126
bol,2012,38.9995628776
bol,2013,48.2433973370
bol,2014,54.1285176285
bol,2015,59.3238584814
bol,2016,63.0141755566
bol,2017,69.2452455125
bol,2018,70.5726360856
bol,2019,72.9318093768
bol,2020,80.1717008038
bol,2021,81.7641614884
bol,2022,84.9239632783
bol,2023,80.1160704291
bih,2007,233.5667949047
bih,2008,246.0520593113
bih,2009,246.7347467858
bih,2010,250.3759309323
bih,2011,261.5665590855
bih,2012,274.1540992597
bih,2013,295.9403647015
bih,2014,287.4782564469
bih,2015,289.9310974481
bih,2016,297.9747799986
bih,2017,305.2325332912
bih,2018,313.1603146996
bih,2019,335.8176479272
bih,2020,325.9807159831
bih,2021,328.9591838275
bih,2022,334.2282044985
bih,2023,337.5969608139
bwa,2004,142.4321704931
bwa,2005,146.5133380141
bwa,2006,155.0744426732
bwa,2007,178.4990275151
bwa,2008,215.5904968948
bwa,2009,233.0960666773
bwa,2010,178.1618599327
bwa,2011,154.6979119594
bwa,2012,204.6766287299
bwa,2013,186.7054032749
bwa,2014,175.5423903538
bwa,2015,241.2237477622
bwa,2016,167.4394562243
bwa,2017,158.6973701762
bwa,2018,176.7030587275
bwa,2019,213.4391063305
bwa,2020,169.8751511690
bwa,2021,163.6218512608
bwa,2022,175.0266113624
bwa,2023,177.2088868302
bra,2007,95.6951202211
bra,2008,104.3536056170
bra,2009,149.5201429734
bra,2010,203.7538231577
bra,2011,233.7209462647
bra,2012,368.4324904897
bra,2013,392.6172811346
bra,2014,398.3776213866
bra,2015,402.2321504284
bra,2016,551.1659542291
bra,2017,544.0500894059
bra,2018,548.0034391950
bra,2019,654.6291285629
bra,2020,664.6741954261
bra,2021,701.0671430841
bra,2022,732.3086950741
bra,2023,736.0520154384
brn,2008,665.5909264064
brn,2009,742.1607219839
brn,2010,588.3307616387
brn,2011,564.8894765900
brn,2012,613.0658983600
brn,2013,631.3356175645
brn,2014,627.9735554708
brn,2015,635.6400373374
brn,2016,392.0977685976
brn,2017,405.4381129810
brn,2018,345.6415474914
brn,2019,334.4497464957
brn,2020,373.3752379943
brn,2021,363.1572229990
bgr,2019,445.1860654504
bgr,2020,419.2821355087
bgr,2021,415.9598743716
bgr,2022,385.0810251629
bgr,2023,383.9685656875
bfa,2020,37.2700000000
bdi,2004,2.3447891147
bdi,2005,2.7010454793
bdi,2006,3.2575385281
bdi,2007,3.1347219900
bdi,2008,3.1928836769
bdi,2009,3.3210173909
bdi,2010,5.0851689265
bdi,2011,5.6538496924
bdi,2012,10.0374820569
bdi,2013,11.8141972621
bdi,2014,12.1159730877
bdi,2015,14.2817088985
bdi,2018,12.1928835079
bdi,2019,17.6674619705
bdi,2020,20.1406778753
cpv,2004,79.4359311586
cpv,2005,82.8521967873
cpv,2006,88.5696568830
cpv,2007,93.8117553203
cpv,2008,102.4876653875
cpv,2009,112.1251403874
cpv,2010,116.8041513318
cpv,2011,122.2935176953
cpv,2012,102.9658403575
cpv,2013,99.2954067521
cpv,2014,144.8191743344
cpv,2015,170.0220572467
cpv,2016,172.3129258527
cpv,2017,168.2362633568
cpv,2018,182.0564658028
cpv,2019,195.9896599836
cpv,2020,201.9521215030
cpv,2021,196.0890656543
cpv,2022,180.4516429609
cmr,2009,9.9004542379
cmr,2010,11.3158702085
cmr,2011,17.9601458261
cmr,2012,21.0213693249
cmr,2013,22.2415995707
cmr,2014,20.5255049370
cmr,2015,23.6893855262
cmr,2016,24.3133291575
cmr,2017,27.3184977370
cmr,2018,32.2141221751
cmr,2019,33.5203134540
cmr,2020,37.1831441979
caf,2014,14.4319986421
caf,2015,13.4189424876
caf,2016,20.9325210947
caf,2017,16.0144838668
tcd,2004,0.3776470203
tcd,2008,0.7598689690
tcd,2010,2.1932260264
tcd,2011,2.7831019950
tcd,2012,3.1035105693
tcd,2013,10.2416964047
tcd,2014,8.7811289446
tcd,2015,10.0203792487
tcd,2016,10.3015391685
tcd,2017,9.8991444163
tcd,2018,10.4597583680
tcd,2019,7.1264758285
tcd,2020,7.0696263500
tcd,2021,8.1652798006
tcd,2022,8.3050775311
chl,2004,240.7124149411
chl,2005,257.0801791768
chl,2006,280.8045238397
chl,2007,301.6247525874
chl,2008,312.5489140303
chl,2009,318.7801401589
chl,2010,322.6046073255
chl,2011,341.6489917316
chl,2012,367.6240253725
chl,2013,374.1718170958
chl,2014,371.5971001432
chl,2015,367.6357574355
chl,2016,377.6681933314
chl,2017,377.0105220204
chl,2018,376.3771166905
chl,2019,367.6871267031
chl,2020,343.0078181355
chl,2021,338.8361844003
chl,2022,347.9161764272
chl,2023,352.7030285627
chn,2012,272.0772185294
chn,2013,292.3831955526
chn,2014,317.1500046279
chn,2015,345.0968037127
chn,2016,384.2007608392
chn,2017,427.3879026509
chn,2018,470.5059334593
chn,2019,504.1100016371
chn,2020,534.5453408253
chn,2021,566.7551107500
chn,2022,607.9808796936
chn,2023,640.7209519967
col,2004,103.5556557717
col,2005,116.6678591617
col,2006,140.3942908781
col,2007,152.7729584159
col,2008,160.8983408672
col,2009,167.8538668993
col,2010,170.8954015926
col,2011,189.3735564771
col,2012,202.9029383199
col,2013,214.1213026314
col,2014,221.5076004802
col,2015,236.3181405294
col,2016,241.4772826011
col,2017,242.1662337013
col,2018,244.2784555352
col,2019,257.9973503353
col,2020,245.2159610484
col,2021,253.9990658328
col,2022,281.5519899046
col,2023,278.9603471007
com,2004,8.3561145963
com,2005,7.8285495599
com,2006,6.3054695869
com,2007,6.1083857231
com,2008,6.0174550854
com,2009,6.7596662415
com,2010,4.8576482989
com,2011,9.4964410677
com,2012,10.5269941676
com,2013,11.4948341883
com,2014,10.2673346130
com,2015,10.9388517051
com,2016,12.1093317385
com,2017,13.9421032523
com,2018,15.4896552887
com,2019,15.5700031548
com,2020,16.2389698989
com,2021,16.9977367894
com,2022,21.7605967916
cod,2004,0.0182419075
cod,2005,0.0541016618
cod,2006,0.1278241715
cod,2007,0.2854033021
cod,2008,0.5081174798
cod,2009,0.6681232159
cod,2010,1.0970934615
cod,2011,1.4627896047
cod,2012,3.4772528371
cod,2013,3.2611459867
cod,2014,4.7576725007
cod,2015,9.4189596018
cod,2016,9.9444138526
cod,2017,9.7199528092
cod,2018,9.7383157424
cog,2011,0.7015783753
cog,2012,2.2087932756
cog,2013,13.6530476153
cog,2014,19.9281516660
cog,2015,21.5342235380
cog,2016,22.6000880352
cog,2017,23.9850215264
cog,2018,25.9460367009
cog,2019,27.5970219725
cog,2020,24.5962187033
cog,2021,27.3714373009
cri,2006,192.7557075709
cri,2007,206.2830808361
cri,2008,203.5625851145
cri,2009,185.6224961244
cri,2010,191.0401402178
cri,2011,193.9147647368
cri,2012,199.1014890678
cri,2013,207.2410685126
cri,2014,211.8156573487
cri,2015,224.5090057936
cri,2016,239.3828255156
cri,2017,252.1809844858
cri,2018,264.1031237536
cri,2019,263.9954988848
cri,2020,240.6310605221
cri,2021,231.3913557798
cri,2022,240.1655974211
hrv,2010,696.4671034294
hrv,2011,674.8633135305
hrv,2012,660.2848030237
hrv,2013,640.2424154245
hrv,2014,622.5308635157
hrv,2015,602.0400588831
hrv,2016,569.5135820787
hrv,2017,571.4358039835
hrv,2018,571.5317655222
hrv,2019,630.7979481955
hrv,2020,546.9791005654
hrv,2021,550.3200785206
hrv,2022,524.9098449387
hrv,2023,513.2539965366
cyp,2015,377.1405850405
cyp,2016,369.8731799714
cyp,2017,445.5483807364
cyp,2018,353.7667581674
cyp,2019,357.4787003946
cyp,2020,319.3378850688
cyp,2021,316.3127962539
cyp,2022,316.2610952756
cyp,2023,322.5943332177
dji,2008,8.2371316162
dji,2009,12.0702920091
dji,2010,16.1203809498
dji,2011,17.2676510816
dji,2012,19.3550998599
dji,2013,46.1059682159
dji,2014,53.6742622120
dji,2015,60.8362504453
dji,2016,32.6615043145
dji,2017,38.9490422179
dji,2018,21.8212665264
dji,2019,24.0439645493
dji,2021,45.0226687746
dji,2022,45.7923393609
dji,2023,48.8015637028
dom,2006,114.6203535316
dom,2007,125.9247912997
dom,2008,131.0071295115
dom,2009,135.1849120998
dom,2010,135.2340070879
dom,2011,143.9534374105
dom,2012,132.2954839721
dom,2013,146.1000834311
dom,2014,159.4955604991
dom,2015,177.6188216738
dom,2016,190.4702882876
dom,2017,190.5865362127
dom,2018,189.1779359325
dom,2019,205.4918706290
dom,2020,191.7505758564
dom,2021,201.8880482017
dom,2022,213.7716223152
dom,2023,237.0261329613
ecu,2004,294.4886793808
ecu,2005,392.2775643613
ecu,2006,225.8807889312
ecu,2007,227.4556891254
ecu,2008,253.6556427716
ecu,2009,271.6750882009
ecu,2010,255.8209943156
ecu,2011,292.7398006416
ecu,2012,236.4755384814
ecu,2013,212.9427886104
ecu,2014,226.6653690912
ecu,2015,221.2385952502
ecu,2016,216.1790301950
ecu,2017,207.5732944746
ecu,2018,204.6872387965
ecu,2019,131.7165192496
ecu,2020,119.4588418843
ecu,2021,134.5544082250
ecu,2022,143.0667722788
ecu,2023,143.9079781483
egy,2005,37.6572607164
egy,2006,36.3863426017
egy,2007,50.1942005581
egy,2008,65.4155656357
egy,2009,66.8224322694
egy,2010,74.7603808181
egy,2011,73.9616319136
egy,2012,74.3321766016
egy,2013,100.8521892655
egy,2014,94.9610496659
egy,2015,96.1078404815
egy,2016,102.2725334975
egy,2017,97.6832524874
egy,2018,110.3132481504
egy,2019,116.5272531884
egy,2020,116.5045627379
egy,2021,112.6959876087
egy,2022,110.6278717337
egy,2023,115.7219184135
gnq,2004,1.9839765202
gnq,2005,3.0341075539
gnq,2006,3.5237541732
gnq,2007,4.3279964556
gnq,2008,4.6924661590
gnq,2009,5.4508777874
gnq,2010,6.0470371610
gnq,2011,6.4194894386
gnq,2012,7.3613210203
gnq,2013,8.2736555801
gnq,2014,10.1289968644
gnq,2015,16.6751618422
gnq,2016,24.2006376454
gnq,2017,24.5883894362
gnq,2018,29.3788771137
gnq,2019,35.4531185809
gnq,2020,32.6624592296
gnq,2021,37.6622883532
gnq,2022,69.6563338721
est,2008,475.3919736244
est,2009,543.9269398338
est,2010,546.2565721971
est,2011,516.9756124502
est,2012,535.5392123933
est,2013,519.9665033857
est,2014,512.9391038221
est,2015,524.3892283322
est,2016,531.3660193752
est,2017,526.3620283072
est,2018,522.7879321775
est,2019,557.5256036103
est,2020,535.8263866754
est,2021,448.4562881835
est,2022,469.7356296456
est,2023,469.8924195419
swz,2004,74.5116156283
swz,2005,86.2166050437
swz,2006,93.1142165176
swz,2007,128.2238382766
swz,2008,210.2713738472
swz,2009,207.2147978601
swz,2010,197.5797703991
swz,2011,97.5869348243
swz,2012,102.0367985790
swz,2013,141.1439940170
swz,2014,125.6553248355
swz,2015,105.8390558242
swz,2016,115.2777333254
swz,2017,157.6273536279
swz,2018,219.7730363994
swz,2019,148.2894043753
swz,2020,131.3900980539
swz,2021,195.8509223758
swz,2022,231.0025205094
eth,2006,1.1955029280
eth,2007,1.0431253680
eth,2008,1.1698848557
eth,2009,1.6326484335
eth,2010,1.7620446598
eth,2011,1.7839281864
eth,2012,2.0729007891
gab,2005,12.7513818443
gab,2006,15.1057194515
gab,2007,15.6409710744
gab,2008,15.7388615571
gab,2009,16.6164517400
gab,2010,20.3517694260
gab,2011,25.4830518874
gab,2012,43.6262043121
gab,2013,96.6930662298
geo,2004,24.8678872359
geo,2005,38.7575692601
geo,2006,71.5537565883
geo,2007,124.0755390979
geo,2008,162.1997096558
geo,2009,187.2586274550
geo,2010,227.0859770904
geo,2011,307.2318052354
geo,2012,322.2620089180
geo,2013,412.0258373031
geo,2014,464.4772918893
geo,2015,442.4027870870
geo,2016,469.6292432389
geo,2017,570.6059731878
geo,2018,652.3913437273
geo,2019,539.2041892840
geo,2020,561.0724200399
geo,2021,540.6970704342
geo,2022,546.6027156380
geo,2023,527.8011098203
gha,2004,26.2204392910
gha,2005,18.2917871030
gha,2006,21.9264961460
gha,2007,22.3649533982
gha,2008,35.6401586862
gha,2009,32.1176978934
gha,2010,33.5717682622
gha,2011,33.8195997590
gha,2014,44.4290029758
gha,2015,45.5018459823
gha,2016,42.6401073365
gha,2017,47.0693855784
gha,2018,39.8016073639
gha,2019,37.5488157281
gha,2020,39.7957094240
gha,2021,51.5402435547
gha,2022,70.3155268189
gtm,2004,67.5640365107
gtm,2005,88.3277858961
gtm,2006,109.3861647161
gtm,2007,135.1178685230
gtm,2008,144.0977736253
gtm,2009,138.7855703291
gtm,2010,138.2239776812
gtm,2011,145.6667875620
gtm,2012,154.1409316143
gtm,2013,157.0374934571
gtm,2014,155.1449467739
gtm,2015,151.4529086498
gtm,2016,150.7472994886
gtm,2017,149.5155343159
gtm,2018,146.2890884244
gtm,2019,146.2615083972
gtm,2020,144.3713044199
gtm,2021,148.3006010079
gtm,2022,156.0819280119
gtm,2023,162.0971412850
gin,2004,2.4117299469
gin,2005,2.6511465467
gin,2006,2.9352003510
gin,2007,3.4571685463
gin,2008,3.8530111542
gin,2009,4.6830918265
gin,2010,5.6351564402
gin,2011,7.0760230030
gin,2012,8.9542524253
gin,2013,14.4415266554
gin,2014,10.9845318804
gin,2015,15.7864374115
gin,2016,11.6515863265
gin,2017,10.6842215160
gin,2018,11.8738261714
gin,2019,12.8208134868
gin,2020,15.4914325870
gin,2021,16.1095652187
gin,2022,17.4597732049
gin,2023,18.1525680207
hti,2004,1.1626971768
hti,2005,1.2549421592
hti,2006,1.2414585229
hti,2007,1.2742409022
hti,2008,2.2518818769
hti,2009,1.7832387798
hti,2010,1.8505090240
hti,2011,1.8041516958
hti,2012,2.1274368086
hti,2013,2.9509514947
hti,2014,3.7976419891
hti,2015,2.2051615140
hti,2016,2.0446999248
hti,2017,1.6808862261
hti,2019,11.2269064914
hti,2020,10.5439364670
hnd,2011,98.7881031171
hnd,2012,108.4540897947
hnd,2013,108.2342867309
hnd,2014,108.7400257602
hnd,2015,108.8642776591
hnd,2016,108.6132987896
hnd,2017,110.1356208160
hnd,2018,112.5875852168
hnd,2019,112.1750108065
hnd,2020,103.4119557475
hnd,2021,103.6432685436
hnd,2022,108.5324790096
hnd,2023,116.8682056920
hun,2012,679.1082287439
hun,2013,589.7860939193
hun,2014,532.8324015555
hun,2015,491.3548196707
hun,2016,471.1245501451
hun,2017,469.8353761447
hun,2018,468.0571970259
hun,2019,457.8845043936
hun,2020,446.0235477477
hun,2021,429.4310578363
hun,2022,419.5623074044
hun,2023,413.6424149649
idn,2007,156.6035979963
idn,2008,193.7661670842
idn,2009,220.6175858375
idn,2010,262.0543455584
idn,2011,286.7022074268
idn,2012,328.6518641846
idn,2013,367.7282868997
idn,2014,388.4384423929
idn,2015,412.7434402334
idn,2016,439.1799135994
idn,2017,412.2962066713
idn,2018,202.1241303516
idn,2019,212.3531736649
idn,2020,211.6222397920
idn,2021,254.9146208402
idn,2022,305.9662938529
idn,2023,330.1633495658
isr,2004,865.5477026422
isr,2005,888.0957709061
isr,2006,865.7305307157
isr,2007,895.4444526013
isr,2008,923.7641097618
isr,2009,902.4887880781
isr,2010,892.0918769559
isr,2011,915.2140648078
ita,2004,412.3638779802
ita,2005,421.7813135039
ita,2006,427.0629969982
ita,2007,425.4756579407
ita,2008,429.0685092709
ita,2009,429.5502944661
ita,2010,448.4799715826
ita,2011,462.5872141356
ita,2012,453.4369541325
ita,2013,443.0349577370
ita,2014,441.5325660811
ita,2015,517.6438820738
ita,2016,529.8569864747
ita,2017,537.8254258964
ita,2018,528.9240357605
ita,2019,551.5344622250
ita,2020,551.7607855403
ita,2021,553.7705129347
ita,2022,557.6637245763
ita,2023,583.8018637793
ken,2004,20.5183904525
ken,2005,27.5266622110
ken,2006,40.9355090701
ken,2007,56.5493095536
ken,2008,62.3318482246
ken,2009,72.9602518482
ken,2010,76.1810530007
ken,2011,81.9682831883
ken,2012,81.9603485477
ken,2013,118.6523118412
ken,2014,163.6170079981
ken,2015,225.7982986937
ken,2016,276.9458037371
ken,2017,244.6292470844
ken,2018,239.8963104833
ken,2019,270.9471370865
ken,2020,359.9644624927
ken,2021,398.6285488962
ken,2022,429.8439017683
ken,2023,373.4526872585
kir,2011,16.1635511921
kir,2012,15.1506262650
kir,2013,28.1500186519
xkx,2004,34.8371822686
xkx,2005,48.3726599695
xkx,2006,51.3383583135
xkx,2007,69.6791108842
xkx,2008,81.0399646704
xkx,2009,75.3330253241
xkx,2010,76.5608923104
xkx,2011,92.4127381962
xkx,2012,86.1642937970
xkx,2013,72.1945415000
xkx,2014,78.5215656289
xkx,2015,76.2142155752
xkx,2016,76.5331052099
xkx,2017,147.9097417361
xkx,2018,226.7563228499
xkx,2019,197.6561003517
xkx,2020,196.2514920162
xkx,2021,168.9814482483
xkx,2022,225.2372825060
xkx,2023,203.0407920576
kwt,2004,188.8717741654
kwt,2005,198.7092593607
kwt,2006,205.5116676981
kwt,2007,193.7078018716
kwt,2008,187.8785330784
kwt,2009,188.1870683435
kwt,2010,183.0169500353
kwt,2011,178.1818107003
kwt,2012,155.2658896027
kwt,2013,186.6951296648
kwt,2014,201.7886370819
kwt,2015,205.7366969992
kwt,2016,212.8780983293
kwt,2017,211.8219054626
kwt,2018,213.5266126190
kwt,2019,209.4984492931
kwt,2020,209.3000579534
kwt,2021,216.6936516326
kwt,2022,224.0645045013
kwt,2023,230.0842875240
kgz,2009,22.7736283928
kgz,2010,29.3543369626
kgz,2011,37.1813130520
kgz,2012,40.3340499121
kgz,2013,42.7445525957
kgz,2014,57.1777434195
kgz,2015,87.9732351884
kgz,2016,97.4742519942
kgz,2017,99.8970866546
kgz,2018,112.5367902220
kgz,2019,127.3100838039
kgz,2020,116.7055948464
kgz,2021,128.8754433455
kgz,2022,151.1210608354
kgz,2023,196.5058809432
lao,2013,29.2289780209
lao,2014,39.9344648564
lao,2015,27.5595295930
lao,2016,28.0356011194
lao,2017,28.4120081355
lao,2018,27.3873452220
lao,2019,26.3703557510
lao,2020,57.1839027256
lao,2021,28.7882949922
lao,2022,22.1089383041
lao,2023,20.0231725854
lva,2008,333.0864394280
lva,2009,326.1626215638
lva,2010,354.4441191779
lva,2011,349.9091673066
lva,2012,351.6288858281
lva,2013,343.0348917399
lva,2014,351.2789140800
lva,2015,368.0496735696
lva,2016,376.7061676249
lva,2017,326.9143236855
lva,2018,321.2972972973
lva,2019,310.9579778651
lva,2020,294.3162423020
lva,2021,290.6273663343
lva,2022,286.7717532744
lva,2023,287.7265591910
lbn,2005,155.3072801023
lbn,2006,171.7792998715
lbn,2007,186.9483096898
lbn,2008,209.1653254533
lbn,2009,231.2016815763
lbn,2010,261.2958172748
lbn,2011,290.2406303463
lbn,2012,269.4865446659
lbn,2013,232.4802148384
lbn,2014,223.9320690071
lbn,2015,224.5948906567
lbn,2016,230.7309506814
lbn,2017,248.0063654182
lbn,2018,262.9232619290
lbn,2019,258.8548063418
lbn,2020,220.8425248584
lbn,2021,163.1939134944
lbn,2022,128.8390380033
lbn,2023,102.3121167594
lso,2004,6.3124607442
lso,2005,7.8484020876
lso,2006,14.9561870372
lso,2007,25.5130373727
lso,2008,36.4651153976
lso,2009,37.3834405679
lso,2010,37.9656420999
lso,2011,49.6280251657
lso,2012,38.8945736821
lso,2013,44.9550658477
lso,2014,64.2186341999
lso,2015,40.5336570088
lso,2016,38.1760392601
lso,2017,40.5594692237
lso,2018,41.5624041289
lso,2019,40.4347206737
lso,2020,40.0349660962
lso,2021,38.7772612088
lso,2022,38.7314992239
lso,2023,38.4237961229
lbr,2015,21.7257467446
lbr,2016,24.4299433601
lbr,2017,22.4428888623
lbr,2018,23.7448542806
lbr,2019,16.5579950536
lbr,2020,13.3136586373
lbr,2021,9.9769346224
lbr,2022,9.7197090207
lbr,2023,12.8401498402
lby,2004,122.3483026671
lby,2005,119.1087143692
lby,2006,116.6438324951
lby,2007,113.6887070175
lby,2008,115.3649632095
lby,2009,145.6103269665
lby,2010,150.1725147759
lby,2011,142.6705254369
ltu,2020,296.6146001189
ltu,2021,293.2781556475
ltu,2022,323.8125107654
ltu,2023,363.2764574814
mdg,2004,9.4869325535
mdg,2005,12.8230627551
mdg,2006,12.8838087795
mdg,2007,15.5092905997
mdg,2008,19.1134444574
mdg,2009,19.6059112227
mdg,2010,19.8035583991
mdg,2011,20.4076454510
mdg,2012,20.7440671600
mdg,2013,23.2673985209
mdg,2014,28.1925555397
mdg,2015,30.2205693338
mdg,2016,27.9811091481
mdg,2017,30.9287632765
mdg,2018,61.5354273149
mdg,2019,50.8237108749
mdg,2020,53.0602788230
mdg,2021,72.2590290474
mdg,2022,95.5802565015
mwi,2007,17.1781172324
mwi,2009,16.4986908132
mwi,2010,17.2339164431
mwi,2016,38.1553943775
mwi,2017,12.7088708004
mwi,2018,12.0749347017
mwi,2019,12.6648003218
mwi,2020,15.2402169753
mwi,2021,16.6392716777
mwi,2022,22.3166019145
mys,2013,336.4397999807
mys,2014,338.3939849059
mys,2015,328.5263359123
mys,2016,321.9188617128
mys,2017,311.0574420336
mys,2018,309.7805272818
mys,2019,305.3502119068
mys,2020,302.5388935875
mys,2021,300.8651146462
mys,2022,305.0538770503
mys,2023,309.7261143218
mdv,2004,74.8815070694
mdv,2005,150.3599104696
mdv,2006,168.1110864991
mdv,2007,176.7288550164
mdv,2008,170.8582472421
mdv,2009,120.3255273989
mdv,2010,107.0512892074
mdv,2011,139.0880555684
mdv,2012,136.1000374800
mdv,2013,108.7717803992
mdv,2014,123.4187820041
mdv,2015,123.5997235199
mdv,2016,139.2377344754
mdv,2017,159.0200821592
mdv,2018,156.7217546424
mdv,2019,184.1054394155
mdv,2020,189.6034497757
mdv,2021,275.8092727691
mdv,2022,326.0456227421
mdv,2023,346.7373992306
mlt,2020,307.6205976115
mlt,2021,324.3996279103
mlt,2022,377.1768373450
mlt,2023,402.2325193940
mrt,2008,34.0416312390
mrt,2012,40.4161964914
mrt,2013,48.5488963360
mrt,2014,53.5827120516
mrt,2015,69.0932810423
mrt,2016,75.7924907000
mrt,2017,82.1928670715
mrt,2018,85.9510362770
mrt,2019,89.2513646273
mrt,2020,96.9836872765
mrt,2021,103.1537168392
mrt,2022,105.6446629513
mus,2015,286.4065204152
mus,2016,284.5327613120
mus,2017,279.4253574785
mus,2018,260.6518536504
mus,2019,258.4064509458
mus,2020,247.9343878372
mus,2021,248.2747514553
mus,2022,248.0383407263
mus,2023,261.0090149292
mda,2004,19.3966129536
mda,2005,34.9007696309
mda,2006,47.0930491202
mda,2007,75.6157580788
mda,2008,80.6386760864
mda,2009,54.7815539773
mda,2010,48.0974832920
mda,2011,46.9241581581
mda,2012,52.3646652937
mda,2013,59.3982611828
mda,2014,65.7383836156
mda,2015,64.0782482678
mda,2016,52.9696332325
mda,2017,86.4451770117
mda,2018,99.0899801768
mda,2019,126.5499859696
mda,2020,150.6906054516
mda,2021,185.9865310905
mda,2022,164.8301225133
mda,2023,184.4711848224
mne,2007,261.5719230473
mne,2008,281.8262040778
mne,2009,245.7411289852
mne,2010,225.0434796531
mne,2011,217.2577458921
mne,2012,212.5267687222
mne,2013,218.2539525339
mne,2014,221.0980403006
mne,2015,222.4041538273
mne,2016,225.0203390966
mne,2017,232.1151023652
mne,2018,245.9828915317
mne,2019,249.5984902842
mne,2020,249.6138247778
mne,2021,301.4671485446
mne,2022,301.5724184861
mne,2023,308.9502596370
moz,2004,3.9735596778
moz,2005,6.3864177164
moz,2006,8.7008904322
moz,2007,12.0624951904
moz,2008,14.5360311214
moz,2009,17.4576464642
moz,2010,22.3074975836
moz,2011,27.0352139341
moz,2012,31.6271973281
moz,2013,33.0694786052
moz,2014,33.3025398753
moz,2015,38.9179027619
moz,2016,39.8050709833
moz,2017,34.1962055236
moz,2018,37.3565911186
moz,2019,49.8165578662
moz,2020,47.9971839260
moz,2021,51.2563496723
moz,2022,52.6387610601
moz,2023,55.0195725583
mmr,2004,0.6522026234
mmr,2005,0.9015975163
mmr,2006,0.8890071318
mmr,2007,0.7200120961
mmr,2008,0.6763268776
mmr,2009,0.6249119156
mmr,2010,0.6310945978
mmr,2011,0.8287841321
mmr,2012,0.8629225558
mmr,2013,1.3177389297
mmr,2014,1.9105853933
mmr,2015,3.4066664821
mmr,2016,4.3936068889
mmr,2017,4.0749006501
mmr,2018,4.3774330933
mmr,2019,12.7837318565
nam,2004,33.9340050212
nam,2005,33.0205221595
nam,2006,48.7082787067
nam,2007,51.8483615750
nam,2008,51.1965236792
nam,2009,50.3727814351
nam,2010,50.1790216710
nam,2011,152.9797067282
nam,2012,206.4147140081
nam,2013,271.7606623920
nam,2014,260.5271316959
nam,2015,252.2954591744
nam,2016,318.9875366896
nam,2017,314.8252441289
nam,2018,303.9342173973
nam,2019,319.2425617441
nam,2020,297.2724650714
nam,2021,340.2602712992
nam,2022,338.2888089995
ner,2022,13.6979486046
nga,2008,26.0479726553
nga,2009,29.1153597559
nga,2010,30.2888636723
nga,2011,27.1031621215
nga,2012,30.2649802563
nga,2013,26.1260555032
nga,2014,30.6557380253
nga,2015,29.5118504320
nga,2016,23.5159598687
nga,2017,21.5123076024
nga,2018,18.3234696757
nga,2019,25.1374526133
nga,2020,29.3053355561
nga,2021,35.1673138139
nga,2022,33.7409112666
mkd,2004,11.8494396028
mkd,2005,18.3652795984
mkd,2006,28.0731806560
mkd,2007,67.6924178088
mkd,2008,270.2622232887
mkd,2009,290.6097572481
mkd,2010,306.5791944270
mkd,2011,316.2633953697
mkd,2012,324.3177314191
mkd,2013,339.6741409701
mkd,2014,354.4246079797
mkd,2015,367.6012736209
mkd,2016,364.5084205376
mkd,2017,372.1243343184
mkd,2018,380.3264733230
mkd,2019,386.5335579522
mkd,2020,384.0425511416
mkd,2021,385.5063046096
mkd,2022,387.4356167660
mkd,2023,381.2121514454
pak,2006,25.0135169117
pak,2007,29.4867040152
pak,2008,29.5300833906
pak,2009,27.0409268096
pak,2010,25.2904748208
pak,2011,24.6120130322
pak,2012,23.9035854671
pak,2013,22.9348949985
pak,2014,22.5316437062
pak,2015,24.2103319906
pak,2016,24.5466451201
pak,2017,25.0050875657
pak,2018,26.0307839819
pak,2019,25.3192801327
pak,2020,24.8887500436
pak,2021,25.3700502423
pak,2022,24.8324967045
pak,2023,21.8298304558
plw,2012,280.6918060675
plw,2013,331.8184400386
plw,2014,352.9078014184
plw,2015,354.6560996320
plw,2016,327.9151145728
plw,2017,306.8673142793
pry,2004,91.3681744276
pry,2005,104.0871291924
pry,2006,50.5077914318
pry,2007,59.7726275370
pry,2008,79.9294031553
pry,2009,107.8964695947
pry,2010,132.5964407920
pry,2011,148.2645419520
pry,2012,190.8680510323
pry,2013,205.9350335302
pry,2014,296.5826763872
pry,2015,274.5379755784
pry,2016,279.7489536497
pry,2017,282.3074728389
pry,2018,292.8917594077
pry,2019,294.6839294952
pry,2020,286.8037416208
pry,2021,283.8993202609
pry,2022,287.2580833760
pry,2023,343.4869956550
per,2004,69.6655490520
per,2005,77.1040122023
per,2006,88.8138553947
per,2007,106.2397333147
per,2008,126.0900375204
per,2009,115.1210101196
per,2010,121.5206595778
per,2011,132.8386529458
per,2012,147.4324231392
per,2013,157.4470535380
per,2014,161.3038068886
per,2015,157.6694379834
per,2016,153.9865215944
per,2017,150.7336468257
per,2018,150.9427823937
per,2019,158.6847857331
per,2020,148.0927126089
per,2021,147.5007632408
per,2022,159.1020840200
per,2023,154.3816139289
pol,2008,448.8983374893
pol,2009,476.6602205166
pol,2010,482.6676922596
pol,2011,479.2595348830
pol,2012,463.7931054217
pol,2013,460.1681048987
pol,2014,463.4704334549
pol,2015,461.2192406093
pol,2016,460.1236119249
pol,2017,462.2442333183
pol,2018,465.9814033222
pol,2019,467.8664937705
pol,2020,460.6304176453
pol,2021,458.6519225446
pol,2022,458.3990399149
pol,2023,460.2519003119
prt,2004,330.1509151042
prt,2005,336.2321590120
prt,2006,361.4841555154
prt,2007,386.2814987641
prt,2008,414.5244679707
prt,2009,390.4926699904
prt,2010,392.2780641698
prt,2011,390.5452666219
prt,2012,379.7244703436
prt,2013,373.9379199426
prt,2014,372.0439685251
prt,2015,371.6512031551
prt,2016,366.9583406527
prt,2017,384.6791130737
prt,2018,522.5403944245
prt,2019,528.5885981474
prt,2020,523.5467680772
prt,2021,513.7308681900
prt,2022,515.3855482558
prt,2023,507.6809130153
qat,2004,328.2117565673
qat,2005,341.6550796143
qat,2006,326.2007405814
qat,2007,323.6568407525
qat,2008,314.1253065240
qat,2009,299.9570690035
qat,2010,252.8102289626
qat,2011,234.8552256558
qat,2012,247.6404742685
qat,2013,255.1880564287
qat,2014,244.1905181914
qat,2015,238.3183548919
qat,2016,249.1498265276
qat,2017,240.3658024959
qat,2018,236.3213287924
qat,2019,232.3785468750
qat,2020,234.5593207282
qat,2021,262.4323861207
rou,2008,244.8778084337
rou,2009,242.4962916131
rou,2010,235.5546766974
rou,2011,228.6005187338
rou,2012,230.6763185569
rou,2013,222.4481604334
rou,2014,213.6416043845
rou,2015,216.0710000187
rou,2016,209.5673214354
rou,2017,211.3541837119
rou,2018,226.4227416273
rou,2019,236.7691504225
rou,2020,234.2784637598
rou,2021,235.5387619222
rou,2022,237.0532913051
rou,2023,242.1156104037
rwa,2004,0.3942643354
rwa,2005,0.9661498144
rwa,2006,0.7499393265
rwa,2007,1.1073572715
rwa,2008,1.4431146513
rwa,2009,2.9546932065
rwa,2010,5.9764742275
rwa,2011,8.9347891463
rwa,2012,10.2405674359
rwa,2013,14.6282415914
rwa,2014,34.2989211169
rwa,2015,35.3345772670
rwa,2016,29.2614945343
rwa,2017,19.6361757291
rwa,2018,27.1006402469
rwa,2019,38.5419564452
rwa,2020,49.0931270224
rwa,2021,52.4845283731
rwa,2022,87.7042261230
rwa,2023,134.3953154747
wsm,2004,172.3195584362
wsm,2005,194.3331399759
wsm,2006,179.7555331814
wsm,2007,165.8334423941
wsm,2008,151.8423026843
wsm,2009,145.8471817423
wsm,2010,145.4084426361
wsm,2011,176.6626138805
wsm,2012,126.0765038120
wsm,2013,114.6018203429
wsm,2014,104.1631430159
wsm,2015,105.4351811993
wsm,2016,120.4466771291
wsm,2017,123.5083997567
wsm,2018,138.3855914227
wsm,2019,137.5888794897
wsm,2020,111.3351372014
wsm,2021,104.7868592567
wsm,2022,104.5356651517
wsm,2023,148.8799467249
smr,2004,284.7472741275
smr,2005,301.7855713027
smr,2006,539.7862232779
smr,2007,757.1540265833
smr,2008,737.0024683740
smr,2009,980.1233721727
smr,2010,1046.5751374808
smr,2011,957.4885546109
smr,2012,892.5217020065
smr,2013,574.6345262115
smr,2014,581.4379914666
smr,2015,528.9010258026
smr,2016,531.5021994389
smr,2017,556.6031267142
smr,2018,547.9004188945
smr,2019,500.9829842045
smr,2020,473.5037512306
smr,2021,454.5764561451
smr,2022,453.4745156787
smr,2023,412.6419250974
stp,2013,63.1878930818
stp,2014,59.2070623750
stp,2015,113.3742711716
stp,2016,125.1308723699
stp,2017,148.7484391668
stp,2018,125.5048277313
stp,2019,118.7081964618
stp,2020,107.0531877205
stp,2021,138.9370608462
stp,2022,80.2720297605
sau,2004,88.1947637626
sau,2005,106.6398460249
sau,2006,130.9706666494
sau,2007,139.6373597126
sau,2008,161.1835637465
sau,2009,155.7779676745
sau,2010,155.7397890679
sau,2011,162.1234179106
sau,2012,152.8845866739
sau,2013,162.2832627675
sau,2014,169.3877687515
sau,2015,165.4707435475
sau,2016,164.1006163368
sau,2017,197.6376900084
sau,2018,174.2259311936
sau,2019,135.8282580566
sau,2020,128.2140726338
sau,2021,149.0353905178
sau,2022,158.9601166388
sau,2023,171.3105883699
srb,2007,166.9371365246
srb,2008,165.1635586667
srb,2009,165.5972981549
srb,2010,179.7050548417
srb,2011,182.7043844799
srb,2012,407.4448025214
srb,2013,474.9772579629
srb,2014,491.0138578199
srb,2015,530.8325128808
srb,2016,549.1135605301
srb,2017,547.5260321587
srb,2018,532.2541847099
srb,2019,528.7910746069
srb,2020,544.2790485227
srb,2021,549.8709372190
srb,2022,562.4593479503
srb,2023,546.0492508118
syc,2004,77.8900706287
syc,2005,91.1859079301
syc,2006,94.7346600332
syc,2007,113.3486948013
syc,2008,119.1489361702
syc,2009,121.4998782566
syc,2010,130.7180890183
syc,2011,137.3196619177
syc,2012,156.5440293974
syc,2013,210.2946304045
syc,2014,229.4152105271
syc,2015,211.0766739264
syc,2016,218.4490763063
syc,2017,256.3379898156
syc,2018,287.3209806619
syc,2019,296.9301058031
syc,2020,285.9448803271
syc,2021,252.2582759751
syc,2022,268.8223750049
sle,2004,3.0946085372
sle,2005,3.2794026623
sle,2006,3.9353985934
sle,2007,4.3804005630
sle,2008,7.4052784136
sle,2009,8.0417261935
sle,2010,10.2875573701
sle,2011,10.2766641053
sle,2012,14.0849494410
sgp,2004,635.7400225380
sgp,2005,653.9402384534
sgp,2006,809.2617358971
sgp,2007,849.4166978027
sgp,2008,829.6793409572
sgp,2009,864.5930376840
sgp,2010,928.0808591282
sgp,2011,1009.1953837452
sgp,2012,1042.7005116445
sgp,2013,1092.0651681519
sgp,2014,1119.3856467684
sgp,2015,1114.5161156785
sgp,2016,1167.4455571063
sgp,2017,1122.2931755651
sgp,2018,1086.8535425309
sgp,2019,1081.5166183439
sgp,2020,1073.6830809481
slb,2012,15.7123612651
slb,2013,35.1605654223
slb,2014,38.8188772057
slb,2015,26.4667553739
slb,2016,28.5824096341
slb,2017,26.3104587385
slb,2018,84.1400227474
slb,2019,94.7350292772
slb,2020,85.2102003242
slb,2021,42.0306426860
slb,2022,41.4204537724
slb,2023,42.4605551344
ssd,2011,0.8692698709
ssd,2012,1.2821790818
ssd,2013,1.5543260159
ssd,2014,2.2001287417
ssd,2015,1.6897289916
ssd,2016,1.2611524220
ssd,2017,0.7823960370
ssd,2018,0.6618804463
ssd,2019,0.6529204715
ssd,2020,1.0296407484
ssd,2021,0.8126454293
ssd,2022,1.0267572281
ssd,2023,1.2375345314
esp,2017,415.1518191768
esp,2018,419.1502574361
esp,2019,425.5464692767
esp,2020,433.3235529305
esp,2021,433.3746082748
esp,2022,440.6843052725
esp,2023,466.0784920137
sur,2015,183.2821489659
sur,2016,177.2375468474
sur,2017,189.5512959523
sur,2018,192.7580986700
sur,2019,192.1431411894
sur,2020,138.8703834085
sur,2021,134.2145272669
sur,2022,154.9304900468
sur,2023,158.4232148821
syr,2008,73.3544209764
syr,2009,72.6531631954
syr,2010,85.3755240368
syr,2011,66.4785576520
syr,2012,57.1965164006
syr,2013,50.1341072828
tjk,2004,3.2680176096
tjk,2005,7.2435003900
tjk,2006,10.9270687559
tjk,2007,21.9779949773
tjk,2008,26.4479771840
tjk,2009,16.2654938195
tjk,2010,18.8470551956
tjk,2011,21.9061489998
tjk,2012,26.2900871645
tjk,2013,35.1176987489
tjk,2014,46.3281938376
tjk,2015,37.0634682181
tjk,2016,32.0914172535
tjk,2017,33.6045588935
tjk,2018,39.9179745884
tjk,2019,52.3065106585
tjk,2020,146.9079130826
tjk,2021,322.8422456072
tjk,2022,328.0594499030
tza,2006,5.8380128556
tza,2007,18.6151395819
tza,2008,21.5246626899
tza,2009,24.8094608940
tza,2010,25.9349173404
tza,2011,31.8251842466
tza,2012,29.4847295228
tza,2013,27.9253396982
tza,2014,210.6517577365
tza,2015,27.1944437668
tza,2018,26.9183474832
tza,2019,41.5075872919
tza,2020,65.4138082268
tza,2021,68.6078563392
tza,2022,35.9416429036
tha,2005,158.7072730883
tha,2006,185.5746088654
tha,2007,203.4497778591
tha,2008,211.3860698689
tha,2009,214.3172965498
tha,2010,227.3478157369
tha,2011,245.9756160269
tha,2012,266.4409251327
tha,2013,286.6137344756
tha,2014,299.2223104912
tha,2015,307.6234363525
tha,2016,314.2333205237
tha,2017,318.0971487247
tha,2018,352.6323243966
tha,2019,362.9887837079
tha,2020,371.0912820442
tha,2021,385.1423882875
tha,2022,349.2596684900
tha,2023,333.4891150644
tls,2004,30.1314869108
tls,2005,29.0278995298
tls,2006,26.4531566742
tls,2007,20.6916448159
tls,2008,16.2316235603
tls,2009,12.3217051203
tls,2010,13.0938925997
tls,2011,29.7836702378
tls,2012,34.9574400845
tls,2013,35.5337192007
tls,2014,36.7993063859
tls,2015,36.5623350259
tls,2016,40.3642929212
tls,2017,43.5252781523
tls,2018,37.9416152631
tls,2019,43.1059123861
tls,2020,47.2192633459
tls,2021,49.1735382484
tls,2022,52.8225829475
tls,2023,52.2840620643
tgo,2019,33.6335354348
tgo,2020,34.1055809893
tgo,2021,32.8581091729
tgo,2022,30.3538744284
ton,2016,168.2998188826
ton,2017,162.5574401172
tun,2004,72.8052049116
tun,2005,83.6657537528
tun,2006,115.2561425022
tun,2007,127.9673658109
tun,2008,135.8955398403
tun,2009,141.5009858767
tun,2010,152.1935812986
tun,2011,168.2736409950
tun,2012,186.6803302702
tun,2013,197.3143745017
tun,2014,207.6968311175
tun,2015,219.4383223749
tun,2016,227.5185169488
tun,2017,228.4524431247
tun,2018,228.8100445776
tun,2019,235.6214349763
tun,2020,241.1448694278
tun,2021,245.9566855150
tun,2022,249.0469585641
tur,2004,524.6472841329
tur,2005,589.7007709296
tur,2006,601.3811624169
tur,2007,684.7092318881
tur,2008,699.9641075617
tur,2009,737.8883772085
tur,2010,756.6990651103
tur,2011,803.5257690735
tur,2012,859.2786186375
tur,2013,834.1108190641
tur,2014,825.6740651006
tur,2015,834.5620199593
tur,2016,795.8175019018
tur,2017,798.3319663190
tur,2018,775.6597398972
tur,2019,765.6446905482
tur,2020,853.8494190082
tur,2021,880.9709470214
tur,2022,940.4075896942
tur,2023,984.7749428291
uga,2010,18.9607501284
uga,2011,19.7330627814
uga,2012,17.8160248975
uga,2013,19.3275457827
uga,2014,21.3830108190
uga,2015,25.7916619733
uga,2016,33.5516558198
uga,2017,31.7561340727
uga,2018,71.1399481919
uga,2019,72.4887867118
uga,2020,60.2907103290
uga,2021,41.1470259461
uga,2022,43.4787041416
uga,2023,42.0164802190
are,2014,494.4508613857
are,2015,507.9263735588
are,2016,564.8548835813
are,2017,565.8916905638
are,2018,569.0193237210
are,2019,524.1601136395
are,2020,500.8966822314
are,2021,581.1356216162
are,2022,625.1876005633
are,2023,683.5769771412
gbr,2004,56.0643415512
gbr,2005,57.0294207345
gbr,2006,57.1892971742
gbr,2007,58.3212020870
gbr,2008,57.5159961696
gbr,2009,52.9182029649
gbr,2010,49.6886144700
gbr,2011,53.7359548368
gbr,2012,59.3952065933
ury,2005,219.4954716252
ury,2006,304.4888447478
ury,2007,348.2368075629
ury,2008,403.6022927073
ury,2009,425.5850442562
ury,2010,478.1211952972
ury,2011,484.5285739902
ury,2012,563.0239930178
ury,2013,569.7592121369
ury,2014,567.0433650977
ury,2015,524.4949705747
ury,2016,471.2358911604
ury,2017,546.6545896704
ury,2018,547.4173475997
ury,2019,567.3089605829
ury,2020,574.1838154980
ury,2021,604.3191556884
ury,2022,714.4965098781
ury,2023,732.3774378857
uzb,2006,12.4585416251
uzb,2007,21.2920487341
uzb,2008,24.6754850854
uzb,2009,26.6539613270
uzb,2010,36.2388712933
uzb,2011,39.5571927089
uzb,2012,44.2891879183
uzb,2013,46.6647763325
uzb,2014,49.2188799699
uzb,2015,58.1222564248
uzb,2016,68.5903617089
uzb,2017,88.6577940636
uzb,2018,114.2191558125
uzb,2019,154.2591858327
uzb,2020,179.6106398795
uzb,2021,214.6588744415
uzb,2022,254.2518927716
uzb,2023,306.7504138594
vut,2014,82.7536742656
vut,2015,87.4916007337
vut,2016,87.6056188959
vut,2017,94.1293748962
vut,2018,97.3873591990
vut,2019,100.6115475854
vut,2020,73.2186939997
vut,2021,84.9045447300
pse,2009,72.1087937565
pse,2010,82.7549464412
pse,2011,100.3417400680
pse,2012,109.0285180176
pse,2013,112.3621074080
pse,2014,112.1735103001
pse,2015,125.1683860618
pse,2016,139.4949375506
pse,2017,127.9923113642
pse,2018,152.4402603956
pse,2019,160.2221689964
pse,2020,152.1128546627
pse,2021,155.5109434061
pse,2022,165.1399331623
pse,2023,178.2065937655
yem,2009,1.8229337703
yem,2010,7.3966640091
yem,2011,6.1043310236
yem,2012,9.1625137494
yem,2013,10.7216469371
yem,2014,12.3964598779
yem,2015,13.2437583688
zmb,2004,1.5688749957
zmb,2005,2.9158284559
zmb,2006,4.5321105546
zmb,2007,13.4473375957
zmb,2008,12.1027698713
zmb,2009,17.4238624781
zmb,2010,18.4014839110
zmb,2011,22.7771692756
zmb,2012,37.5325582232
zmb,2013,37.2624795186
zmb,2014,37.0684973799
zmb,2015,32.7618319288
zmb,2016,24.2212797202
zmb,2017,23.6075178218
zmb,2018,21.6586506870
zmb,2019,22.2315893480
zmb,2020,20.8418972651
zmb,2021,32.4744576028
zmb,2022,46.9968455577
zwe,2004,2.5858125481
zwe,2005,3.5600531795
zwe,2006,3.0008293135
zwe,2007,3.7139298127
zwe,2008,1.5663015531
zwe,2009,7.4763561170
zwe,2010,12.6720694657
zwe,2011,16.8009318333
zwe,2012,58.1402185116
zwe,2013,59.3040257538
zwe,2014,42.7607828754
zwe,2015,39.1679150686
zwe,2016,39.3818039125
zwe,2017,39.2238619796
zwe,2018,135.3071130678
zwe,2019,85.0584330398
zwe,2020,54.0537023169
zwe,2021,61.4583734430
zwe,2022,68.3588256975
zwe,2023,74.5310081587
