economy,year,se_prm_uner_ma
arb,1970,3591617
arb,1971,3670725
arb,1972,3612047
arb,1973,3593582
arb,1974,3592489
arb,1975,3585678
arb,1976,3478357
arb,1977,3496246
arb,1978,3532798
arb,1979,3508137
arb,1980,3492774
arb,1981,3554684
arb,1982,3613424
arb,1983,3648922
arb,1984,3568601
arb,1985,3604712
arb,1986,3596543
arb,1987,3552822
arb,1988,3578060
arb,1989,3664387
arb,1990,3642111
arb,1991,3754281
arb,1992,4138594
arb,1993,4196813
arb,1994,4036279
arb,1995,4161797
arb,1996,3988220
arb,1997,3935591
arb,1998,4003704
arb,1999,3771526
arb,2000,3688576
arb,2001,3558112
arb,2002,3459320
arb,2003,3341399
arb,2004,3274997
arb,2005,3316262
arb,2006,3353659
arb,2007,3160578
arb,2008,3015062
arb,2009,2949753
arb,2010,2778487
arb,2011,2936995
arb,2012,3061381
arb,2013,3299515
arb,2014,3517686
arb,2015,3543997
arb,2016,3605393
arb,2017,3436666
arb,2018,3465316
arb,2019,3584653
css,1970,30430
css,1971,30855
css,1972,28126
css,1973,27841
css,1974,23734
css,1975,35728
css,1976,42044
css,1977,32465
css,1978,33044
css,1979,33157
css,1980,39449
css,1981,35976
css,1982,28515
css,1983,27584
css,1984,28782
css,1985,28705
css,1986,29085
css,1987,18867
css,1988,21979
css,1989,16825
css,1990,25161
css,1991,31499
css,1992,32281
css,1993,33920
css,1994,33165
css,1995,31689
css,1996,31502
css,1997,31659
css,1998,28762
css,1999,27456
css,2000,24781
css,2001,27362
css,2002,34344
css,2003,35047
css,2004,27461
css,2005,29265
css,2006,28979
css,2007,29767
css,2008,28282
css,2009,30894
css,2010,29964
css,2011,28693
css,2012,29807
css,2013,31759
css,2014,33107
css,2015,31548
css,2016,29014
css,2017,30960
css,2018,33497
css,2019,34571
ceb,1997,221022
ceb,1998,125318
ceb,1999,139301
ceb,2000,140160
ceb,2001,127520
ceb,2002,128876
ceb,2003,129030
ceb,2004,127741
ceb,2005,128606
ceb,2006,123547
ceb,2007,106922
ceb,2008,96425
ceb,2009,90249
ceb,2010,80861
ceb,2011,83756
ceb,2012,78454
ceb,2013,86847
ceb,2014,98186
ceb,2015,106167
ceb,2016,119150
ceb,2017,129906
ceb,2018,139581
ceb,2019,138395
ear,1970,25100000
ear,1971,25300000
ear,1972,24500000
ear,1973,23400000
ear,1974,23700000
ear,1975,23500000
ear,1976,23200000
ear,1977,22400000
ear,1978,23100000
ear,1979,23000000
ear,1980,22500000
ear,1981,21800000
ear,1982,21100000
ear,1983,20800000
ear,1984,20800000
ear,1985,21000000
ear,1986,20900000
ear,1987,21400000
ear,1988,20900000
ear,1989,19900000
ear,1990,20300000
ear,1991,20500000
ear,1992,21000000
ear,1993,21100000
ear,1994,21000000
ear,1995,21600000
ear,1996,21500000
ear,1997,22000000
ear,1998,21900000
ear,1999,21700000
ear,2000,20200000
ear,2001,19800000
ear,2002,19800000
ear,2003,19300000
ear,2004,17000000
ear,2005,15000000
ear,2006,14200000
ear,2007,11700000
ear,2008,12300000
ear,2009,13000000
ear,2010,12600000
ear,2011,13400000
ear,2012,11800000
ear,2013,10500000
ear,2014,9913643
ear,2015,9819797
ear,2016,9327567
ear,2017,9312755
ear,2018,9322248
ear,2019,9353026
eas,1986,5197042
eas,1987,3742976
eas,1988,2567567
eas,1989,1842122
eas,1990,2267554
eas,1991,2232086
eas,1992,2808639
eas,1993,3624423
eas,1994,4678626
eas,1995,6323896
eas,1996,7737333
eas,1997,8855420
eas,1998,7383221
eas,1999,5480531
eas,2000,5059568
eas,2001,4539440
eas,2002,4478149
eas,2003,4236609
eas,2004,4466963
eas,2005,4413702
eas,2006,4961733
eas,2007,3910554
eas,2008,3779480
eas,2009,3401792
eas,2010,3431275
eas,2011,3517965
eas,2012,3153755
eas,2013,3424738
eas,2014,3198387
eas,2015,2999151
eas,2016,2948842
eas,2017,2816660
eas,2018,2748943
eas,2019,2889002
eap,1986,4638770
eap,1987,3298711
eap,1988,2201919
eap,1989,1524812
eap,1990,1880980
eap,1991,1821794
eap,1992,2386433
eap,1993,3195524
eap,1994,4231521
eap,1995,5844003
eap,1996,7267660
eap,1997,8395577
eap,1998,6939762
eap,1999,5058554
eap,2000,4684202
eap,2001,4202329
eap,2002,4135554
eap,2003,3917563
eap,2004,4157926
eap,2005,4135439
eap,2006,4686371
eap,2007,3672860
eap,2008,3564976
eap,2009,3204391
eap,2010,3247156
eap,2011,3330080
eap,2012,2946189
eap,2013,3221085
eap,2014,3019886
eap,2015,2866001
eap,2016,2795285
eap,2017,2660098
eap,2018,2606280
eap,2019,2752653
tea,1986,4622738
tea,1987,3283685
tea,1988,2187129
tea,1989,1509446
tea,1990,1864541
tea,1991,1804334
tea,1992,2368304
tea,1993,3177032
tea,1994,4213032
tea,1995,5825741
tea,1996,7249590
tea,1997,8377449
tea,1998,6921654
tea,1999,5040249
tea,2000,4665605
tea,2001,4183424
tea,2002,4116419
tea,2003,3898332
tea,2004,4138715
tea,2005,4116356
tea,2006,4667527
tea,2007,3654267
tea,2008,3546575
tea,2009,3186144
tea,2010,3220107
tea,2011,3294347
tea,2012,2901993
tea,2013,3168764
tea,2014,2944469
tea,2015,2781845
tea,2016,2703242
tea,2017,2560440
tea,2018,2498850
tea,2019,2646562
emu,1970,589929
emu,1971,595958
emu,1972,598890
emu,1973,597573
emu,1974,510453
emu,1975,467035
emu,1976,424709
emu,1977,404031
emu,1978,394471
emu,1979,378656
emu,1980,364374
emu,1981,373332
emu,1982,391151
emu,1983,458753
emu,1984,467157
emu,1985,451889
emu,1986,361785
emu,1987,328041
emu,1988,308517
emu,1989,293424
emu,1990,301441
emu,1991,314381
emu,1992,351923
emu,1993,331496
emu,1994,319556
emu,1995,270979
emu,1996,198881
emu,1997,183895
emu,1998,53844
emu,1999,89252
emu,2000,93032
emu,2001,111740
emu,2002,186301
emu,2003,182367
emu,2004,174982
emu,2005,92003
emu,2006,82647
emu,2007,66637
emu,2008,81170
emu,2009,95050
emu,2010,90550
emu,2011,76361
emu,2012,98433
emu,2013,111777
emu,2014,142989
emu,2015,118133
emu,2016,106607
emu,2017,118910
emu,2018,135071
emu,2019,134552
ecs,1973,1773517
ecs,1974,1716042
ecs,1975,1652293
ecs,1976,1556358
ecs,1977,1508057
ecs,1978,1469769
ecs,1979,1433784
ecs,1980,1408781
ecs,1981,1547113
ecs,1982,1557164
ecs,1983,1656195
ecs,1984,1560737
ecs,1985,1541843
ecs,1986,1379232
ecs,1987,1255523
ecs,1988,1134900
ecs,1989,1173725
ecs,1990,1168550
ecs,1991,1069239
ecs,1992,1138647
ecs,1993,1149982
ecs,1994,1169168
ecs,1995,1281226
ecs,1996,1124547
ecs,1997,1072154
ecs,1998,753370
ecs,1999,699270
ecs,2000,771902
ecs,2001,679310
ecs,2002,621794
ecs,2003,561892
ecs,2004,567508
ecs,2005,674305
ecs,2006,707055
ecs,2007,696114
ecs,2008,552689
ecs,2009,635873
ecs,2010,561671
ecs,2011,538890
ecs,2012,561533
ecs,2013,489042
ecs,2014,569974
ecs,2015,522437
ecs,2016,521742
ecs,2017,522119
ecs,2018,565600
ecs,2019,588655
eca,1993,415784
eca,1994,523940
eca,1995,711127
eca,1996,631224
eca,1997,637527
eca,1998,586154
eca,1999,478892
eca,2000,546490
eca,2001,445462
eca,2002,314895
eca,2003,259411
eca,2004,248352
eca,2005,443915
eca,2006,471323
eca,2007,453930
eca,2008,348723
eca,2009,412296
eca,2010,355689
eca,2011,344561
eca,2012,357130
eca,2013,297177
eca,2014,341137
eca,2015,316495
eca,2016,314257
eca,2017,290865
eca,2018,303493
eca,2019,327989
tec,1993,667198
tec,1994,724347
tec,1995,907713
tec,1996,814325
tec,1997,787442
tec,1998,688175
tec,1999,602852
tec,2000,665768
tec,2001,555613
tec,2002,417049
tec,2003,354468
tec,2004,341998
tec,2005,544081
tec,2006,574894
tec,2007,551634
tec,2008,436884
tec,2009,493547
tec,2010,426404
tec,2011,414903
tec,2012,418735
tec,2013,362323
tec,2014,414414
tec,2015,395652
tec,2016,402806
tec,2017,387828
tec,2018,404537
tec,2019,428060
euu,1970,799358
euu,1971,802067
euu,1972,795703
euu,1973,830840
euu,1974,764575
euu,1975,740617
euu,1976,714349
euu,1977,712081
euu,1978,732424
euu,1979,741860
euu,1980,710722
euu,1981,745291
euu,1982,739041
euu,1983,814335
euu,1984,816974
euu,1985,842327
euu,1986,747439
euu,1987,688253
euu,1988,666072
euu,1989,682534
euu,1990,706963
euu,1991,760038
euu,1992,800012
euu,1993,714289
euu,1994,619365
euu,1995,558065
euu,1996,479331
euu,1997,398571
euu,1998,166351
euu,1999,221823
euu,2000,226686
euu,2001,234525
euu,2002,310059
euu,2003,306041
euu,2004,319751
euu,2005,228661
euu,2006,230963
euu,2007,235828
euu,2008,199481
euu,2009,221208
euu,2010,202418
euu,2011,191751
euu,2012,205191
euu,2013,196469
euu,2014,235946
euu,2015,215953
euu,2016,222277
euu,2017,248261
euu,2018,282426
euu,2019,280831
fcs,1970,8724710
fcs,1971,8839291
fcs,1972,8805870
fcs,1973,8776700
fcs,1974,9198894
fcs,1975,9345141
fcs,1976,9340326
fcs,1977,9226293
fcs,1978,8917114
fcs,1979,8551340
fcs,1980,8308042
fcs,1981,7901428
fcs,1982,7742327
fcs,1983,7776472
fcs,1984,7924724
fcs,1985,8307201
fcs,1986,8903085
fcs,1987,9412337
fcs,1988,9874103
fcs,1989,10400000
fcs,1990,10900000
fcs,1991,10600000
fcs,1992,10700000
fcs,1993,10800000
fcs,1994,10900000
fcs,1995,11100000
fcs,1996,12300000
fcs,1997,12400000
fcs,1998,12700000
fcs,1999,13200000
fcs,2000,12700000
fcs,2001,12500000
fcs,2002,12000000
fcs,2003,11700000
fcs,2004,11400000
fcs,2005,11400000
fcs,2006,11200000
fcs,2007,10500000
fcs,2008,10900000
fcs,2009,10700000
fcs,2010,10800000
fcs,2011,10300000
fcs,2012,10400000
fcs,2013,10800000
fcs,2014,11000000
fcs,2015,11400000
fcs,2016,11500000
fcs,2017,11500000
fcs,2018,11800000
fcs,2019,12000000
hpc,1972,10600000
hpc,1973,10800000
hpc,1974,10900000
hpc,1975,10800000
hpc,1976,10700000
hpc,1977,10700000
hpc,1978,10700000
hpc,1979,10700000
hpc,1980,10600000
hpc,1981,10700000
hpc,1982,11100000
hpc,1983,11200000
hpc,1984,11600000
hpc,1985,11900000
hpc,1986,12300000
hpc,1987,12900000
hpc,1988,13400000
hpc,1989,14200000
hpc,1990,14900000
hpc,1991,15000000
hpc,1992,15800000
hpc,1993,16300000
hpc,1994,16500000
hpc,1995,15900000
hpc,1996,16200000
hpc,1997,15600000
hpc,1998,16100000
hpc,1999,16700000
hpc,2000,16300000
hpc,2001,15700000
hpc,2002,14700000
hpc,2003,14000000
hpc,2004,13300000
hpc,2005,12500000
hpc,2006,11700000
hpc,2007,11100000
hpc,2008,9894350
hpc,2009,10000000
hpc,2010,10400000
hpc,2011,10000000
hpc,2012,10100000
hpc,2013,9639318
hpc,2014,9654790
hpc,2015,9943622
hpc,2016,9829866
hpc,2017,9734160
hpc,2018,9817893
hpc,2019,9791390
hic,1975,4826049
hic,1976,4522580
hic,1977,4312297
hic,1978,4225649
hic,1979,4185016
hic,1980,3074954
hic,1981,3081828
hic,1982,2835464
hic,1983,3078913
hic,1984,3221550
hic,1985,3175926
hic,1986,2823261
hic,1987,2453880
hic,1988,2224160
hic,1989,2033013
hic,1990,1982251
hic,1991,2023750
hic,1992,2213391
hic,1993,2258132
hic,1994,2304657
hic,1995,2119118
hic,1996,2142248
hic,1997,2152397
hic,1998,1495178
hic,1999,1413516
hic,2000,1402400
hic,2001,1351423
hic,2002,1497017
hic,2003,1419390
hic,2004,1337933
hic,2005,1030162
hic,2006,1027771
hic,2007,808595
hic,2008,711203
hic,2009,916550
hic,2010,824541
hic,2011,1049967
hic,2012,819294
hic,2013,813224
hic,2014,836806
hic,2015,655403
hic,2016,518893
hic,2017,599281
hic,2018,649113
hic,2019,677682
ibd,1970,25100000
ibd,1971,25700000
ibd,1972,25500000
ibd,1973,23600000
ibd,1974,23200000
ibd,1975,22600000
ibd,1976,22200000
ibd,1977,22300000
ibd,1978,24000000
ibd,1979,23700000
ibd,1980,22800000
ibd,1981,21700000
ibd,1982,21300000
ibd,1983,20900000
ibd,1984,19800000
ibd,1985,18500000
ibd,1986,16900000
ibd,1987,16200000
ibd,1988,14800000
ibd,1989,13100000
ibd,1990,13000000
ibd,1991,13100000
ibd,1992,14000000
ibd,1993,14400000
ibd,1994,15200000
ibd,1995,17200000
ibd,1996,18300000
ibd,1997,19900000
ibd,1998,18000000
ibd,1999,15300000
ibd,2000,14200000
ibd,2001,13500000
ibd,2002,13200000
ibd,2003,12600000
ibd,2004,11600000
ibd,2005,10500000
ibd,2006,10200000
ibd,2007,7138717
ibd,2008,7693761
ibd,2009,8792852
ibd,2010,8311566
ibd,2011,9104385
ibd,2012,7441973
ibd,2013,7175487
ibd,2014,7102953
ibd,2015,6473165
ibd,2016,6489949
ibd,2017,6423921
ibd,2018,6900853
ibd,2019,7096480
ibt,1970,44100000
ibt,1971,44900000
ibt,1972,44400000
ibt,1973,42100000
ibt,1974,42000000
ibt,1975,41300000
ibt,1976,41000000
ibt,1977,40800000
ibt,1978,42500000
ibt,1979,42000000
ibt,1980,40900000
ibt,1981,39700000
ibt,1982,39400000
ibt,1983,39100000
ibt,1984,39200000
ibt,1985,38700000
ibt,1986,38300000
ibt,1987,38600000
ibt,1988,37700000
ibt,1989,37000000
ibt,1990,37900000
ibt,1991,38200000
ibt,1992,39700000
ibt,1993,40600000
ibt,1994,41800000
ibt,1995,43700000
ibt,1996,45900000
ibt,1997,46800000
ibt,1998,45300000
ibt,1999,43100000
ibt,2000,40800000
ibt,2001,39300000
ibt,2002,37900000
ibt,2003,36000000
ibt,2004,33300000
ibt,2005,31200000
ibt,2006,31100000
ibt,2007,26300000
ibt,2008,26900000
ibt,2009,27900000
ibt,2010,28100000
ibt,2011,28700000
ibt,2012,27300000
ibt,2013,26400000
ibt,2014,26000000
ibt,2015,26500000
ibt,2016,25900000
ibt,2017,25900000
ibt,2018,26000000
ibt,2019,26200000
idb,1998,8586266
idb,1999,8411993
idb,2000,8015697
idb,2001,7907212
idb,2002,7984794
idb,2003,7791748
idb,2004,7013455
idb,2005,6948571
idb,2006,7919722
idb,2007,6643489
idb,2008,7829043
idb,2009,7667614
idb,2010,7806821
idb,2011,8054097
idb,2012,8350304
idb,2013,7911079
idb,2014,7514553
idb,2015,8240048
idb,2016,7796497
idb,2017,7984101
idb,2018,7752085
idb,2019,7751750
idx,1970,13300000
idx,1971,13400000
idx,1972,13000000
idx,1973,12600000
idx,1974,13000000
idx,1975,12900000
idx,1976,12800000
idx,1977,12700000
idx,1978,12700000
idx,1979,12900000
idx,1980,12900000
idx,1981,13100000
idx,1982,13400000
idx,1983,13600000
idx,1984,14400000
idx,1985,14900000
idx,1986,15400000
idx,1987,16000000
idx,1988,16000000
idx,1989,16700000
idx,1990,17500000
idx,1991,17500000
idx,1992,18100000
idx,1993,18600000
idx,1994,18800000
idx,1995,18400000
idx,1996,18600000
idx,1997,18200000
idx,1998,18700000
idx,1999,19400000
idx,2000,18600000
idx,2001,17900000
idx,2002,16700000
idx,2003,15600000
idx,2004,14800000
idx,2005,13700000
idx,2006,12900000
idx,2007,12500000
idx,2008,11400000
idx,2009,11500000
idx,2010,12000000
idx,2011,11500000
idx,2012,11500000
idx,2013,11300000
idx,2014,11400000
idx,2015,11800000
idx,2016,11700000
idx,2017,11500000
idx,2018,11400000
idx,2019,11300000
ida,1972,18900000
ida,1973,18500000
ida,1974,18800000
ida,1975,18800000
ida,1976,18800000
ida,1977,18500000
ida,1978,18500000
ida,1979,18300000
ida,1980,18200000
ida,1981,18000000
ida,1982,18100000
ida,1983,18300000
ida,1984,19400000
ida,1985,20300000
ida,1986,21500000
ida,1987,22500000
ida,1988,22900000
ida,1989,23900000
ida,1990,24900000
ida,1991,25100000
ida,1992,25700000
ida,1993,26200000
ida,1994,26600000
ida,1995,26600000
ida,1996,27600000
ida,1997,27000000
ida,1998,27300000
ida,1999,27800000
ida,2000,26600000
ida,2001,25800000
ida,2002,24700000
ida,2003,23400000
ida,2004,21800000
ida,2005,20700000
ida,2006,20900000
ida,2007,19200000
ida,2008,19200000
ida,2009,19100000
ida,2010,19800000
ida,2011,19600000
ida,2012,19900000
ida,2013,19200000
ida,2014,19000000
ida,2015,20000000
ida,2016,19500000
ida,2017,19500000
ida,2018,19100000
ida,2019,19100000
lte,1986,5247808
lte,1987,4205389
lte,1988,3158476
lte,1989,2687975
lte,1990,2751624
lte,1991,2769878
lte,1992,3139503
lte,1993,3680688
lte,1994,4698605
lte,1995,6115737
lte,1996,7212047
lte,1997,8353847
lte,1998,6632803
lte,1999,4277779
lte,2000,3980676
lte,2001,3604564
lte,2002,3181584
lte,2003,2839985
lte,2004,2965514
lte,2005,3044457
lte,2006,4012240
lte,2007,2848517
lte,2008,2422019
lte,2009,2652766
lte,2010,2679375
lte,2011,2570039
lte,2012,2329655
lte,2013,2406244
lte,2014,2429200
lte,2015,2383005
lte,2016,2389349
lte,2017,2315873
lte,2018,2149587
lte,2019,2345026
lcn,1970,3253915
lcn,1971,3263637
lcn,1972,3226359
lcn,1973,3112025
lcn,1974,3036622
lcn,1975,3046345
lcn,1976,2924838
lcn,1977,2750038
lcn,1978,2653914
lcn,1979,2305810
lcn,1980,2247579
lcn,1981,2042982
lcn,1982,2049626
lcn,1983,2087569
lcn,1984,2165445
lcn,1985,2095359
lcn,1986,2190070
lcn,1987,2221498
lcn,1988,2365392
lcn,1989,2627799
lcn,1990,2540714
lcn,1991,2484623
lcn,1992,2180840
lcn,1993,2029201
lcn,1994,2136901
lcn,1995,2148562
lcn,1996,2028196
lcn,1997,2368582
lcn,1998,1452586
lcn,1999,1092109
lcn,2000,958124
lcn,2001,853772
lcn,2002,676015
lcn,2003,799594
lcn,2004,862995
lcn,2005,887015
lcn,2006,1196550
lcn,2007,772784
lcn,2008,683133
lcn,2009,818758
lcn,2010,894108
lcn,2011,876351
lcn,2012,926780
lcn,2013,992895
lcn,2014,1100497
lcn,2015,1080254
lcn,2016,1070858
lcn,2017,1020349
lcn,2018,961722
lcn,2019,932902
lac,1970,3192243
lac,1971,3213351
lac,1972,3177089
lac,1973,3066203
lac,1974,2986681
lac,1975,2998780
lac,1976,2881854
lac,1977,2710933
lac,1978,2614369
lac,1979,2254035
lac,1980,2177292
lac,1981,1981932
lac,1982,1965018
lac,1983,1985185
lac,1984,2039516
lac,1985,1971100
lac,1986,2053714
lac,1987,2078143
lac,1988,2213268
lac,1989,2484631
lac,1990,2405216
lac,1991,2352083
lac,1992,2034877
lac,1993,1885535
lac,1994,1990080
lac,1995,2001397
lac,1996,1883444
lac,1997,2018961
lac,1998,1342579
lac,1999,994692
lac,2000,856429
lac,2001,747650
lac,2002,566856
lac,2003,687941
lac,2004,790008
lac,2005,819000
lac,2006,1137503
lac,2007,722067
lac,2008,637835
lac,2009,754806
lac,2010,842705
lac,2011,815327
lac,2012,863719
lac,2013,922657
lac,2014,1018645
lac,2015,1000428
lac,2016,981889
lac,2017,938568
lac,2018,888959
lac,2019,861436
tla,1970,3221287
tla,1971,3228405
tla,1972,3183263
tla,1973,3078696
tla,1974,3010808
tla,1975,3037785
tla,1976,2924234
tla,1977,2749290
tla,1978,2653402
tla,1979,2298065
tla,1980,2224431
tla,1981,1985080
tla,1982,1967842
tla,1983,2006605
tla,1984,2071908
tla,1985,1998301
tla,1986,2101307
tla,1987,2146244
tla,1988,2293335
tla,1989,2557176
tla,1990,2466183
tla,1991,2406774
tla,1992,2111932
tla,1993,1964862
tla,1994,2084728
tla,1995,2095469
tla,1996,1988438
tla,1997,2336259
tla,1998,1420156
tla,1999,1063815
tla,2000,930355
tla,2001,825301
tla,2002,646888
tla,2003,765222
tla,2004,828338
tla,2005,847444
tla,2006,1151236
tla,2007,735652
tla,2008,645822
tla,2009,787142
tla,2010,867155
tla,2011,843097
tla,2012,890415
tla,2013,956594
tla,2014,1049873
tla,2015,1026594
tla,2016,1013383
tla,2017,968492
tla,2018,919335
tla,2019,897154
ldc,1970,12800000
ldc,1971,12900000
ldc,1972,12500000
ldc,1973,12100000
ldc,1974,12500000
ldc,1975,12300000
ldc,1976,12200000
ldc,1977,12100000
ldc,1978,12100000
ldc,1979,12300000
ldc,1980,12300000
ldc,1981,12500000
ldc,1982,12900000
ldc,1983,13000000
ldc,1984,13700000
ldc,1985,14300000
ldc,1986,14700000
ldc,1987,15400000
ldc,1988,15300000
ldc,1989,16000000
ldc,1990,16800000
ldc,1991,16900000
ldc,1992,17500000
ldc,1993,18000000
ldc,1994,18100000
ldc,1995,17700000
ldc,1996,17900000
ldc,1997,17500000
ldc,1998,18000000
ldc,1999,18600000
ldc,2000,17900000
ldc,2001,17100000
ldc,2002,16000000
ldc,2003,14800000
ldc,2004,13900000
ldc,2005,12800000
ldc,2006,12000000
ldc,2007,11700000
ldc,2008,10600000
ldc,2009,10600000
ldc,2010,11200000
ldc,2011,10800000
ldc,2012,10900000
ldc,2013,10500000
ldc,2014,10600000
ldc,2015,11100000
ldc,2016,11100000
ldc,2017,11200000
ldc,2018,11100000
ldc,2019,11200000
lmy,1970,44000000
lmy,1971,44800000
lmy,1972,44300000
lmy,1973,42100000
lmy,1974,41900000
lmy,1975,41200000
lmy,1976,40800000
lmy,1977,40700000
lmy,1978,42400000
lmy,1979,41800000
lmy,1980,40700000
lmy,1981,39500000
lmy,1982,39300000
lmy,1983,39000000
lmy,1984,39000000
lmy,1985,38600000
lmy,1986,38100000
lmy,1987,38300000
lmy,1988,37400000
lmy,1989,36700000
lmy,1990,37600000
lmy,1991,37900000
lmy,1992,39300000
lmy,1993,40300000
lmy,1994,41500000
lmy,1995,43500000
lmy,1996,45600000
lmy,1997,46400000
lmy,1998,45200000
lmy,1999,42900000
lmy,2000,40600000
lmy,2001,39100000
lmy,2002,37800000
lmy,2003,35900000
lmy,2004,33200000
lmy,2005,31100000
lmy,2006,31000000
lmy,2007,26300000
lmy,2008,26800000
lmy,2009,27800000
lmy,2010,28000000
lmy,2011,28600000
lmy,2012,27300000
lmy,2013,26300000
lmy,2014,26000000
lmy,2015,26500000
lmy,2016,25900000
lmy,2017,25900000
lmy,2018,26000000
lmy,2019,26200000
lic,1972,8592558
lic,1973,8668097
lic,1974,8799571
lic,1975,8796791
lic,1976,8806837
lic,1977,8770311
lic,1978,8954946
lic,1979,9054305
lic,1980,8959813
lic,1981,8958347
lic,1982,9275449
lic,1983,9332599
lic,1984,9572321
lic,1985,9816702
lic,1986,10100000
lic,1987,10600000
lic,1988,10900000
lic,1989,11500000
lic,1990,12100000
lic,1991,12300000
lic,1992,12900000
lic,1993,13300000
lic,1994,13400000
lic,1995,12700000
lic,1996,12900000
lic,1997,12400000
lic,1998,12800000
lic,1999,13400000
lic,2000,13100000
lic,2001,12700000
lic,2002,12400000
lic,2003,11800000
lic,2004,11300000
lic,2005,10700000
lic,2006,10200000
lic,2007,9774023
lic,2008,8783138
lic,2009,8641348
lic,2010,8944103
lic,2011,8499843
lic,2012,8507809
lic,2013,8255826
lic,2014,8433651
lic,2015,8762718
lic,2016,8773534
lic,2017,8733884
lic,2018,8709071
lic,2019,8950666
lmc,1970,23400000
lmc,1971,23600000
lmc,1972,23000000
lmc,1973,22100000
lmc,1974,22400000
lmc,1975,22000000
lmc,1976,22000000
lmc,1977,21000000
lmc,1978,21600000
lmc,1979,21400000
lmc,1980,20900000
lmc,1981,20400000
lmc,1982,20100000
lmc,1983,19900000
lmc,1984,20100000
lmc,1985,20800000
lmc,1986,21100000
lmc,1987,22000000
lmc,1988,21700000
lmc,1989,21400000
lmc,1990,21900000
lmc,1991,22200000
lmc,1992,22400000
lmc,1993,22100000
lmc,1994,21900000
lmc,1995,22700000
lmc,1996,23200000
lmc,1997,23600000
lmc,1998,24100000
lmc,1999,23800000
lmc,2000,22000000
lmc,2001,22000000
lmc,2002,21700000
lmc,2003,20800000
lmc,2004,18400000
lmc,2005,16700000
lmc,2006,16200000
lmc,2007,13300000
lmc,2008,14800000
lmc,2009,15900000
lmc,2010,15400000
lmc,2011,16100000
lmc,2012,14900000
lmc,2013,13800000
lmc,2014,13400000
lmc,2015,13800000
lmc,2016,13300000
lmc,2017,13500000
lmc,2018,13600000
lmc,2019,13400000
mea,1970,2775337
mea,1971,2859716
mea,1972,2670660
mea,1973,2634269
mea,1974,2613976
mea,1975,2533028
mea,1976,2374450
mea,1977,2321019
mea,1978,2282862
mea,1979,2390688
mea,1980,2281042
mea,1981,2370622
mea,1982,2363080
mea,1983,2385899
mea,1984,2297261
mea,1985,2379572
mea,1986,2392930
mea,1987,2372976
mea,1988,2425785
mea,1989,2550211
mea,1990,2263442
mea,1991,2296445
mea,1992,2627531
mea,1993,2702872
mea,1994,2588968
mea,1995,2754799
mea,1996,2605118
mea,1997,2621307
mea,1998,2749677
mea,1999,2661736
mea,2000,2478406
mea,2001,1944009
mea,2002,1650129
mea,2003,1548689
mea,2004,1398627
mea,2005,1489684
mea,2006,1550901
mea,2007,1342477
mea,2008,1204818
mea,2009,1043469
mea,2010,849577
mea,2011,912038
mea,2012,703998
mea,2013,906160
mea,2014,1036113
mea,2015,1042545
mea,2016,1081414
mea,2017,1066290
mea,2018,1054574
mea,2019,1114022
mna,1970,2491648
mna,1971,2563324
mna,1972,2366150
mna,1973,2320486
mna,1974,2291530
mna,1975,2204451
mna,1976,2032695
mna,1977,1972313
mna,1978,1927600
mna,1979,2013410
mna,1980,1886488
mna,1981,1956265
mna,1982,1934285
mna,1983,1941958
mna,1984,1844981
mna,1985,1914921
mna,1986,1919260
mna,1987,1891488
mna,1988,1930444
mna,1989,2039171
mna,1990,1733568
mna,1991,1735397
mna,1992,2055871
mna,1993,2135271
mna,1994,2031997
mna,1995,2225356
mna,1996,2103006
mna,1997,2137555
mna,1998,2293017
mna,1999,2227727
mna,2000,2054761
mna,2001,1533955
mna,2002,1266483
mna,2003,1188642
mna,2004,1064223
mna,2005,1177575
mna,2006,1272116
mna,2007,1117944
mna,2008,1018970
mna,2009,902070
mna,2010,783900
mna,2011,845560
mna,2012,680824
mna,2013,850922
mna,2014,988920
mna,2015,1025825
mna,2016,1051028
mna,2017,984545
mna,2018,951363
tmn,1970,2482054
tmn,1971,2553534
tmn,1972,2355999
tmn,1973,2309895
tmn,1974,2280492
tmn,1975,2193018
tmn,1976,2020931
tmn,1977,1960229
tmn,1978,1915253
tmn,1979,2000839
tmn,1980,1873696
tmn,1981,1943227
tmn,1982,1920940
tmn,1983,1928228
tmn,1984,1830800
tmn,1985,1900259
tmn,1986,1904129
tmn,1987,1875871
tmn,1988,1914375
tmn,1989,2022672
tmn,1990,1716619
tmn,1991,1717924
tmn,1992,2037734
tmn,1993,2116352
tmn,1994,2012169
tmn,1995,2204502
tmn,1996,2083260
tmn,1997,2119833
tmn,1998,2275160
tmn,1999,2209774
tmn,2000,2037888
tmn,2001,1511502
tmn,2002,1242772
tmn,2003,1161898
tmn,2004,1035840
tmn,2005,1145076
tmn,2006,1237817
tmn,2007,1081896
tmn,2008,988726
tmn,2009,876552
tmn,2010,763447
tmn,2011,826716
tmn,2012,669533
tmn,2013,838382
tmn,2014,979760
tmn,2015,1014755
tmn,2016,1040387
tmn,2017,978419
tmn,2018,944381
mic,1970,35800000
mic,1971,36500000
mic,1972,35700000
mic,1973,33400000
mic,1974,33100000
mic,1975,32400000
mic,1976,32000000
mic,1977,31900000
mic,1978,33400000
mic,1979,32700000
mic,1980,31700000
mic,1981,30600000
mic,1982,30000000
mic,1983,29600000
mic,1984,29400000
mic,1985,28700000
mic,1986,28000000
mic,1987,27800000
mic,1988,26500000
mic,1989,25200000
mic,1990,25500000
mic,1991,25600000
mic,1992,26400000
mic,1993,27000000
mic,1994,28200000
mic,1995,30700000
mic,1996,32700000
mic,1997,33900000
mic,1998,32400000
mic,1999,29600000
mic,2000,27500000
mic,2001,26400000
mic,2002,25400000
mic,2003,24100000
mic,2004,21900000
mic,2005,20400000
mic,2006,20800000
mic,2007,16500000
mic,2008,18100000
mic,2009,19200000
mic,2010,19100000
mic,2011,20100000
mic,2012,18800000
mic,2013,18100000
mic,2014,17600000
mic,2015,17700000
mic,2016,17200000
mic,2017,17200000
mic,2018,17300000
mic,2019,17200000
nac,1985,1063179
nac,1986,848616
nac,1987,641556
nac,1988,501379
nac,1989,346696
nac,1990,207581
nac,1991,144204
nac,1992,255484
nac,1993,378433
nac,1994,504069
nac,1995,388677
nac,1996,530103
nac,1997,422984
nac,1998,317730
nac,1999,239419
nac,2000,276027
nac,2001,263485
nac,2002,354153
nac,2003,325388
nac,2004,300866
nac,2005,140669
nac,2006,178135
nac,2007,52762
nac,2008,61142
nac,2009,289218
nac,2010,316388
nac,2011,539298
nac,2012,318147
nac,2013,290391
nac,2014,299423
nac,2015,218899
nac,2016,37316
nac,2017,47051
nac,2018,67356
nac,2019,68491
oed,1972,6235060
oed,1973,5872048
oed,1974,5835759
oed,1975,5713064
oed,1976,5322100
oed,1977,4956378
oed,1978,4784389
oed,1979,4396569
oed,1980,3188283
oed,1981,3062271
oed,1982,2824036
oed,1983,3036585
oed,1984,3128556
oed,1985,3133845
oed,1986,2795897
oed,1987,2441534
oed,1988,2255843
oed,1989,2233426
oed,1990,2020783
oed,1991,2022920
oed,1992,1925943
oed,1993,1981583
oed,1994,2078892
oed,1995,1908402
oed,1996,1906324
oed,1997,1883383
oed,1998,1166830
oed,1999,864334
oed,2000,832573
oed,2001,787951
oed,2002,958442
oed,2003,989886
oed,2004,1064454
oed,2005,696840
oed,2006,714701
oed,2007,544776
oed,2008,522355
oed,2009,858147
oed,2010,868295
oed,2011,1147826
oed,2012,1057277
oed,2013,1043480
oed,2014,1034768
oed,2015,815719
oed,2016,692797
oed,2017,664561
oed,2018,679210
oed,2019,674677
oss,1970,278174
oss,1971,290874
oss,1972,288878
oss,1973,285185
oss,1974,275846
oss,1975,264659
oss,1976,257976
oss,1977,255612
oss,1978,266048
oss,1979,273178
oss,1980,271175
oss,1981,262428
oss,1982,250744
oss,1983,253363
oss,1984,253773
oss,1985,249381
oss,1986,260379
oss,1987,268821
oss,1988,280610
oss,1989,298136
oss,1990,325346
oss,1991,333767
oss,1992,350238
oss,1993,355182
oss,1994,345932
oss,1995,351413
oss,1996,350879
oss,1997,353811
oss,1998,348142
oss,1999,349465
oss,2000,312535
oss,2001,299464
oss,2002,288509
oss,2003,284232
oss,2004,282570
oss,2005,279604
oss,2006,264471
oss,2007,262490
oss,2008,264196
oss,2009,260484
oss,2010,247051
oss,2011,233100
oss,2012,235392
oss,2013,239942
oss,2014,241153
oss,2015,236736
oss,2016,237855
oss,2017,231507
oss,2018,233038
oss,2019,233276
pss,1991,16001
pss,1992,14891
pss,1993,12048
pss,1994,10910
pss,1995,11087
pss,1996,15795
pss,1997,12375
pss,1998,14037
pss,1999,16101
pss,2000,15636
pss,2001,12741
pss,2002,11386
pss,2003,10890
pss,2004,10460
pss,2005,9952
pss,2006,9326
pss,2007,9590
pss,2008,8047
pss,2009,6834
pss,2010,4562
pss,2011,3397
pss,2012,3870
pss,2013,2707
pss,2014,3624
pss,2015,4791
pss,2016,13642
pss,2017,4668
pss,2018,7170
pss,2019,7333
pst,1975,4694655
pst,1976,4325877
pst,1977,4061158
pst,1978,3911982
pst,1979,3805171
pst,1980,2645965
pst,1981,2671640
pst,1982,2424792
pst,1983,2645790
pst,1984,2757365
pst,1985,2696759
pst,1986,2303898
pst,1987,1909668
pst,1988,1615710
pst,1989,1399885
pst,1990,1321606
pst,1991,1224335
pst,1992,1406307
pst,1993,1473718
pst,1994,1552837
pst,1995,1412337
pst,1996,1478377
pst,1997,1306249
pst,1998,975508
pst,1999,890721
pst,2000,882704
pst,2001,796631
pst,2002,928477
pst,2003,957458
pst,2004,936549
pst,2005,655218
pst,2006,705439
pst,2007,547543
pst,2008,507310
pst,2009,737657
pst,2010,717085
pst,2011,918221
pst,2012,737050
pst,2013,695445
pst,2014,739821
pst,2015,593711
pst,2016,421309
pst,2017,458223
pst,2018,490924
pst,2019,480746
pre,1973,11700000
pre,1974,11600000
pre,1975,11500000
pre,1976,11500000
pre,1977,11200000
pre,1978,10800000
pre,1979,10300000
pre,1980,10300000
pre,1981,10300000
pre,1982,10500000
pre,1983,10600000
pre,1984,11000000
pre,1985,11600000
pre,1986,12500000
pre,1987,13300000
pre,1988,14000000
pre,1989,14700000
pre,1990,15300000
pre,1991,15400000
pre,1992,16000000
pre,1993,16300000
pre,1994,16600000
pre,1995,16400000
pre,1996,17600000
pre,1997,16800000
pre,1998,17200000
pre,1999,17500000
pre,2000,17000000
pre,2001,16300000
pre,2002,15400000
pre,2003,14200000
pre,2004,13700000
pre,2005,13500000
pre,2006,13100000
pre,2007,12000000
pre,2008,12400000
pre,2009,12300000
pre,2010,12900000
pre,2011,12800000
pre,2012,13200000
pre,2013,13600000
pre,2014,13800000
pre,2015,14300000
pre,2016,14300000
pre,2017,14400000
pre,2018,14700000
pre,2019,14700000
sst,1970,324565
sst,1971,335410
sst,1972,329217
sst,1973,326516
sst,1974,312766
sst,1975,312331
sst,1976,310543
sst,1977,298549
sst,1978,310119
sst,1979,319184
sst,1980,324751
sst,1981,314210
sst,1982,297154
sst,1983,300066
sst,1984,301371
sst,1985,298112
sst,1986,308812
sst,1987,306395
sst,1988,320794
sst,1989,332535
sst,1990,367543
sst,1991,381267
sst,1992,397410
sst,1993,401150
sst,1994,390007
sst,1995,394189
sst,1996,398176
sst,1997,397846
sst,1998,390941
sst,1999,393022
sst,2000,352953
sst,2001,339567
sst,2002,334239
sst,2003,330169
sst,2004,320490
sst,2005,318822
sst,2006,302775
sst,2007,301847
sst,2008,300525
sst,2009,298212
sst,2010,281577
sst,2011,265190
sst,2012,269068
sst,2013,274408
sst,2014,277884
sst,2015,273074
sst,2016,280510
sst,2017,267135
sst,2018,273705
sst,2019,275180
sas,1970,14300000
sas,1971,14300000
sas,1972,13800000
sas,1973,12800000
sas,1974,13100000
sas,1975,12900000
sas,1976,12900000
sas,1977,12400000
sas,1978,13300000
sas,1979,13600000
sas,1980,13500000
sas,1981,13300000
sas,1982,13400000
sas,1983,13000000
sas,1984,13100000
sas,1985,13200000
sas,1986,12800000
sas,1987,13600000
sas,1988,12800000
sas,1989,12200000
sas,1990,12300000
sas,1991,12700000
sas,1992,12900000
sas,1993,12600000
sas,1994,12400000
sas,1995,12600000
sas,1996,12700000
sas,1997,13000000
sas,1998,13600000
sas,1999,13500000
sas,2000,12700000
sas,2001,13200000
sas,2002,13200000
sas,2003,12500000
sas,2004,10200000
sas,2005,8673035
sas,2006,8186728
sas,2007,6656837
sas,2008,7670601
sas,2009,8924385
sas,2010,8449894
sas,2011,9452175
sas,2012,8201132
sas,2013,7071372
sas,2014,6443029
sas,2015,6673640
sas,2016,6109048
sas,2017,6250060
sas,2018,6064248
sas,2019,6106671
tsa,1970,14300000
tsa,1971,14300000
tsa,1972,13800000
tsa,1973,12800000
tsa,1974,13100000
tsa,1975,12900000
tsa,1976,12900000
tsa,1977,12400000
tsa,1978,13300000
tsa,1979,13600000
tsa,1980,13500000
tsa,1981,13300000
tsa,1982,13400000
tsa,1983,13000000
tsa,1984,13100000
tsa,1985,13200000
tsa,1986,12800000
tsa,1987,13600000
tsa,1988,12800000
tsa,1989,12200000
tsa,1990,12300000
tsa,1991,12700000
tsa,1992,12900000
tsa,1993,12600000
tsa,1994,12400000
tsa,1995,12600000
tsa,1996,12700000
tsa,1997,13000000
tsa,1998,13600000
tsa,1999,13500000
tsa,2000,12700000
tsa,2001,13200000
tsa,2002,13200000
tsa,2003,12500000
tsa,2004,10200000
tsa,2005,8673035
tsa,2006,8186728
tsa,2007,6656837
tsa,2008,7670601
tsa,2009,8924385
tsa,2010,8449894
tsa,2011,9452175
tsa,2012,8201132
tsa,2013,7071372
tsa,2014,6443029
tsa,2015,6673640
tsa,2016,6109048
tsa,2017,6250060
tsa,2018,6064248
tsa,2019,6106671
ssf,1975,14500000
ssf,1976,14600000
ssf,1977,14400000
ssf,1978,14300000
ssf,1979,13900000
ssf,1980,13600000
ssf,1981,13300000
ssf,1982,13300000
ssf,1983,13600000
ssf,1984,14200000
ssf,1985,15000000
ssf,1986,16000000
ssf,1987,17000000
ssf,1988,17900000
ssf,1989,18000000
ssf,1990,18900000
ssf,1991,19000000
ssf,1992,19700000
ssf,1993,20000000
ssf,1994,20400000
ssf,1995,20100000
ssf,1996,21000000
ssf,1997,20200000
ssf,1998,20400000
ssf,1999,20600000
ssf,2000,19700000
ssf,2001,19000000
ssf,2002,18300000
ssf,2003,17400000
ssf,2004,16800000
ssf,2005,15900000
ssf,2006,15200000
ssf,2007,13600000
ssf,2008,13600000
ssf,2009,13600000
ssf,2010,14400000
ssf,2011,13800000
ssf,2012,14200000
ssf,2013,14000000
ssf,2014,14200000
ssf,2015,14600000
ssf,2016,14700000
ssf,2017,14800000
ssf,2018,15200000
ssf,2019,15200000
ssa,1975,14500000
ssa,1976,14600000
ssa,1977,14400000
ssa,1978,14200000
ssa,1979,13800000
ssa,1980,13600000
ssa,1981,13300000
ssa,1982,13300000
ssa,1983,13600000
ssa,1984,14200000
ssa,1985,15000000
ssa,1986,16000000
ssa,1987,17000000
ssa,1988,17900000
ssa,1989,18000000
ssa,1990,18900000
ssa,1991,19000000
ssa,1992,19700000
ssa,1993,20000000
ssa,1994,20400000
ssa,1995,20100000
ssa,1996,21000000
ssa,1997,20200000
ssa,1998,20400000
ssa,1999,20600000
ssa,2000,19700000
ssa,2001,19000000
ssa,2002,18300000
ssa,2003,17400000
ssa,2004,16800000
ssa,2005,15900000
ssa,2006,15200000
ssa,2007,13600000
ssa,2008,13600000
ssa,2009,13600000
ssa,2010,14300000
ssa,2011,13800000
ssa,2012,14200000
ssa,2013,14000000
ssa,2014,14200000
ssa,2015,14600000
ssa,2016,14700000
ssa,2017,14800000
ssa,2018,15200000
ssa,2019,15100000
tss,1975,14500000
tss,1976,14600000
tss,1977,14400000
tss,1978,14300000
tss,1979,13900000
tss,1980,13600000
tss,1981,13300000
tss,1982,13300000
tss,1983,13600000
tss,1984,14200000
tss,1985,15000000
tss,1986,16000000
tss,1987,17000000
tss,1988,17900000
tss,1989,18000000
tss,1990,18900000
tss,1991,19000000
tss,1992,19700000
tss,1993,20000000
tss,1994,20400000
tss,1995,20100000
tss,1996,21000000
tss,1997,20200000
tss,1998,20400000
tss,1999,20600000
tss,2000,19700000
tss,2001,19000000
tss,2002,18300000
tss,2003,17400000
tss,2004,16800000
tss,2005,15900000
tss,2006,15200000
tss,2007,13600000
tss,2008,13600000
tss,2009,13600000
tss,2010,14400000
tss,2011,13800000
tss,2012,14200000
tss,2013,14000000
tss,2014,14200000
tss,2015,14600000
tss,2016,14700000
tss,2017,14800000
tss,2018,15200000
tss,2019,15200000
umc,1984,9312254
umc,1985,7967251
umc,1986,6882037
umc,1987,5755766
umc,1988,4805282
umc,1989,3781138
umc,1990,3620234
umc,1991,3466581
umc,1992,3982417
umc,1993,4909504
umc,1994,6229426
umc,1995,8015605
umc,1996,9445315
umc,1997,10400000
umc,1998,8332938
umc,1999,5738321
umc,2000,5471322
umc,2001,4393205
umc,2002,3682492
umc,2003,3352443
umc,2004,3521400
umc,2005,3767779
umc,2006,4651327
umc,2007,3166396
umc,2008,3251258
umc,2009,3317525
umc,2010,3646326
umc,2011,3976113
umc,2012,3815741
umc,2013,4234255
umc,2014,4177062
umc,2015,3870791
umc,2016,3839273
umc,2017,3695363
umc,2018,3682532
umc,2019,3865426
wld,1970,49300000
wld,1971,50100000
wld,1972,49500000
wld,1973,47000000
wld,1974,46800000
wld,1975,46000000
wld,1976,45400000
wld,1977,45000000
wld,1978,46600000
wld,1979,46000000
wld,1980,43800000
wld,1981,42600000
wld,1982,42100000
wld,1983,42000000
wld,1984,42200000
wld,1985,41700000
wld,1986,40900000
wld,1987,40800000
wld,1988,39700000
wld,1989,38800000
wld,1990,39600000
wld,1991,39900000
wld,1992,41500000
wld,1993,42600000
wld,1994,43800000
wld,1995,45600000
wld,1996,47800000
wld,1997,48500000
wld,1998,46700000
wld,1999,44300000
wld,2000,42000000
wld,2001,40500000
wld,2002,39300000
wld,2003,37300000
wld,2004,34600000
wld,2005,32200000
wld,2006,32000000
wld,2007,27100000
wld,2008,27500000
wld,2009,28800000
wld,2010,28900000
wld,2011,29700000
wld,2012,28100000
wld,2013,27200000
wld,2014,26900000
wld,2015,27100000
wld,2016,26400000
wld,2017,26500000
wld,2018,26700000
wld,2019,26900000
afg,1974,556990
afg,1993,861302
alb,1999,3469
alb,2000,6463
alb,2001,9222
alb,2003,11586
alb,2004,12820
alb,2008,12549
alb,2009,17511
alb,2010,16575
alb,2011,14461
alb,2012,10140
alb,2013,6487
dza,1973,283516
dza,1974,228570
dza,1975,199841
dza,1976,178209
dza,1977,167812
dza,1978,165481
dza,1979,178197
dza,1980,168695
dza,1981,173949
dza,1982,190165
dza,1983,217328
dza,1984,209682
dza,1985,219631
dza,1986,214420
dza,1987,202063
dza,1988,190803
dza,1989,179905
dza,1990,178517
dza,1991,150340
dza,1992,137872
dza,1993,164060
dza,1994,180511
dza,1995,185079
dza,1996,208895
dza,1997,232013
dza,1999,192033
dza,2000,181010
dza,2001,133845
dza,2002,111049
dza,2003,101506
dza,2004,83795
dza,2005,74041
dza,2006,65186
dza,2007,61099
dza,2008,36415
ago,1982,290468
ago,1983,310894
ago,1998,477948
ago,2008,214136
ago,2009,246024
ago,2010,215471
ago,2011,170490
atg,2012,228
atg,2014,277
atg,2015,92
atg,2017,173
arg,1970,94757
arg,1974,51880
arg,1975,58367
arg,1991,85545
arm,2002,11240
arm,2003,11555
arm,2005,8482
arm,2006,5634
arm,2007,2445
arm,2011,4010
arm,2012,3000
arm,2013,2845
arm,2014,4862
arm,2015,6092
arm,2016,6493
arm,2017,6591
arm,2018,6050
arm,2019,7976
abw,1999,97
abw,2000,58
abw,2002,62
abw,2003,92
abw,2004,28
abw,2005,14
abw,2009,220
aus,1971,27782
aus,1973,41283
aus,1974,46407
aus,1975,22627
aus,1976,13451
aus,1982,6964
aus,1983,13233
aus,1984,27571
aus,1985,28295
aus,1986,23673
aus,1987,20212
aus,1988,15810
aus,1989,15177
aus,1990,17656
aus,1991,22443
aus,1992,24513
aus,1993,27807
aus,1994,30438
aus,1995,48845
aus,1996,46458
aus,1997,52444
aus,1998,57043
aus,1999,64195
aus,2000,68051
aus,2003,39459
aus,2004,34294
aus,2011,27006
aus,2012,23852
aus,2017,3862
aus,2018,4495
aut,1989,10732
aut,2000,449
aut,2001,2464
aut,2002,6868
aut,2003,7941
aut,2004,7499
aut,2005,5913
aut,2006,4616
aut,2007,4225
aut,2008,4539
aut,2009,4272
aut,2010,3621
aut,2011,4719
aut,2012,2621
aut,2013,1496
aut,2014,1117
aut,2015,991
aut,2016,477
aze,1991,5799
aze,1992,7632
aze,1993,27541
aze,1994,39019
aze,1995,56411
aze,1996,38359
aze,1997,34349
aze,1998,40321
aze,1999,17315
aze,2000,29822
aze,2001,38105
aze,2002,37274
aze,2003,36573
aze,2004,34765
aze,2005,31950
aze,2006,28984
aze,2007,36402
aze,2008,36214
aze,2009,30733
aze,2010,32323
aze,2011,23500
aze,2012,17642
aze,2013,185
aze,2017,8799
aze,2018,12763
aze,2019,34346
bhs,1992,2114
bhs,1993,2168
bhs,1999,1454
bhs,2004,1979
bhs,2005,1764
bhs,2006,2548
bhs,2007,2411
bhs,2008,2573
bhs,2009,3589
bhs,2010,3721
bhs,2011,2174
bhs,2012,3172
bhs,2013,4303
bhs,2014,4293
bhs,2015,3453
bhs,2016,4377
bhs,2018,4451
bhr,1971,2619
bhr,1972,2181
bhr,1973,2109
bhr,1974,1563
bhr,1975,966
bhr,1976,1893
bhr,1977,1939
bhr,1978,2752
bhr,1979,3064
bhr,1980,3067
bhr,1981,3352
bhr,1982,3765
bhr,1983,3484
bhr,1984,3077
bhr,1985,2359
bhr,1986,938
bhr,1987,1332
bhr,1988,376
bhr,1989,198
bhr,1992,1238
bhr,1993,895
bhr,1994,1047
bhr,1995,573
bhr,2001,3067
bhr,2002,2956
bhr,2003,3766
bhr,2004,4009
bhr,2005,5111
bhr,2006,4993
bhr,2011,4350
bhr,2012,3861
bhr,2013,3132
bhr,2014,2110
bhr,2015,853
bhr,2016,1096
bhr,2018,33
bhr,2019,1116
bgd,1970,1530290
bgd,1973,391152
bgd,1977,492883
bgd,1978,568335
bgd,1981,1123876
bgd,1983,1138525
bgd,1984,1539849
bgd,1985,1694673
bgd,1986,1823729
bgd,1987,1940199
bgd,1988,1473924
bgd,1989,1523549
bgd,1990,1406043
bgd,2008,447457
brb,1971,2428
brb,1972,2055
brb,1973,2047
brb,1976,76
brb,1981,970
brb,1982,660
brb,1983,116
brb,1989,49
brb,1990,190
brb,1992,1244
brb,2000,259
brb,2001,313
brb,2002,674
brb,2003,698
brb,2004,836
brb,2005,952
brb,2006,515
brb,2007,362
brb,2008,180
brb,2009,398
brb,2010,334
brb,2011,523
brb,2014,808
brb,2015,509
brb,2016,267
brb,2017,287
brb,2018,80
blr,1995,33074
blr,2013,3560
blr,2014,2999
blr,2015,3305
blr,2016,108
blr,2018,1198
bel,1977,17215
bel,1979,11503
bel,1980,9011
bel,1981,14183
bel,1982,12779
bel,1983,26924
bel,1984,29537
bel,1985,30847
bel,1986,24582
bel,1987,19804
bel,1988,15542
bel,1991,17643
bel,1992,22528
bel,1993,9731
bel,1994,11815
bel,1995,11386
bel,1996,9635
bel,2000,3667
bel,2002,848
bel,2003,4176
bel,2004,10762
bel,2005,11813
bel,2006,9931
bel,2007,6690
bel,2008,4406
bel,2009,4846
bel,2010,5913
bel,2011,5491
bel,2012,4210
bel,2013,4429
bel,2014,4559
bel,2015,3065
bel,2016,2069
bel,2017,1066
bel,2018,2853
blz,1999,61
blz,2000,571
blz,2001,1244
blz,2003,1449
blz,2004,1136
blz,2005,1099
blz,2006,1029
blz,2007,1212
blz,2008,770
blz,2009,605
blz,2010,443
blz,2011,377
blz,2013,157
ben,1984,110971
ben,1985,111825
ben,1986,125643
ben,1988,137733
ben,1989,140628
ben,1990,197369
ben,1992,152178
ben,1993,136570
ben,1994,140817
ben,1995,134808
ben,1996,129992
ben,1997,118769
ben,2006,33953
ben,2008,24957
ben,2019,32693
bmu,1978,629
bmu,1979,678
bmu,1984,467
bmu,1985,365
bmu,2011,99
bmu,2012,115
btn,1978,21651
btn,1979,21318
btn,1998,23359
btn,1999,23425
btn,2000,22367
btn,2001,21111
btn,2005,16529
btn,2006,14380
btn,2008,11087
btn,2009,8480
btn,2010,7269
btn,2011,6380
btn,2012,4931
btn,2013,5064
btn,2015,5368
btn,2016,5363
btn,2017,5137
btn,2018,4124
btn,2020,2286
bol,2009,16711
bol,2010,37507
bol,2011,56262
bol,2012,75697
bol,2013,78418
bol,2014,79252
bol,2015,76580
bol,2016,70260
bol,2017,59056
bol,2018,47935
bwa,1970,34030
bwa,1971,37384
bwa,1972,38160
bwa,1973,39344
bwa,1974,37798
bwa,1975,34582
bwa,1976,32396
bwa,1977,30302
bwa,1978,30847
bwa,1979,30839
bwa,1980,28463
bwa,1981,23917
bwa,1983,20371
bwa,1984,19965
bwa,1985,17814
bwa,1986,15740
bwa,1987,14758
bwa,1988,14700
bwa,1989,13804
bwa,1990,15159
bwa,1991,12912
bwa,1992,13571
bwa,1993,13782
bwa,1994,13756
bwa,1995,27189
bwa,1996,26424
bwa,1998,23208
bwa,1999,24475
bwa,2000,23374
bwa,2001,21469
bwa,2002,20992
bwa,2003,20928
bwa,2004,17122
bwa,2005,18386
bwa,2006,16380
bwa,2007,18997
bwa,2008,21371
bwa,2009,22020
bwa,2012,19429
bwa,2013,19247
bwa,2014,19288
bra,2009,218767
bra,2011,228102
vgb,1983,131
vgb,1984,101
vgb,1999,35
vgb,2000,230
vgb,2001,161
vgb,2005,86
vgb,2006,129
vgb,2012,93
vgb,2013,57
brn,1977,1213
brn,1978,1283
brn,1979,2755
brn,1980,2883
brn,1981,3774
brn,1982,4166
brn,1983,4070
brn,1984,3971
brn,1986,3408
brn,1991,1694
brn,1992,1559
brn,1993,1270
brn,1994,1203
brn,1995,420
bgr,1996,10789
bgr,1997,9104
bgr,1998,2392
bgr,1999,2203
bgr,2000,3008
bgr,2001,2879
bgr,2002,5462
bgr,2003,5244
bgr,2004,4077
bgr,2005,5631
bgr,2006,3727
bgr,2012,3342
bgr,2013,5881
bgr,2014,8216
bgr,2015,11049
bgr,2016,14862
bgr,2017,17828
bgr,2018,20662
bfa,1971,382862
bfa,1972,388491
bfa,1977,423482
bfa,1978,431614
bfa,1979,439920
bfa,1980,445978
bfa,1981,447714
bfa,1982,446745
bfa,1983,451474
bfa,1984,455467
bfa,1985,455149
bfa,1986,455326
bfa,1987,456675
bfa,1988,470186
bfa,1989,486205
bfa,1991,510139
bfa,1992,520708
bfa,1993,527434
bfa,1994,530512
bfa,1995,527777
bfa,1998,533475
bfa,1999,544505
bfa,2000,548300
bfa,2001,553627
bfa,2002,584701
bfa,2003,577948
bfa,2004,576742
bfa,2005,540972
bfa,2006,517082
bfa,2007,471145
bfa,2008,418466
bfa,2009,403084
bfa,2010,497380
bfa,2011,453395
bfa,2012,458469
bfa,2013,463149
bfa,2014,458752
bfa,2015,448778
bfa,2016,370444
bfa,2017,364976
bfa,2018,335760
bfa,2019,371101
bdi,1973,222232
bdi,1978,242299
bdi,1980,243209
bdi,1981,237958
bdi,1982,226177
bdi,1983,207374
bdi,1984,196149
bdi,1985,188150
bdi,1986,188703
bdi,1987,179917
bdi,1988,182946
bdi,1993,232493
bdi,2000,332075
bdi,2001,276008
bdi,2002,281457
bdi,2003,265158
bdi,2004,267773
bdi,2005,251409
bdi,2006,155390
bdi,2007,110912
bdi,2008,45746
bdi,2009,65579
bdi,2010,37007
bdi,2017,51105
bdi,2018,69832
bdi,2019,85660
cpv,1981,2468
cpv,1982,2657
cpv,1983,3262
cpv,1984,1935
cpv,1985,1173
cpv,1986,916
cpv,1987,778
cpv,2001,993
cpv,2002,1256
cpv,2003,1226
cpv,2004,1831
cpv,2005,1223
cpv,2006,740
cpv,2007,709
cpv,2008,785
cpv,2009,1028
cpv,2010,1418
cpv,2011,1688
cpv,2012,1608
cpv,2013,1909
cpv,2014,1848
cpv,2015,1841
cpv,2016,1915
cpv,2017,1900
cpv,2018,1735
khm,1997,106325
khm,1998,92085
khm,1999,83903
khm,2000,17745
khm,2006,41216
khm,2007,22540
khm,2008,32471
khm,2010,50899
khm,2014,33346
khm,2015,53870
khm,2016,68211
khm,2017,90046
khm,2018,94844
khm,2019,97232
cmr,1971,139297
cmr,1972,155864
cmr,1973,171740
cmr,1974,196533
cmr,1975,160648
cmr,1976,158444
cmr,1977,174617
cmr,1978,171177
cmr,1979,173019
cmr,1980,178651
cmr,1988,190039
cmr,1990,216110
cmr,1991,246503
cmr,2011,86808
cmr,2016,15527
cmr,2017,48680
cmr,2019,83981
can,1982,42354
can,1983,42960
can,1984,48272
can,1985,51344
can,1986,49022
can,1987,48074
can,1988,48829
can,1989,40099
can,1990,53084
can,1991,17551
can,1992,20848
can,1993,36078
can,1994,38476
can,1995,56050
can,1996,44580
can,1998,9916
cym,2000,102
cym,2001,62
cym,2002,224
cym,2004,271
cym,2005,353
cym,2006,203
cym,2007,104
cym,2008,192
cym,2011,291
cym,2012,293
cym,2013,345
cym,2018,238
caf,1971,45014
caf,1972,42091
caf,1973,40453
caf,1977,54444
caf,1978,55696
caf,1981,49686
caf,1982,46245
caf,1983,39615
caf,1986,45769
caf,1987,72011
caf,1988,81091
caf,1989,84617
caf,1990,63456
caf,1991,80344
caf,2005,146387
caf,2006,148337
caf,2007,121652
caf,2008,93583
caf,2009,95551
caf,2010,89755
caf,2011,102837
caf,2012,98866
tcd,1975,202544
tcd,1977,209927
tcd,1988,251994
tcd,1997,291649
tcd,1998,266130
tcd,1999,269593
tcd,2000,274000
tcd,2001,279609
tcd,2002,260755
tcd,2003,262371
tcd,2011,318921
tcd,2013,130523
tcd,2015,132382
tcd,2016,221475
tcd,2017,300374
tcd,2018,227216
tcd,2019,240215
chl,2007,21329
chl,2008,16261
chl,2009,29512
chl,2010,20182
chl,2011,23093
chl,2012,24118
chl,2013,27343
chl,2014,26883
chl,2015,25567
chl,2016,21112
chl,2017,15069
chl,2018,7352
chn,1987,1832161
chn,1989,193853
chn,1991,178214
chn,1992,809124
chn,1993,1550955
chn,1994,2679864
chn,1995,4175926
chn,1996,5468200
chn,1997,6490539
col,1986,630649
col,1991,669261
col,1999,95617
col,2000,74172
col,2001,171461
col,2002,150999
col,2004,77610
col,2009,10554
col,2010,41290
col,2011,53744
col,2012,97753
col,2015,76236
col,2016,98434
col,2017,58849
col,2018,52922
com,1987,5095
com,1994,9277
com,1999,15515
com,2000,12563
com,2007,9203
com,2013,5593
com,2014,7084
com,2017,8750
com,2018,11522
cod,1971,250350
cod,1972,302952
cod,1975,314262
cod,1979,281680
cod,1983,293552
cod,1984,301265
cod,1988,715898
cod,1991,898473
cod,1992,1008456
cod,1993,1096394
cod,1994,1070491
cod,1995,684735
cod,1999,2357377
cog,1972,12417
cog,1974,5876
cog,1976,5099
cog,1978,2478
cog,1979,2586
cog,1980,17120
cog,1981,19408
cog,1982,19434
cog,1983,20026
cog,1984,17753
cog,2005,145988
cog,2006,119517
cog,2010,39447
cog,2012,50246
cri,1970,23601
cri,1972,20352
cri,1973,17670
cri,1975,16819
cri,1976,13035
cri,1978,13939
cri,1979,16357
cri,1980,16621
cri,1981,15812
cri,1982,19460
cri,1985,26555
cri,1986,26470
cri,1987,27186
cri,1989,28153
cri,1990,29402
cri,1991,29530
cri,2013,1311
cri,2014,5034
cri,2015,3858
cri,2016,3219
cri,2017,6948
civ,1977,201143
civ,1996,438618
civ,1997,439044
civ,1999,441661
civ,2000,458597
civ,2001,413332
civ,2002,413489
civ,2003,537089
civ,2009,641850
civ,2013,516366
civ,2014,410588
civ,2015,346527
civ,2016,159702
civ,2017,141216
civ,2018,44066
civ,2019,32670
hrv,1998,18281
hrv,1999,8079
hrv,2000,6318
hrv,2001,2223
hrv,2008,3777
hrv,2009,8385
hrv,2010,5615
hrv,2011,3465
cub,1972,40715
cub,1973,30366
cub,1974,23557
cub,1980,6154
cub,1981,30384
cub,1982,43103
cub,1983,42906
cub,1984,54941
cub,1985,59338
cub,1986,51352
cub,1987,38138
cub,1988,35013
cub,1989,33238
cub,1990,36772
cub,1991,39414
cub,1992,30122
cub,1993,26197
cub,1994,15399
cub,1995,17071
cub,1996,5008
cub,1997,5764
cub,1998,6019
cub,1999,1463
cub,2000,209
cub,2003,6007
cub,2004,6885
cub,2005,12318
cub,2006,18331
cub,2007,11062
cub,2008,11638
cub,2009,4972
cub,2010,2076
cub,2011,4282
cub,2012,7952
cub,2013,7601
cub,2014,19728
cub,2015,22410
cub,2016,20439
cub,2017,15641
cub,2018,7408
cub,2019,2399
cyp,1971,8167
cyp,1972,8466
cyp,1973,8292
cyp,1974,8275
cyp,1975,10694
cyp,1976,11428
cyp,1977,11704
cyp,1978,11302
cyp,1979,10936
cyp,1980,11002
cyp,1981,9798
cyp,1982,10924
cyp,1983,10702
cyp,1984,10568
cyp,1985,10372
cyp,1986,8818
cyp,1987,7519
cyp,1988,7128
cyp,1989,7361
cyp,1990,8071
cyp,1991,8280
cyp,1992,9182
cyp,1993,793
cyp,1994,983
cyp,1995,1243
cyp,1996,1220
cyp,1997,1273
cyp,2000,765
cyp,2001,759
cyp,2002,430
cyp,2003,291
cyp,2004,205
cyp,2012,361
cyp,2013,563
cyp,2014,739
cyp,2015,426
cyp,2016,538
cyp,2017,434
cyp,2018,100
cze,2011,1286
cze,2012,1261
cze,2013,3043
cze,2014,2302
dnk,1981,10832
dnk,1982,8739
dnk,1983,4841
dnk,1984,2201
dnk,1985,3135
dnk,1986,2637
dnk,1987,2559
dnk,1988,2342
dnk,1989,4453
dnk,1990,4518
dnk,1991,3193
dnk,1992,4241
dnk,1993,4879
dnk,1994,2000
dnk,1995,3149
dnk,1996,3071
dnk,2004,4928
dnk,2005,3060
dnk,2006,2563
dnk,2007,1374
dnk,2008,1669
dnk,2009,2379
dnk,2010,2771
dnk,2011,2347
dnk,2012,1558
dnk,2013,595
dnk,2014,1455
dnk,2015,181
dnk,2018,2294
dji,1985,25195
dji,1986,25832
dji,1987,27653
dji,1988,29815
dji,1989,31735
dji,1990,32939
dji,1992,33236
dji,1993,35273
dji,1994,35549
dji,1995,36116
dji,1996,37297
dji,1997,39496
dji,1999,41055
dji,2000,41303
dji,2001,39088
dji,2002,37803
dji,2004,35262
dji,2005,34723
dji,2006,33340
dji,2007,31725
dji,2008,25471
dji,2009,26183
dji,2011,21661
dji,2013,21663
dji,2014,16916
dji,2015,20451
dji,2016,21832
dji,2017,20384
dji,2018,18804
dji,2019,16105
dji,2020,15489
dma,1976,606
dma,1977,763
dma,1979,1308
dma,1980,1171
dma,1981,1509
dma,1982,927
dma,2001,538
dma,2002,382
dma,2003,544
dma,2004,598
dma,2005,712
dma,2006,760
dma,2007,802
dma,2008,716
dma,2009,436
dma,2019,130
dom,1999,84228
dom,2000,75970
dom,2002,21342
dom,2003,40086
dom,2004,91755
dom,2005,84791
dom,2006,95303
dom,2007,53616
dom,2008,75667
dom,2010,11507
dom,2011,21313
dom,2012,29454
dom,2013,32802
dom,2014,44199
dom,2015,23802
dom,2016,27258
dom,2017,31967
dom,2018,34506
dom,2019,25795
ecu,1971,102807
ecu,1973,105339
ecu,1974,104706
ecu,1975,113701
ecu,1976,114025
ecu,1977,96989
ecu,1978,87102
ecu,1979,66786
ecu,1980,77572
ecu,1994,69925
ecu,1995,66495
ecu,1996,57572
ecu,1997,36686
ecu,1998,34858
ecu,1999,38096
ecu,2000,31614
ecu,2001,21337
ecu,2005,26947
ecu,2006,21193
ecu,2008,66172
egy,1971,633660
egy,1972,626662
egy,1973,643574
egy,1978,700293
egy,1994,266398
egy,1997,259539
egy,1999,446269
egy,2000,383799
egy,2001,360749
egy,2002,336974
egy,2003,305308
egy,2004,289820
egy,2012,59251
slv,1970,105267
slv,1998,92110
slv,2000,32168
slv,2001,29556
slv,2002,22406
slv,2003,19718
slv,2014,26255
slv,2015,34049
slv,2016,39331
slv,2017,53627
slv,2018,50255
gnq,1994,11633
gnq,2000,9971
gnq,2001,8597
gnq,2002,9543
gnq,2003,11478
gnq,2008,29825
gnq,2009,32063
gnq,2010,34145
gnq,2011,35091
gnq,2012,35655
gnq,2015,42800
eri,1992,113188
eri,1994,113963
eri,1995,114719
eri,1996,113515
eri,1997,112171
eri,1999,94757
eri,2000,79780
eri,2001,73295
eri,2002,54694
eri,2003,38062
eri,2004,26122
eri,2005,16718
eri,2006,14872
eri,2007,26389
eri,2008,33622
eri,2009,43744
eri,2010,53274
eri,2011,50344
eri,2012,49017
eri,2013,66332
eri,2014,75309
eri,2015,88279
eri,2017,115702
eri,2018,117424
est,1995,8115
est,1996,5863
est,2004,854
est,2005,674
est,2006,523
est,2013,381
est,2014,742
est,2015,1085
est,2016,1235
est,2017,1196
est,2018,1060
swz,1970,17949
swz,1971,18639
swz,1972,18339
swz,1973,17520
swz,1974,17911
swz,1975,17544
swz,1976,17698
swz,1977,17831
swz,1978,18834
swz,1979,19557
swz,1981,19026
swz,1982,20317
swz,1983,22706
swz,1984,23302
swz,1985,23382
swz,1986,24608
swz,1987,25141
swz,1988,25985
swz,1989,27799
swz,1990,26855
swz,1991,27043
swz,1992,26082
swz,1993,26561
swz,1994,25210
swz,1995,22266
swz,1996,22632
swz,2009,16846
swz,2010,11133
swz,2011,3786
swz,2012,9613
swz,2013,14249
swz,2014,13891
swz,2015,15323
swz,2016,15389
swz,2017,17918
swz,2018,16087
eth,1987,2257608
eth,1988,2295837
eth,1989,2444625
eth,1994,3485383
eth,1995,3454478
eth,1996,3307403
eth,1998,3047094
eth,1999,3019596
eth,2000,2901206
eth,2001,2763405
eth,2002,2733885
eth,2003,2811921
eth,2004,2811809
eth,2005,2273158
eth,2006,2109554
eth,2007,1833722
eth,2008,1493072
eth,2009,1613536
eth,2010,1788036
eth,2011,1500656
eth,2012,1415709
eth,2014,880532
eth,2015,911879
fji,1992,1968
fji,1994,1796
fji,1995,2724
fji,1996,3763
fji,1997,3523
fji,1998,3117
fji,1999,3467
fji,2000,2992
fji,2001,1231
fji,2003,649
fji,2009,554
fji,2013,811
fji,2015,302
fin,1993,2446
fin,1994,2878
fin,1995,3463
fin,1996,3814
fin,1997,2666
fin,1998,747
fin,2002,612
fin,2003,1809
fin,2004,3640
fin,2005,4597
fin,2006,5843
fin,2007,4427
fin,2008,3266
fin,2009,2915
fin,2010,2400
fin,2011,1846
fin,2012,901
fin,2013,1188
fin,2014,919
fin,2015,1118
fin,2016,1426
fin,2017,2287
fin,2018,2799
fra,1971,66783
fra,1972,71028
fra,1977,15864
fra,1979,26376
fra,1980,22636
fra,1982,53922
fra,1983,102812
fra,1985,106084
fra,1986,45629
fra,1992,15330
fra,1993,42966
fra,1994,42454
fra,1995,19353
fra,1997,2133
fra,1999,64794
fra,2000,72517
fra,2001,73823
fra,2002,75192
fra,2003,79580
fra,2004,81089
fra,2008,11188
fra,2009,19927
fra,2010,25514
fra,2011,8639
fra,2012,14744
fra,2013,17614
fra,2014,32595
fra,2015,12578
fra,2016,6482
gab,1997,8148
gmb,1971,24469
gmb,1972,25498
gmb,1973,25959
gmb,1974,26892
gmb,1975,27415
gmb,1976,27504
gmb,1977,24936
gmb,1978,23437
gmb,1979,22054
gmb,1980,20357
gmb,1981,16371
gmb,1982,14759
gmb,1983,13629
gmb,1984,14015
gmb,1985,12967
gmb,1986,14102
gmb,1992,33093
gmb,1993,32120
gmb,1996,31963
gmb,1998,36662
gmb,1999,29192
gmb,2000,35676
gmb,2001,38632
gmb,2002,42692
gmb,2003,42466
gmb,2004,44680
gmb,2005,49133
gmb,2006,43955
gmb,2007,42339
gmb,2008,49586
gmb,2010,48294
gmb,2011,50878
gmb,2012,48503
gmb,2013,50114
gmb,2014,52814
gmb,2015,44905
gmb,2016,43895
gmb,2017,41254
gmb,2018,39679
gmb,2019,36013
geo,1995,12984
geo,1996,3576
geo,2008,2957
geo,2009,5307
geo,2011,4206
geo,2012,1211
geo,2014,427
geo,2016,3577
deu,2002,76270
deu,2003,61225
deu,2004,41400
deu,2005,31543
deu,2006,31405
deu,2007,26072
deu,2008,38734
deu,2009,44980
deu,2010,34548
deu,2011,35399
deu,2012,50194
deu,2013,54475
deu,2014,50187
deu,2015,31346
deu,2016,12033
gha,1999,605029
gha,2000,489610
gha,2001,591960
gha,2002,538052
gha,2003,564741
gha,2005,499234
gha,2006,487691
gha,2007,398499
gha,2008,304515
gha,2009,300154
gha,2011,155835
gha,2017,56903
gha,2018,84794
gha,2019,26649
gib,1978,596
gib,1979,626
gib,1981,614
gib,1982,563
grc,1971,37327
grc,1972,35661
grc,1973,31297
grc,1974,24770
grc,1975,24259
grc,1976,24802
grc,1977,28119
grc,1978,31484
grc,1979,35042
grc,1980,41001
grc,1981,34442
grc,1982,32236
grc,1983,28360
grc,1984,28520
grc,1985,29058
grc,1986,33481
grc,1987,43168
grc,1988,39565
grc,1989,41184
grc,1990,40723
grc,1991,41198
grc,1992,49003
grc,1993,54344
grc,1994,53781
grc,1995,48766
grc,1996,45084
grc,1997,38599
grc,1998,11497
grc,1999,8182
grc,2000,3530
grc,2001,8399
grc,2002,7183
grc,2003,7516
grc,2004,6916
grc,2005,10700
grc,2006,10849
grc,2007,11701
grc,2010,6393
grc,2011,6139
grc,2012,4937
grc,2013,4392
grc,2014,8097
grc,2015,5996
grc,2016,4480
grc,2017,4374
grc,2018,5390
grd,1972,1961
grd,1977,196
grd,1980,196
grd,1981,711
grd,1982,985
grd,1983,994
grd,1984,809
grd,2005,304
gtm,1970,238437
gtm,1971,237349
gtm,1972,239682
gtm,1974,246754
gtm,1975,247014
gtm,1978,255636
gtm,1981,243826
gtm,1982,275243
gtm,1983,256805
gtm,1997,231120
gtm,1999,126258
gtm,2000,112844
gtm,2001,129644
gtm,2002,106481
gtm,2004,69639
gtm,2005,58764
gtm,2006,45873
gtm,2007,40100
gtm,2008,44528
gtm,2011,57729
gtm,2012,93336
gtm,2013,121485
gtm,2014,144170
gtm,2015,146694
gtm,2016,153545
gtm,2017,141185
gtm,2018,129292
gtm,2019,130153
gin,1984,263827
gin,1985,255102
gin,1986,276304
gin,1987,295500
gin,1988,301436
gin,1989,314382
gin,1990,330252
gin,1991,328195
gin,1998,320717
gin,1999,321261
gin,2000,319521
gin,2001,308608
gin,2002,263866
gin,2003,250673
gin,2004,237675
gin,2005,234654
gin,2006,230351
gin,2007,220419
gin,2008,233896
gin,2009,227430
gin,2010,199210
gin,2011,175736
gin,2012,182407
gin,2013,167548
gin,2014,136334
gin,2016,142323
gnb,1981,23402
gnb,1982,16100
gnb,1984,20787
gnb,1985,22463
gnb,1987,33127
gnb,1988,35588
gnb,2000,41500
gnb,2010,29854
guy,1971,9027
guy,1972,8101
guy,1974,6758
guy,1976,9255
guy,1977,5943
guy,1979,8402
guy,1982,7829
guy,1991,4055
guy,1992,5140
guy,1993,6118
guy,1995,4998
guy,1996,5756
guy,2003,3813
guy,2008,872
guy,2009,3646
guy,2010,1218
hti,1981,263820
hti,1982,239685
hti,1983,228648
hti,1984,250688
hti,1985,232044
hti,1986,233534
hti,1987,293366
hti,1997,271092
hnd,1979,77159
hnd,1980,77652
hnd,1982,47056
hnd,1983,45403
hnd,1984,44289
hnd,1986,52211
hnd,1991,62877
hnd,1993,59953
hnd,2000,79411
hnd,2003,59070
hnd,2004,61359
hnd,2005,90992
hnd,2006,69964
hnd,2007,103836
hnd,2008,85864
hnd,2009,93461
hnd,2010,87059
hnd,2011,83708
hnd,2012,104763
hnd,2013,123641
hnd,2014,126217
hnd,2015,132776
hnd,2016,124055
hnd,2017,114409
hnd,2019,68043
hkg,1971,34048
hkg,1972,30408
hkg,1973,30121
hkg,1974,24167
hkg,1975,18725
hkg,1976,16701
hkg,1977,13031
hkg,1978,13962
hkg,1979,13134
hkg,1980,2141
hkg,1981,2504
hkg,1982,5858
hkg,1983,7233
hkg,1984,8853
hkg,1985,11805
hkg,1995,17830
hkg,1996,16011
hun,1996,52078
hun,1997,31370
hun,1998,3518
hun,1999,2562
hun,2000,8146
hun,2001,6184
hun,2002,4875
hun,2003,7060
hun,2004,7393
hun,2005,4991
hun,2006,3927
hun,2007,5502
hun,2008,3669
hun,2009,3133
hun,2010,3722
hun,2011,5309
hun,2012,6428
hun,2013,6455
hun,2014,6104
hun,2015,5685
hun,2016,4297
hun,2017,4803
hun,2018,8614
isl,1994,404
isl,1996,373
isl,1997,288
isl,1998,27
isl,2003,130
isl,2004,374
isl,2005,337
isl,2006,361
isl,2007,343
isl,2008,173
isl,2010,147
isl,2011,209
isl,2012,297
isl,2013,242
isl,2014,206
isl,2015,202
isl,2016,60
ind,1971,10100315
ind,1990,6821828
ind,2000,6373315
ind,2001,6878720
ind,2002,7353998
ind,2003,7008258
ind,2007,1999230
ind,2008,2785734
ind,2009,3981236
ind,2010,3417648
ind,2011,3904269
ind,2012,2587681
ind,2013,2025529
idn,1971,2318790
idn,1972,2275244
idn,1974,2215170
idn,1975,2272410
idn,1976,2050853
idn,1978,1117562
idn,1981,628708
idn,1987,64015
idn,1989,66962
idn,1990,304802
idn,1991,438234
idn,1992,536174
idn,1993,718043
idn,1994,619613
idn,1995,621753
idn,1996,851083
idn,1997,849363
idn,2001,418627
idn,2002,551569
idn,2003,578626
idn,2004,681910
idn,2005,746392
idn,2006,564999
idn,2007,186422
idn,2008,425944
idn,2009,303066
idn,2010,434529
idn,2011,720353
idn,2012,648387
idn,2013,966571
idn,2014,909343
idn,2016,608103
idn,2017,428719
idn,2018,482011
irn,1984,261759
irn,1985,309974
irn,1986,329222
irn,1987,354427
irn,1988,390266
irn,1989,437841
irn,1990,180772
irn,1992,68660
irn,1997,298863
irn,1999,563065
irn,2000,512893
irn,2002,17998
irn,2003,65679
irn,2004,7306
irn,2005,97843
irn,2006,78413
irn,2007,130213
irn,2009,50906
irn,2010,87749
irn,2011,83600
irn,2012,45406
irq,1971,172138
irq,1972,151903
irq,1973,134436
irq,1974,120520
irq,1975,161554
irq,1976,75517
irq,1977,94795
irq,1978,102783
irq,1979,21341
irq,1980,16537
irq,1981,44873
irq,1983,105479
irq,1985,104395
irq,1986,97983
irq,1987,70320
irq,1988,68181
irq,1989,63488
irq,1993,279715
irq,1996,339931
irq,1999,68743
irq,2000,95686
irq,2004,24172
irq,2007,37653
irl,1971,5147
irl,1972,6302
irl,1973,6106
irl,1974,8399
irl,1975,9189
irl,1976,8541
irl,1977,8256
irl,1978,8957
irl,1979,10939
irl,1980,13996
irl,1981,18377
irl,1982,22678
irl,1983,26429
irl,1986,30240
irl,1987,28635
irl,1988,26535
irl,1989,25699
irl,1990,24898
irl,1991,25325
irl,1992,26559
irl,1993,26751
irl,1994,26027
irl,1995,24661
irl,1996,22196
irl,1999,228
irl,2001,778
ita,1976,55165
ita,1979,12201
ita,1985,23118
ita,1996,20641
ita,1997,11753
ita,2013,29
ita,2014,10448
ita,2015,20839
ita,2016,28629
ita,2017,34673
ita,2018,43567
jam,1975,11078
jam,1976,16141
jam,1977,15469
jam,1979,9150
jam,1980,9619
jam,1981,8536
jam,1983,7123
jam,1984,9137
jam,1985,10035
jam,1986,9422
jam,1987,3296
jam,1988,9479
jam,1989,4262
jam,1990,4859
jam,1991,7745
jam,1993,10959
jam,1999,15027
jam,2000,12529
jam,2001,12648
jam,2002,14755
jam,2003,17152
jam,2004,13256
jam,2015,22094
jam,2016,19196
jam,2017,19155
jam,2018,22182
jam,2019,23875
jor,1972,11515
jor,1973,3296
jor,1978,514
jor,1979,2894
jor,1980,18279
jor,1981,25978
jor,1982,27334
jor,1983,36876
jor,1984,38604
jor,1985,40152
jor,1999,39639
jor,2000,37390
jor,2002,30707
jor,2003,26757
jor,2004,27397
jor,2005,30512
jor,2006,39690
jor,2007,51615
jor,2008,64243
jor,2010,94489
jor,2011,111265
jor,2012,132189
jor,2013,144211
jor,2016,152979
jor,2017,133448
jor,2018,129267
jor,2019,128140
kaz,2000,38463
kaz,2002,1840
kaz,2006,5364
kaz,2007,5590
ken,1999,1045323
ken,2000,990672
ken,2001,772073
ken,2002,760466
ken,2003,462009
ken,2004,534579
ken,2005,551122
ken,2006,606656
ken,2007,292730
ken,2008,450645
ken,2009,364751
ken,2012,761042
kir,1985,66
kir,1986,203
kir,1987,345
kir,1989,94
prk,2009,18324
kor,1971,66660
kor,1972,31317
kor,1973,53991
kor,1974,67724
kor,1975,68042
kor,1976,47186
kor,1977,76682
kor,1978,71968
kor,1979,30828
kor,1984,27625
kor,1985,43209
kor,1986,49244
kor,1987,18058
kor,2000,29232
kor,2001,44633
kor,2002,48506
kor,2003,27445
kor,2004,27028
kor,2009,7245
kor,2012,35411
kor,2013,69643
kor,2014,60305
kor,2015,21098
kor,2016,38639
kor,2017,33524
kor,2018,12706
kwt,1971,14373
kwt,1972,15214
kwt,1973,14099
kwt,1974,13269
kwt,1975,13062
kwt,1976,13759
kwt,1977,11836
kwt,1978,4710
kwt,1979,6280
kwt,1980,10246
kwt,1981,10544
kwt,1982,10538
kwt,1983,9191
kwt,1984,8063
kwt,1985,5339
kwt,1986,5358
kwt,1987,10683
kwt,1988,13461
kwt,1992,53364
kwt,1994,26089
kwt,1996,4491
kwt,1997,3897
kwt,1999,1401
kwt,2000,6986
kwt,2001,10571
kwt,2002,8997
kwt,2005,9424
kwt,2016,6144
kgz,1996,14243
kgz,1999,12940
kgz,2000,15555
kgz,2001,12335
kgz,2002,12572
kgz,2003,12931
kgz,2004,2892
kgz,2005,8356
kgz,2006,4914
kgz,2007,7158
kgz,2008,8109
kgz,2009,9704
kgz,2010,7741
kgz,2011,8299
kgz,2012,2514
lao,1992,117207
lao,1993,104383
lao,1994,94948
lao,1996,97489
lao,1997,92025
lao,1998,82148
lao,1999,83115
lao,2000,81351
lao,2001,85013
lao,2002,80931
lao,2003,70534
lao,2004,69489
lao,2005,64223
lao,2006,56729
lao,2007,46349
lao,2008,37565
lao,2009,30401
lao,2010,12803
lao,2011,15667
lao,2012,15593
lao,2013,9081
lao,2014,8742
lao,2015,16141
lao,2016,19003
lao,2017,26278
lao,2018,30203
lao,2019,29802
lva,2009,523
lva,2010,529
lva,2011,461
lva,2012,927
lva,2013,1222
lva,2014,1341
lva,2015,1424
lva,2016,1293
lva,2017,1187
lva,2018,981
lso,1970,53600
lso,1972,58371
lso,1973,58847
lso,1974,53143
lso,1976,55631
lso,1977,56969
lso,1978,65247
lso,1979,66620
lso,1980,67535
lso,1981,68603
lso,1982,65316
lso,1983,67658
lso,1984,68334
lso,1985,66574
lso,1986,67722
lso,1987,67306
lso,1988,67072
lso,1989,69865
lso,1990,73730
lso,1991,72464
lso,1992,73079
lso,1993,77966
lso,1994,76281
lso,1995,76635
lso,1996,77890
lso,1998,89209
lso,1999,92805
lso,2000,52967
lso,2001,48472
lso,2002,42041
lso,2003,36133
lso,2004,34109
lso,2005,29948
lso,2006,25166
lso,2007,26404
lso,2008,23582
lso,2009,22705
lso,2010,18463
lso,2011,17741
lso,2012,17719
lso,2013,16594
lso,2014,15859
lso,2015,12787
lso,2016,9258
lso,2017,4299
lbr,1999,93576
lbr,2008,156616
lbr,2014,21442
lbr,2017,82261
lby,1971,12602
lby,1972,2689
lby,1978,9981
lby,1981,2056
lie,2014,27
ltu,1998,4178
ltu,2003,42
lux,1972,1517
lux,1973,1756
lux,1974,1304
lux,1975,1445
lux,1976,1494
lux,1977,1687
lux,1978,1697
lux,1981,3006
lux,1982,2218
lux,1983,2242
lux,1984,2404
lux,1986,2376
lux,1987,2809
lux,1988,2070
lux,1999,452
lux,2000,658
lux,2001,443
lux,2002,400
lux,2003,770
lux,2004,673
lux,2005,364
lux,2006,276
lux,2007,249
lux,2008,412
lux,2010,936
lux,2011,1042
lux,2012,700
lux,2013,797
lux,2014,524
lux,2015,209
mac,1990,1503
mac,1992,2692
mac,1999,2234
mac,2000,2440
mac,2001,2989
mac,2002,2710
mac,2003,2655
mac,2004,2401
mac,2005,2327
mac,2006,2469
mac,2007,2030
mac,2008,2008
mac,2009,2216
mac,2010,2204
mac,2011,1990
mac,2012,1763
mac,2013,1558
mac,2014,1062
mac,2015,606
mac,2016,322
mac,2017,346
mac,2018,446
mac,2019,128
mdg,1972,161304
mdg,1989,267580
mdg,1990,288753
mdg,1995,446330
mdg,1996,411354
mdg,1999,371547
mdg,2000,364910
mdg,2001,364088
mdg,2002,372183
mdg,2003,266025
mwi,2007,87040
mys,1970,91467
mys,1971,107947
mys,1972,98795
mys,1994,43143
mys,1998,61421
mys,1999,36646
mys,2000,26459
mys,2001,35296
mys,2002,54332
mys,2003,46692
mys,2004,11156
mys,2005,8573
mys,2006,98846
mys,2007,98176
mys,2008,86685
mys,2009,93106
mys,2010,65132
mys,2011,57063
mys,2012,29181
mys,2014,470
mdv,1997,1279
mdv,1999,635
mdv,2000,742
mdv,2002,395
mdv,2016,774
mdv,2017,1217
mdv,2018,1274
mdv,2019,835
mli,1971,347795
mli,1999,425375
mli,2002,392343
mli,2003,404263
mli,2004,439146
mli,2005,380465
mli,2006,382670
mli,2007,373768
mli,2009,317554
mli,2010,321999
mli,2011,326859
mli,2012,375128
mli,2014,469115
mli,2015,531456
mli,2016,524023
mli,2017,465237
mli,2018,631173
mlt,1971,3661
mlt,1972,3684
mlt,1973,3967
mlt,1974,3708
mlt,1975,2933
mlt,1976,1790
mlt,1977,1020
mlt,1978,308
mlt,1979,197
mlt,1980,502
mlt,1981,747
mlt,1982,1038
mlt,1983,1105
mlt,1984,1043
mlt,1985,527
mlt,1986,726
mlt,1987,946
mlt,1988,1074
mlt,1989,1000
mlt,1990,855
mlt,1991,715
mlt,1992,630
mlt,1993,532
mlt,1994,767
mlt,1995,527
mlt,1996,476
mlt,1997,413
mhl,2011,207
mhl,2015,1263
mhl,2016,1215
mhl,2019,1162
mrt,1994,94139
mrt,1995,83805
mrt,1996,80786
mrt,1998,80618
mrt,1999,84409
mrt,2000,84871
mrt,2001,77306
mrt,2002,81240
mrt,2003,75910
mrt,2004,61860
mrt,2005,67476
mrt,2006,62199
mrt,2007,62108
mrt,2008,73665
mrt,2009,76526
mrt,2010,77583
mrt,2011,79087
mrt,2012,86073
mrt,2013,78288
mrt,2014,74126
mrt,2016,89421
mrt,2017,76737
mrt,2018,69108
mrt,2019,85497
mus,1972,17918
mus,1973,16954
mus,1974,15651
mus,1975,14089
mus,1976,13438
mus,1977,10664
mus,1978,12284
mus,1979,14269
mus,1980,14016
mus,1981,11794
mus,1982,7518
mus,1983,5336
mus,1984,3427
mus,1986,1176
mus,1990,2140
mus,1991,5011
mus,1993,4754
mus,1994,3961
mus,1995,3360
mus,1996,1840
mus,1997,1300
mus,2004,1461
mus,2005,694
mus,2009,977
mus,2012,2943
mus,2013,1814
mex,1971,840881
mex,1997,248792
mex,1998,203715
fsm,2014,684
fsm,2015,1067
fsm,2016,673
fsm,2019,682
mda,2000,8873
mda,2001,3993
mda,2002,4415
mda,2003,731
mda,2004,1564
mda,2005,4311
mda,2006,6991
mda,2007,7035
mda,2008,6226
mda,2009,6224
mda,2010,6466
mda,2011,5847
mda,2012,6067
mda,2013,6010
mda,2014,5798
mda,2015,6186
mda,2016,6253
mda,2017,7043
mda,2018,7353
mda,2019,7619
mng,1995,17982
mng,1996,15022
mng,1997,20383
mng,1998,16246
mng,1999,13306
mng,2000,10439
mng,2001,8733
mng,2002,9392
mng,2003,16673
mng,2004,7868
mng,2005,10600
mng,2006,3966
mng,2007,1140
mng,2012,302
mng,2013,3454
mng,2014,4070
mng,2015,2373
mne,2003,614
mne,2005,503
mne,2006,328
mne,2007,750
mne,2008,762
mne,2012,790
mne,2015,967
mne,2016,960
mne,2017,590
mar,1975,646969
mar,1976,612823
mar,1977,550679
mar,1978,502116
mar,1979,468797
mar,1980,431066
mar,1981,394298
mar,1982,398983
mar,1983,370431
mar,1984,334036
mar,1985,364979
mar,1986,404525
mar,1987,451007
mar,1988,496610
mar,1989,552907
mar,1990,558462
mar,1991,688495
mar,1992,700551
mar,1993,669594
mar,1994,627246
mar,1995,575172
mar,1996,530943
mar,1997,499763
mar,1998,541929
mar,1999,306232
mar,2000,276309
mar,2001,253283
mar,2002,231734
mar,2003,208312
mar,2004,212382
mar,2005,197487
mar,2006,169693
mar,2007,142777
mar,2008,138291
mar,2009,171184
mar,2010,111117
mar,2011,96170
mar,2012,109215
mar,2013,85243
mar,2014,99661
mar,2016,81091
mar,2017,43383
moz,1973,363644
moz,1979,359595
moz,1981,398077
moz,1982,415180
moz,1983,298606
moz,1985,295408
moz,1986,310428
moz,1987,422261
moz,1989,469603
moz,1991,472867
moz,1992,500508
moz,1993,521121
moz,1994,519862
moz,1995,506054
moz,1998,695166
moz,1999,657425
moz,2000,615251
moz,2001,559699
moz,2002,686462
moz,2004,482896
moz,2005,400724
moz,2006,341368
moz,2007,245410
moz,2008,188186
moz,2009,183689
moz,2010,160555
moz,2011,231020
moz,2012,233811
moz,2013,209883
moz,2014,198421
moz,2015,155357
moz,2016,199898
moz,2017,241463
moz,2018,134743
moz,2019,32478
mmr,1971,664403
mmr,1973,531532
mmr,1974,778336
mmr,1978,730836
mmr,2000,228845
mmr,2001,201050
mmr,2002,266946
mmr,2003,225174
mmr,2004,263954
mmr,2005,281842
mmr,2006,275675
mmr,2007,423998
mmr,2008,252921
mmr,2009,266257
mmr,2010,273482
nam,1989,33442
nam,1990,33704
nam,1992,30150
nam,1998,25202
nam,1999,24967
nam,2000,21680
nam,2001,18424
nam,2002,15055
nam,2003,14531
nam,2004,18590
nam,2005,18376
nam,2006,22426
nam,2007,18208
nam,2008,17981
nam,2009,16583
nam,2010,14764
nam,2012,8490
nru,2012,133
npl,1983,186978
npl,1984,188690
npl,1988,144291
npl,1999,405154
npl,2000,326292
npl,2003,254420
npl,2004,250291
nld,1971,60832
nld,1972,65910
nld,1973,71569
nld,1974,77178
nld,1975,78463
nld,1976,71600
nld,1977,69454
nld,1978,65511
nld,1979,61081
nld,1980,59211
nld,1981,61835
nld,1982,73491
nld,1983,83960
nld,1984,89198
nld,1985,89200
nld,1986,53510
nld,1987,42482
nld,1988,33817
nld,1989,30972
nld,1990,32507
nld,1991,36312
nld,1992,39479
nld,1993,45672
nld,1994,4864
nld,1995,3602
nld,1996,2098
nld,1997,472
nld,2017,8082
nzl,1973,880
nzl,1974,512
nzl,1983,640
nzl,1991,1363
nzl,1992,3636
nzl,1994,4876
nzl,1995,2797
nzl,1996,1654
nzl,2013,3536
nzl,2014,4028
nzl,2015,3928
nzl,2016,2600
nic,1971,103409
nic,1973,107586
nic,1980,103392
nic,1982,114273
nic,1983,117255
nic,1984,124634
nic,1985,119623
nic,1986,126372
nic,1987,124135
nic,1988,128273
nic,1989,137543
nic,1990,130246
nic,1991,122661
nic,1992,114038
nic,1993,112146
nic,1994,109022
nic,1995,116738
nic,1999,78023
nic,2000,66761
nic,2001,50671
nic,2002,21013
nic,2006,13258
nic,2007,14451
nic,2008,11207
nic,2010,19224
ner,1973,354851
ner,1974,365004
ner,1986,407635
ner,1989,461591
ner,1990,480042
ner,1991,491686
ner,1992,523622
ner,1997,578982
ner,1998,596261
ner,1999,603375
ner,2000,621985
ner,2001,604539
ner,2002,582479
ner,2003,565477
ner,2004,549018
ner,2005,581677
ner,2006,593935
ner,2007,609562
ner,2008,599744
ner,2009,575322
ner,2010,541802
ner,2011,494477
ner,2012,506858
ner,2013,539085
ner,2014,569041
ner,2015,562414
ner,2016,566897
ner,2017,539592
ner,2019,760498
nga,1999,3033289
nga,2000,2773712
nga,2004,2951925
nga,2005,3005721
nga,2006,3101169
nga,2007,2457076
nga,2008,3473187
nga,2009,3477155
nga,2010,3646385
mkd,1998,4838
mkd,1999,4831
mkd,2000,978
mkd,2001,2145
mkd,2002,2857
mkd,2003,3461
mkd,2004,2847
mkd,2005,2906
mkd,2006,3962
mkd,2007,3564
mkd,2008,5474
mkd,2009,4356
mkd,2010,2335
mkd,2012,4926
mkd,2013,5665
mkd,2014,4914
mkd,2015,3214
mkd,2017,659
mkd,2018,353
nor,1976,1207
nor,1978,2631
nor,1979,3603
nor,1981,3627
nor,1982,4125
nor,1984,5436
nor,1985,6942
nor,1986,6436
nor,1987,5479
nor,1988,3823
nor,1989,2156
nor,1990,510
nor,1992,642
nor,1993,2396
nor,1994,2689
nor,1995,2897
nor,1996,2962
nor,1997,32054
nor,2003,395
nor,2004,1632
nor,2005,3653
nor,2006,3854
nor,2007,2220
nor,2008,1630
nor,2009,1967
nor,2010,2076
nor,2011,1274
nor,2014,100
omn,1973,52088
omn,1974,49433
omn,1975,44556
omn,1976,46630
omn,1978,42787
omn,1979,42348
omn,1981,42101
omn,1982,42380
omn,1983,43876
omn,1984,40316
omn,1985,43011
omn,1986,42454
omn,1987,40606
omn,1988,44516
omn,1989,45335
omn,1990,46540
omn,1991,48343
omn,1992,48173
omn,1993,46050
omn,1994,46557
omn,1995,44269
omn,1996,37960
omn,1997,38275
omn,1998,35162
omn,1999,31093
omn,2000,28953
omn,2001,27303
omn,2002,25815
omn,2003,26740
omn,2011,2862
pan,1970,33949
pan,1971,24107
pan,1972,21124
pan,1973,18548
pan,1975,16473
pan,1976,17800
pan,1978,14966
pan,1979,17931
pan,1980,19517
pan,1981,22130
pan,1982,24063
pan,1983,26057
pan,1984,26462
pan,1985,25849
pan,1986,25298
pan,1987,24596
pan,1988,26624
pan,1989,24560
pan,1990,24250
pan,1999,11032
pan,2000,8745
pan,2001,5486
pan,2002,993
pan,2005,1332
pan,2006,36
pan,2008,2138
pan,2009,7464
pan,2010,5463
pan,2011,8123
pan,2012,9475
pan,2013,13256
pan,2014,18866
pan,2015,22301
pan,2017,29277
png,1989,139914
png,2016,27156
pry,1970,42002
pry,1972,69461
pry,1975,49432
pry,1976,47058
pry,1977,45586
pry,1978,41959
pry,1979,39199
pry,1980,33980
pry,1981,29515
pry,1983,28994
pry,1984,31313
pry,1985,32931
pry,1986,37107
pry,1987,36554
pry,1988,32876
pry,1989,28900
pry,1990,23533
pry,1991,18131
pry,1992,53024
pry,1993,14962
pry,1994,35988
pry,1996,26636
pry,1999,11476
pry,2000,6306
pry,2001,6849
pry,2002,13747
pry,2003,15680
pry,2004,18210
pry,2005,17133
pry,2006,23486
pry,2007,31204
pry,2008,37526
pry,2009,43177
pry,2010,41942
pry,2011,42576
pry,2012,44247
per,1970,240895
per,1981,146259
per,1993,175221
per,1995,273671
per,1998,60889
per,1999,36934
per,2000,23465
per,2003,45531
per,2009,27286
per,2011,17942
phl,1981,250059
phl,1982,315377
phl,1983,382245
phl,1984,279829
phl,1986,271599
phl,1987,228712
phl,1988,205004
phl,1989,139670
phl,1990,27856
phl,1998,381257
phl,1999,663227
phl,2001,621548
phl,2002,628038
phl,2003,647405
phl,2004,701351
phl,2005,702377
phl,2006,813757
phl,2007,808541
phl,2008,750146
phl,2009,595173
phl,2014,225734
phl,2015,215431
phl,2016,232494
phl,2017,209179
phl,2018,236931
pol,1999,49263
pol,2000,51264
pol,2001,55628
pol,2002,69626
pol,2003,83287
pol,2004,92575
pol,2005,98289
pol,2006,92286
pol,2007,86388
pol,2008,74744
pol,2009,64396
pol,2010,56490
pol,2011,55922
pol,2012,45139
pol,2013,38601
pol,2014,39525
pol,2017,31164
pol,2018,29916
prt,1973,56688
prt,1974,55761
prt,1976,34306
prt,1977,28540
prt,1978,16323
prt,1980,19488
prt,1981,17411
prt,1991,5855
prt,1994,514
prt,2014,708
prt,2015,2972
prt,2016,4545
prt,2017,184
pri,2010,20134
pri,2011,24937
pri,2012,22992
pri,2013,22546
pri,2014,24783
pri,2015,26421
pri,2016,31743
pri,2018,30102
qat,1971,978
qat,1972,1062
qat,1973,1095
qat,1974,1194
qat,1976,1318
qat,1977,873
qat,1978,436
qat,1979,183
qat,1981,430
qat,1983,552
qat,1984,830
qat,1985,1554
qat,1986,1927
qat,1987,2143
qat,1988,2658
qat,1989,2914
qat,1990,3371
qat,1991,4976
qat,1992,5948
qat,1993,6755
qat,1994,5537
qat,2000,1627
qat,2006,3237
qat,2013,4553
qat,2014,4406
qat,2015,2520
qat,2016,1644
qat,2017,1359
qat,2018,1676
qat,2019,2691
rou,1993,172076
rou,1994,116627
rou,1995,84245
rou,1996,76889
rou,1997,77710
rou,1998,51001
rou,1999,66618
rou,2000,61696
rou,2001,52300
rou,2002,32228
rou,2003,11502
rou,2005,748
rou,2006,10160
rou,2007,9950
rou,2008,9640
rou,2009,8470
rou,2010,8610
rou,2011,10955
rou,2012,15087
rou,2015,41252
rou,2016,52735
rou,2017,64130
rou,2018,69125
rus,1994,117844
rus,1995,255375
rus,2006,222621
rus,2007,190491
rus,2008,68613
rus,2009,38306
rus,2014,90743
rus,2015,54539
rus,2016,30623
rwa,1973,131427
rwa,1974,140972
rwa,1975,154887
rwa,1977,152505
rwa,1978,150450
rwa,1999,84033
rwa,2002,135410
rwa,2003,105568
rwa,2016,12606
rwa,2017,24620
rwa,2018,42956
rwa,2019,62064
wsm,1994,1149
wsm,1998,979
wsm,1999,1151
smr,1986,91
smr,1987,117
smr,1988,159
smr,1989,140
smr,1990,111
smr,1991,66
smr,1992,66
smr,1993,55
smr,1994,62
smr,1996,92
smr,1997,87
smr,2000,130
stp,1983,303
stp,1984,311
stp,1988,721
stp,1990,314
stp,1999,2272
stp,2002,284
stp,2003,239
stp,2004,108
stp,2005,100
stp,2007,1463
stp,2008,1329
stp,2009,1503
stp,2010,1536
stp,2013,1954
stp,2014,1870
stp,2015,1793
stp,2017,1063
sau,1979,308351
sau,2009,116076
sau,2010,42318
sau,2011,45125
sau,2016,17679
sen,1978,270191
sen,1979,267075
sen,1980,270500
sen,1981,271293
sen,1982,270791
sen,1983,269589
sen,1984,275612
sen,1985,282381
sen,1986,249924
sen,1988,267858
sen,1990,306381
sen,1992,335182
sen,1996,336908
sen,1997,312019
sen,1998,301576
sen,1999,314154
sen,2000,302398
sen,2003,269231
sen,2004,314380
sen,2005,314986
sen,2006,299027
sen,2007,286953
sen,2008,291210
sen,2009,299801
sen,2010,300469
sen,2011,302847
sen,2012,285500
sen,2013,305877
sen,2014,309549
sen,2015,325841
sen,2019,407132
srb,2006,257
srb,2007,1482
srb,2008,1912
srb,2009,4472
srb,2010,7338
srb,2011,4024
srb,2012,5665
srb,2013,5625
srb,2014,2140
srb,2015,1253
srb,2016,1227
srb,2017,1502
srb,2018,2190
srb,2019,2406
syc,1979,904
syc,1993,580
syc,1994,501
syc,1995,480
syc,1996,444
syc,2001,438
syc,2002,43
sle,1983,157879
sle,2012,20131
sle,2015,10200
sgp,2018,326
svk,2001,5208
svk,2002,9517
svk,2003,10511
svk,2004,11219
svk,2005,8836
svk,2006,5652
svk,2007,2848
svk,2008,2860
svk,2009,4112
svk,2010,5122
svk,2011,5738
svk,2012,4476
svk,2013,4113
svk,2014,5502
svk,2015,6676
svk,2016,7256
svk,2017,6493
svk,2018,5387
svn,1995,3853
svn,1996,2837
svn,1997,2300
svn,1998,1225
svn,1999,1631
svn,2000,2523
svn,2001,1570
svn,2002,1288
svn,2003,841
svn,2004,362
svn,2007,416
svn,2008,347
svn,2009,399
svn,2010,359
svn,2011,327
svn,2013,574
svn,2014,687
slb,2005,9025
slb,2006,7402
slb,2007,7336
slb,2018,2369
som,1976,234247
som,1977,272814
som,1978,324228
som,1979,363718
som,1980,394541
zaf,1970,656359
zaf,1991,506809
zaf,1994,438709
zaf,1995,421243
zaf,1998,426774
zaf,1999,381505
zaf,2000,402599
zaf,2001,380927
zaf,2002,339451
zaf,2003,276109
zaf,2004,235869
zaf,2005,227722
zaf,2017,369093
zaf,2018,458946
ssd,2011,392853
ssd,2015,508255
esp,1971,134504
esp,1972,116098
esp,1973,98210
esp,1978,27416
esp,1979,29150
esp,1988,23126
esp,1989,13562
esp,1990,10415
esp,1992,6484
esp,2016,18911
esp,2017,43541
esp,2018,50956
lka,2003,3934
lka,2005,22976
lka,2006,25550
lka,2007,28369
lka,2008,35405
lka,2009,53184
lka,2010,37796
lka,2011,35434
lka,2012,33379
lka,2013,22275
lka,2014,14974
kna,1985,344
kna,1986,364
kna,2008,20
lca,1981,1566
lca,1982,1159
lca,1990,154
lca,2000,790
lca,2001,666
lca,2004,389
lca,2005,551
lca,2006,325
lca,2007,396
lca,2016,56
lca,2017,180
lca,2018,204
vct,1984,639
vct,1986,305
vct,2005,32
sdn,2011,1098568
sdn,2012,1364674
sdn,2013,1372295
sdn,2014,1414961
sdn,2015,1411004
sdn,2016,1385360
sdn,2017,1216359
sur,1977,1739
sur,1978,1023
sur,2005,5766
sur,2006,5268
sur,2007,5801
sur,2008,4172
sur,2009,3399
sur,2010,3892
sur,2011,4562
sur,2012,4337
sur,2013,4432
sur,2014,4779
sur,2015,4006
sur,2016,3653
sur,2017,5019
sur,2018,4961
sur,2019,4470
swe,1982,13677
swe,1987,5398
swe,1988,4829
swe,1989,3630
swe,1990,1520
swe,1991,1142
swe,2003,1256
swe,2004,9393
swe,2005,14607
swe,2006,15232
swe,2007,10568
swe,2008,2888
che,1977,77197
che,1978,74629
che,1981,65042
che,1982,62679
che,1983,61869
che,1984,61344
che,1985,59307
che,1986,56533
che,1987,52657
che,1988,47572
che,1989,42026
che,1990,38102
che,1991,36752
che,1992,37505
che,1993,40823
che,1994,44055
che,1995,26046
che,1996,21800
che,2004,2295
che,2009,1839
che,2010,1603
che,2011,1439
che,2012,1770
syr,1971,52165
syr,1973,7638
syr,1978,6986
syr,1979,17302
syr,1980,26943
syr,1981,38026
syr,1982,49773
syr,1983,55175
syr,1984,47957
syr,1985,43399
syr,1986,35774
syr,1987,8463
syr,1988,12011
syr,1989,11811
syr,1990,14545
syr,1996,105
syr,1997,13014
syr,1998,3117
syr,2013,259499
tjk,2000,4113
tjk,2001,3654
tjk,2002,3584
tjk,2014,3323
tjk,2015,4830
tjk,2016,4717
tza,1981,561113
tza,1982,686324
tza,1983,745126
tza,1985,921959
tza,1986,980458
tza,1987,1034581
tza,1988,1098500
tza,1989,1129515
tza,1990,1174898
tza,1991,1227525
tza,1992,1263446
tza,1993,1332071
tza,1994,1414160
tza,1995,1456730
tza,1996,1491427
tza,1997,1519693
tza,1998,1575571
tza,1999,1600837
tza,2000,1517077
tza,2001,1386448
tza,2002,896799
tza,2003,610746
tza,2004,467598
tza,2005,305286
tza,2006,100175
tza,2008,31765
tza,2010,341937
tza,2012,613318
tza,2013,766009
tza,2014,895054
tza,2016,895289
tza,2017,911042
tza,2018,1053124
tza,2019,821213
tha,1973,765656
tha,1974,793913
tha,2006,8371
tha,2007,20849
tha,2008,38089
tha,2009,41476
tls,2008,12849
tls,2009,7516
tls,2010,8271
tls,2011,5643
tls,2012,7642
tls,2013,7137
tls,2014,7487
tls,2015,6488
tls,2016,6357
tls,2017,4177
tls,2018,5089
tls,2019,6275
tgo,1971,50147
tgo,1972,52625
tgo,1978,27028
tgo,1979,27172
tgo,1980,28745
tgo,1982,39078
tgo,1983,52076
tgo,1984,72665
tgo,1985,81780
tgo,1986,99962
tgo,1987,70358
tgo,1988,73482
tgo,1989,75686
tgo,1990,76322
tgo,1991,70757
tgo,1994,92315
tgo,1995,59658
tgo,1996,27868
tgo,1997,38869
tgo,2001,509
tgo,2003,1241
tgo,2005,1386
tgo,2007,17247
tgo,2008,15525
tgo,2014,26541
tgo,2015,16818
tgo,2016,30316
tgo,2017,27382
tgo,2018,17695
tgo,2019,14408
ton,1970,1024
ton,1971,829
ton,1972,396
ton,1974,901
ton,1975,240
ton,1983,903
ton,1985,305
ton,1986,222
ton,1990,681
ton,1993,655
ton,1998,393
ton,1999,199
tto,1971,7178
tto,1972,7977
tto,1973,8617
tto,1974,8419
tto,1975,7421
tto,1976,4868
tto,1977,3460
tto,1978,5330
tto,1979,9157
tto,1980,11595
tto,1981,8158
tto,1982,6662
tto,1983,7655
tto,1984,7777
tto,1985,7747
tto,1986,9528
tto,1987,7536
tto,1988,7096
tto,1989,8426
tto,1990,11837
tto,1991,10793
tto,1992,11385
tto,1993,12508
tto,1996,11052
tto,1997,11013
tto,1999,2151
tto,2000,637
tto,2001,947
tto,2002,4730
tto,2003,2839
tto,2004,792
tto,2005,2538
tto,2008,1075
tto,2009,49
tto,2010,556
tun,1971,40015
tun,1975,50248
tun,1978,48546
tun,1979,46061
tun,1980,37269
tun,1981,33260
tun,1982,24884
tun,1983,12593
tun,1984,1469
tun,1985,1133
tun,1989,497
tun,1990,9214
tun,1991,5987
tun,1992,6751
tun,1993,5130
tun,1994,8040
tun,1995,10762
tun,1996,19382
tun,1997,30827
tun,1999,34819
tun,2000,28814
tun,2001,19868
tun,2005,13162
tun,2006,15286
tun,2007,18734
tun,2008,15899
tun,2009,12828
tur,1974,160269
tur,1994,146293
tur,1995,168005
tur,1997,140401
tur,1999,31430
tur,2006,4881
tur,2007,3514
tur,2008,38209
tur,2009,128810
tur,2010,104663
tur,2011,138850
tur,2012,187346
tur,2013,159688
tur,2014,127425
tur,2015,129839
tur,2016,148729
tur,2017,130376
tur,2018,128269
tca,1997,216
tca,1999,142
tca,2000,104
tca,2001,22
tca,2002,222
tca,2003,451
tca,2004,410
tca,2005,372
tca,2009,249
tca,2014,621
tca,2015,494
tuv,2014,60
tuv,2015,22
tuv,2016,65
tuv,2019,106
uga,1979,703561
uga,1981,690384
uga,1982,701887
uga,1986,587419
uga,2009,185476
uga,2010,321245
uga,2011,222755
uga,2013,219128
ukr,2002,30714
ukr,2003,102375
ukr,2004,98205
ukr,2005,92588
ukr,2006,98891
ukr,2007,99601
ukr,2008,100263
ukr,2009,94801
ukr,2010,75722
ukr,2011,61389
ukr,2012,57427
ukr,2013,58950
ukr,2014,78411
are,1978,7291
are,1980,11083
are,1981,13823
are,1982,12371
are,1983,15957
are,1984,17378
are,1985,19318
are,1986,20950
are,1987,11894
are,1988,8874
are,1989,4658
are,1990,1347
are,1991,1155
are,1992,4676
are,1993,11380
are,1994,15116
are,1995,14800
are,1996,19195
are,1997,25022
are,1998,26140
are,2007,8679
are,2012,13559
are,2013,16215
gbr,1971,51658
gbr,1972,74636
gbr,1973,104029
gbr,1974,120308
gbr,1975,124313
gbr,1976,123136
gbr,1977,111602
gbr,1978,107340
gbr,1979,98775
gbr,1980,59781
gbr,1981,61448
gbr,1982,82531
gbr,1983,113647
gbr,1984,116785
gbr,1985,139607
gbr,1986,102605
gbr,1987,45269
gbr,1988,10287
gbr,1991,45340
gbr,1992,78586
gbr,2002,5717
gbr,2004,15196
gbr,2006,13248
gbr,2007,53680
gbr,2008,20715
gbr,2009,38076
gbr,2010,33662
gbr,2011,35227
gbr,2012,32221
gbr,2013,3478
gbr,2016,6361
gbr,2017,7128
gbr,2018,12844
usa,2005,104076
usa,2010,299707
usa,2011,518498
usa,2012,312185
usa,2013,284204
usa,2015,214356
usa,2016,36772
usa,2018,64864
ury,1984,21321
ury,1991,13585
ury,1992,10139
ury,1993,9098
ury,1994,11678
ury,1995,12658
ury,1996,13840
ury,1997,13577
ury,2007,2458
ury,2008,96
ury,2014,4344
uzb,2007,78195
uzb,2008,63214
uzb,2009,66429
uzb,2010,54415
uzb,2011,46044
uzb,2012,28774
uzb,2013,17288
uzb,2014,2548
vut,1981,1461
vut,1989,3074
vut,1999,262
vut,2004,352
vut,2015,1797
ven,1999,191958
ven,2000,149703
ven,2001,113447
ven,2002,51000
ven,2003,80443
ven,2004,78485
ven,2005,95435
ven,2006,93267
ven,2007,67799
ven,2008,105580
ven,2009,75079
ven,2010,66370
ven,2011,68139
ven,2012,53295
ven,2013,68989
ven,2014,106131
ven,2015,108798
ven,2016,143953
ven,2017,166336
pse,1999,17953
pse,2000,16873
pse,2001,22453
pse,2002,23711
pse,2003,26744
pse,2004,28383
pse,2005,32499
pse,2006,34299
pse,2007,36048
pse,2008,30244
pse,2009,25518
pse,2010,20453
pse,2011,18844
pse,2012,11291
pse,2013,12540
pse,2014,9160
pse,2015,11070
pse,2016,10641
pse,2017,6126
pse,2018,6982
pse,2019,9036
yem,1999,456591
yem,2003,288102
yem,2004,248014
yem,2005,234203
yem,2008,289754
yem,2010,180503
yem,2012,137297
yem,2013,135798
yem,2016,218703
zmb,1972,81040
zmb,1976,85213
zmb,1977,90058
zmb,1978,101778
zmb,1979,111154
zmb,1980,117053
zmb,1981,122444
zmb,1982,128439
zmb,1983,122965
zmb,1984,119501
zmb,1986,122943
zmb,1988,151541
zmb,1994,228404
zmb,1995,249941
zmb,1998,292423
zmb,1999,310141
zmb,2000,320993
zmb,2001,333791
zmb,2002,307780
zmb,2004,189378
zmb,2005,107677
zmb,2006,137847
zmb,2007,99458
zmb,2009,155845
zmb,2010,201558
zmb,2011,158820
zmb,2012,150988
zmb,2013,189405
zmb,2017,281430
zwe,1998,197054
zwe,1999,156074
zwe,2000,126636
zwe,2001,87655
zwe,2002,114938
zwe,2003,123772
