economy,year,sh_mlr_incd_p3
afe,2000,313.2942365049
afe,2001,313.0926872316
afe,2002,297.3010478898
afe,2003,290.5282594269
afe,2004,275.0462763357
afe,2005,253.4729843679
afe,2006,239.1853508236
afe,2007,223.6198131429
afe,2008,206.6540976898
afe,2009,204.9857181915
afe,2010,200.5661872938
afe,2011,191.8336149429
afe,2012,192.1322707957
afe,2013,193.2346731795
afe,2014,187.3881998693
afe,2015,182.3963839152
afe,2016,176.7534982481
afe,2017,182.8030149972
afe,2018,168.4265298692
afe,2019,167.3507909190
afe,2020,176.4466025468
afe,2021,172.8195458878
afw,2000,412.9229508591
afw,2001,408.6340855499
afw,2002,397.0444629162
afw,2003,392.9743995624
afw,2004,390.4866251802
afw,2005,385.9839199724
afw,2006,381.1573272988
afw,2007,379.5307323299
afw,2008,380.7242159515
afw,2009,375.4194573105
afw,2010,365.3965845133
afw,2011,352.4523310246
afw,2012,335.2573340483
afw,2013,317.2900048642
afw,2014,304.0906476585
afw,2015,295.9488441583
afw,2016,289.1751390510
afw,2017,285.7662089181
afw,2018,284.1039109351
afw,2019,278.6374652344
afw,2020,285.2585625119
afw,2021,281.2108860629
arb,2000,28.5533939440
arb,2001,28.5654817628
arb,2002,25.7171630453
arb,2003,24.1469816497
arb,2004,21.4761879368
arb,2005,22.0713320721
arb,2006,21.7714153377
arb,2007,18.0478578198
arb,2008,13.0296631479
arb,2009,11.3582397087
arb,2010,13.1732941517
arb,2011,11.2224600181
arb,2012,10.9128472956
arb,2013,10.9431731202
arb,2014,11.8417901486
arb,2015,12.9408658680
arb,2016,15.6498758321
arb,2017,15.6418240596
arb,2018,17.0697142515
arb,2019,17.9139179938
arb,2020,18.9730888071
arb,2021,19.7633241550
ear,2000,31.1894178282
ear,2001,30.0592605000
ear,2002,27.7694762285
ear,2003,28.0133803348
ear,2004,28.1712878541
ear,2005,26.5711557972
ear,2006,23.5877184708
ear,2007,22.0781368896
ear,2008,21.3101656022
ear,2009,23.7517126646
ear,2010,24.7264299442
ear,2011,22.6718881264
ear,2012,22.0952323817
ear,2013,20.7550416072
ear,2014,20.0768183401
ear,2015,19.0254782535
ear,2016,17.5952614475
ear,2017,16.4445318816
ear,2018,11.7599144525
ear,2019,10.5212138279
ear,2020,9.6775071010
ear,2021,8.6470207563
eas,2000,6.1062242832
eas,2001,5.7373442296
eas,2002,5.3445211177
eas,2003,5.3680613266
eas,2004,5.7482299860
eas,2005,5.3058203761
eas,2006,5.2251766761
eas,2007,4.6348558913
eas,2008,4.7513222992
eas,2009,5.1605611862
eas,2010,5.2817309950
eas,2011,4.5594337031
eas,2012,5.1917644104
eas,2013,3.8204862527
eas,2014,3.4588090906
eas,2015,2.4481343518
eas,2016,2.5733754835
eas,2017,2.2874285315
eas,2018,2.2911067893
eas,2019,2.1104668002
eas,2020,2.2951057048
eap,2000,6.1235342082
eap,2001,5.7550571674
eap,2002,5.3615913423
eap,2003,5.3858109781
eap,2004,5.7675540324
eap,2005,5.3229618486
eap,2006,5.2412369438
eap,2007,4.6486094141
eap,2008,4.7665903014
eap,2009,5.1773174667
eap,2010,5.2984574736
eap,2011,4.5744336418
eap,2012,5.2090259893
eap,2013,3.8331006943
eap,2014,3.4700327073
eap,2015,2.4558601650
eap,2016,2.5815368932
eap,2017,2.2947468882
eap,2018,2.2983479046
eap,2019,2.1170896758
eap,2020,2.3024317821
tea,2000,6.0851642376
tea,2001,5.6863464950
tea,2002,5.3080801893
tea,2003,5.4217616989
tea,2004,5.8081064000
tea,2005,5.3686895241
tea,2006,5.2858371193
tea,2007,4.6894104054
tea,2008,4.7962607049
tea,2009,5.2129399785
tea,2010,5.3362552008
tea,2011,4.6018644728
tea,2012,5.2374444307
tea,2013,3.8556199753
tea,2014,3.4928316796
tea,2015,2.4723964578
tea,2016,2.6011404918
tea,2017,2.3120150267
tea,2018,2.3164745227
tea,2019,2.1352031542
tea,2020,2.3223135659
fcs,2000,303.6117333357
fcs,2001,299.2387305949
fcs,2002,288.6925874080
fcs,2003,286.6922186659
fcs,2004,285.4667694795
fcs,2005,275.8520032848
fcs,2006,270.4610582312
fcs,2007,265.4714812688
fcs,2008,258.2305273597
fcs,2009,254.5456783137
fcs,2010,248.0168777606
fcs,2011,237.1809104421
fcs,2012,232.4430685346
fcs,2013,226.7652264375
fcs,2014,218.9063880914
fcs,2015,210.5170278337
fcs,2016,205.5098131348
fcs,2017,204.7553041656
fcs,2018,200.7507940699
fcs,2019,198.7701363634
fcs,2020,206.9271824076
fcs,2021,202.7357428172
hpc,2000,339.3455096148
hpc,2001,337.0007523669
hpc,2002,323.6642633029
hpc,2003,316.2584522069
hpc,2004,301.9410165770
hpc,2005,283.8526657224
hpc,2006,271.9083957616
hpc,2007,260.4658650983
hpc,2008,252.4205409404
hpc,2009,252.6213443674
hpc,2010,251.0737155899
hpc,2011,244.4223332009
hpc,2012,240.5519140292
hpc,2013,234.8664582066
hpc,2014,224.7713024029
hpc,2015,217.1503871040
hpc,2016,209.4384435373
hpc,2017,209.2460270669
hpc,2018,197.8393142209
hpc,2019,192.5382900986
hpc,2020,198.3913898032
hpc,2021,195.7885164715
ibd,2000,13.7844374504
ibd,2001,13.7520725357
ibd,2002,12.8438822055
ibd,2003,13.3751071462
ibd,2004,14.2122293900
ibd,2005,14.9813005025
ibd,2006,12.8731822772
ibd,2007,12.1384196352
ibd,2008,11.9455574288
ibd,2009,11.8192826823
ibd,2010,11.6085330129
ibd,2011,10.0211650168
ibd,2012,8.6119815664
ibd,2013,7.2884791840
ibd,2014,7.2535898864
ibd,2015,7.6091975705
ibd,2016,8.0112684501
ibd,2017,7.0359322275
ibd,2018,6.0771809145
ibd,2019,5.8177288853
ibd,2020,5.5981615415
ibt,2000,83.2489578559
ibt,2001,83.3158994434
ibt,2002,80.4840667428
ibt,2003,80.2433814625
ibt,2004,79.2999249430
ibt,2005,77.4071728771
ibt,2006,74.4969296000
ibt,2007,72.5342899928
ibt,2008,71.2926160072
ibt,2009,71.6080564835
ibt,2010,70.4640605353
ibt,2011,67.6615262554
ibt,2012,65.6548946900
ibt,2013,63.2804316980
ibt,2014,61.5443694816
ibt,2015,60.5881064922
ibt,2016,60.0797064474
ibt,2017,60.3541489645
ibt,2018,58.2065198381
ibt,2019,57.5902317438
ibt,2020,60.4264954869
ibt,2021,70.4693349086
idb,2000,201.3602987790
idb,2001,200.9991396786
idb,2002,193.3477458924
idb,2003,193.1080459876
idb,2004,194.7311307139
idb,2005,192.4340734067
idb,2006,190.0159319498
idb,2007,188.5714768823
idb,2008,183.6726679763
idb,2009,178.6319567261
idb,2010,168.4940543702
idb,2011,158.6617124783
idb,2012,150.0111854940
idb,2013,144.3201901343
idb,2014,141.0002073597
idb,2015,138.3699308236
idb,2016,139.0358745741
idb,2017,141.6374259309
idb,2018,140.8953418131
idb,2019,141.1248839627
idb,2020,147.4093422179
idb,2021,143.1371788908
idx,2000,282.8011888093
idx,2001,280.3098888308
idx,2002,269.7284707684
idx,2003,263.2020985463
idx,2004,250.6948751695
idx,2005,236.0255427163
idx,2006,226.4142458427
idx,2007,216.8611214468
idx,2008,211.2966077952
idx,2009,213.4996749917
idx,2010,213.7186480474
idx,2011,208.2404151503
idx,2012,206.2069456649
idx,2013,199.9916053912
idx,2014,191.7016546580
idx,2015,185.3465579496
idx,2016,178.9598359445
idx,2017,179.5342268291
idx,2018,170.0439733498
idx,2019,165.6634790373
idx,2020,172.3956251399
idx,2021,170.7823085374
ida,2000,250.7711571793
ida,2001,249.0622976358
ida,2002,239.6608328347
ida,2003,235.6604823988
ida,2004,228.7294886964
ida,2005,218.9396351360
ida,2006,212.1751011748
ida,2007,205.8132043529
ida,2008,200.5203888599
ida,2009,199.9064159148
ida,2010,196.0986930548
ida,2011,188.9447396484
ida,2012,184.3706770566
ida,2013,178.3946655110
ida,2014,172.0709834999
ida,2015,167.2097360320
ida,2016,163.6050479116
ida,2017,165.0131942138
ida,2018,158.9129744097
ida,2019,156.3269051221
ida,2020,162.8648483005
ida,2021,160.2673271376
lte,2000,2.3072449984
lte,2001,1.8565576151
lte,2002,1.5336928788
lte,2003,1.3397689059
lte,2004,1.2417111255
lte,2005,1.3671156736
lte,2006,1.2425489505
lte,2007,1.1218090467
lte,2008,0.7423143297
lte,2009,0.7273056006
lte,2010,0.8644559134
lte,2011,0.6224767588
lte,2012,0.6109345274
lte,2013,0.5111009280
lte,2014,0.3707214883
lte,2015,0.3716209645
lte,2016,0.3501122484
lte,2017,0.4167934915
lte,2018,0.4309764498
lte,2019,0.4032611363
lte,2020,0.3750209479
lcn,2000,14.0923903562
lcn,2001,11.6021643077
lcn,2002,10.4161657198
lcn,2003,10.0535965811
lcn,2004,9.8060454482
lcn,2005,10.7340659427
lcn,2006,9.1109894727
lcn,2007,8.0876080133
lcn,2008,5.6235576327
lcn,2009,5.4805900396
lcn,2010,6.4632161046
lcn,2011,4.8009227809
lcn,2012,4.5141484769
lcn,2013,4.3842711229
lcn,2014,3.5793459511
lcn,2015,4.2638002310
lcn,2016,5.0692858004
lcn,2017,6.8926347938
lcn,2018,6.7106012854
lcn,2019,6.4052517109
lcn,2020,4.5920373213
lcn,2021,4.2510260131
lac,2000,15.7306382005
lac,2001,12.9120482360
lac,2002,11.4839292409
lac,2003,10.9428107012
lac,2004,10.4695551144
lac,2005,11.4690370187
lac,2006,9.9616485385
lac,2007,8.8436391097
lac,2008,6.0726562873
lac,2009,5.8565948546
lac,2010,6.7633228224
lac,2011,4.7802721851
lac,2012,4.3325511841
lac,2013,3.7980921321
lac,2014,3.0555023091
lac,2015,3.4450424298
lac,2016,3.3368593500
lac,2017,3.7290900318
lac,2018,3.5561498869
lac,2019,3.3143392090
lac,2020,3.2802367070
lac,2021,2.9819709843
tla,2000,14.0923903562
tla,2001,11.6021643077
tla,2002,10.4161657198
tla,2003,10.0535965811
tla,2004,9.8060454482
tla,2005,10.7340659427
tla,2006,9.1109894727
tla,2007,8.0876080133
tla,2008,5.6235576327
tla,2009,5.4805900396
tla,2010,6.4632161046
tla,2011,4.8009227809
tla,2012,4.5141484769
tla,2013,4.3842711229
tla,2014,3.5793459511
tla,2015,4.2638002310
tla,2016,5.0692858004
tla,2017,6.8926347938
tla,2018,6.7106012854
tla,2019,6.4052517109
tla,2020,4.5920373213
tla,2021,4.2510260131
ldc,2000,290.9877785410
ldc,2001,288.5873382016
ldc,2002,277.0443949151
ldc,2003,270.7850383991
ldc,2004,258.4531872972
ldc,2005,244.3707225967
ldc,2006,234.4344788508
ldc,2007,222.9377404273
ldc,2008,214.0814748636
ldc,2009,213.6022897194
ldc,2010,211.9921211116
ldc,2011,205.2011204017
ldc,2012,205.7268967754
ldc,2013,202.4911310637
ldc,2014,195.4130163991
ldc,2015,190.5700086722
ldc,2016,185.4453071802
ldc,2017,187.8928522449
ldc,2018,178.2693967186
ldc,2019,173.9237114132
ldc,2020,180.4810413654
ldc,2021,179.0418308868
lmy,2000,83.4472063458
lmy,2001,83.5279305520
lmy,2002,80.6848047745
lmy,2003,80.4152570707
lmy,2004,79.4655594999
lmy,2005,77.5646677292
lmy,2006,74.6618236813
lmy,2007,72.6978833467
lmy,2008,71.4619182593
lmy,2009,71.7776082903
lmy,2010,70.6231504038
lmy,2011,67.8146504961
lmy,2012,65.8018238279
lmy,2013,63.4086777850
lmy,2014,61.6739380605
lmy,2015,60.7024426470
lmy,2016,60.1603193660
lmy,2017,60.3802910411
lmy,2018,58.2222926348
lmy,2019,57.6009531000
lmy,2020,60.5015958662
lmy,2021,70.5834317126
lic,2000,306.3892721653
lic,2001,304.7149256904
lic,2002,293.3919319020
lic,2003,287.1004338887
lic,2004,274.9242081621
lic,2005,259.5195219682
lic,2006,250.6414495626
lic,2007,239.8732153253
lic,2008,233.0830067344
lic,2009,236.6695833414
lic,2010,236.1237584280
lic,2011,229.4150325473
lic,2012,230.0641391074
lic,2013,226.9885076027
lic,2014,217.1754921966
lic,2015,210.0726549045
lic,2016,204.2956485316
lic,2017,207.7069536862
lic,2018,194.6978418379
lic,2019,189.1591328424
lic,2020,196.0052391727
lic,2021,192.8438540517
lmc,2000,79.3420194977
lmc,2001,79.1779552221
lmc,2002,75.8938820463
lmc,2003,75.8839370860
lmc,2004,76.0332085108
lmc,2005,75.1427149157
lmc,2006,71.1951486649
lmc,2007,69.6628546433
lmc,2008,68.4781771106
lmc,2009,67.4575679950
lmc,2010,65.2464226172
lmc,2011,61.4427490686
lmc,2012,57.4476966184
lmc,2013,53.6802833081
lmc,2014,52.7395270775
lmc,2015,52.2551986177
lmc,2016,52.0921492568
lmc,2017,51.1857500812
lmc,2018,49.9567262825
lmc,2019,49.7089054369
lmc,2020,51.4958688000
lmc,2021,51.2116721292
mea,2000,7.8775874044
mea,2001,8.5471230985
mea,2002,9.2056720977
mea,2003,8.2587564991
mea,2004,6.4791059683
mea,2005,6.6844184073
mea,2006,7.7904070907
mea,2007,5.4218728249
mea,2008,3.3542734387
mea,2009,4.2389320110
mea,2010,6.6410909531
mea,2011,4.5596505275
mea,2012,4.6239507927
mea,2013,3.7070787251
mea,2014,3.1126369665
mea,2015,2.6910550304
mea,2016,3.4144358227
mea,2017,3.7872122798
mea,2018,4.3745603557
mea,2019,4.2223402405
mea,2020,4.1113485182
mea,2021,4.8147339468
mna,2000,8.0668442321
mna,2001,8.7827771874
mna,2002,9.4640383610
mna,2003,8.4942808081
mna,2004,6.6645302811
mna,2005,6.8780335744
mna,2006,8.0172465894
mna,2007,5.5830646161
mna,2008,3.4560354155
mna,2009,4.3686228457
mna,2010,6.8509333098
mna,2011,4.7108452595
mna,2012,5.0173850270
mna,2013,4.0275621719
mna,2014,3.3845086208
mna,2015,2.9273509230
mna,2016,3.7148289412
mna,2017,4.1211764043
mna,2018,4.7587279674
mna,2019,4.5891325678
mna,2020,4.4623653340
mna,2021,5.2205589005
tmn,2000,8.0668442321
tmn,2001,8.7827771874
tmn,2002,9.4640383610
tmn,2003,8.4942808081
tmn,2004,6.6645302811
tmn,2005,6.8780335744
tmn,2006,8.0172465894
tmn,2007,5.5830646161
tmn,2008,3.4560354155
tmn,2009,4.3686228457
tmn,2010,6.8509333098
tmn,2011,4.7108452595
tmn,2012,5.0173850270
tmn,2013,4.0275621719
tmn,2014,3.3845086208
tmn,2015,2.9273509230
tmn,2016,3.7148289412
tmn,2017,4.1211764043
tmn,2018,4.7587279674
tmn,2019,4.5891325678
tmn,2020,4.4623653340
tmn,2021,5.2205589005
mic,2000,54.6879178405
mic,2001,54.6889945826
mic,2002,52.5609738435
mic,2003,52.6783141100
mic,2004,52.8722561327
mic,2005,52.4545739527
mic,2006,49.9647180955
mic,2007,48.8859451383
mic,2008,48.0973706691
mic,2009,47.5679172774
mic,2010,46.1311480911
mic,2011,43.5375149922
mic,2012,40.8231009308
mic,2013,38.2265663312
mic,2014,37.4898603376
mic,2015,37.1888770512
mic,2016,37.1593504180
mic,2017,36.5310154199
mic,2018,35.7557220548
mic,2019,35.6146740357
mic,2020,37.2269359627
mic,2021,44.8054632812
pre,2000,359.6764256375
pre,2001,360.7683344833
pre,2002,348.8484387982
pre,2003,342.6321158732
pre,2004,333.1984327491
pre,2005,324.0732240166
pre,2006,313.9256736018
pre,2007,305.2133814461
pre,2008,297.9294816533
pre,2009,288.2533350784
pre,2010,278.0052831559
pre,2011,266.6854234024
pre,2012,255.5293001429
pre,2013,244.4982691889
pre,2014,235.3732860706
pre,2015,230.7506157612
pre,2016,229.3063043507
pre,2017,230.5983563348
pre,2018,229.8426788503
pre,2019,227.5738020280
pre,2020,236.8223562947
pre,2021,235.2285850617
sas,2000,18.8444455547
sas,2001,18.7792579230
sas,2002,17.4479439537
sas,2003,18.0092018997
sas,2004,18.8246412688
sas,2005,19.8515242055
sas,2006,16.0791409127
sas,2007,15.4024387639
sas,2008,15.7302918753
sas,2009,15.9841310187
sas,2010,15.7573918207
sas,2011,13.8147946977
sas,2012,11.0749419179
sas,2013,8.6468508642
sas,2014,8.4525146511
sas,2015,8.8505724207
sas,2016,9.3511296441
sas,2017,7.1507527642
sas,2018,5.2078952957
sas,2019,4.2126909144
sas,2020,3.1049546381
sas,2021,3.0962171285
tsa,2000,18.8444455547
tsa,2001,18.7792579230
tsa,2002,17.4479439537
tsa,2003,18.0092018997
tsa,2004,18.8246412688
tsa,2005,19.8515242055
tsa,2006,16.0791409127
tsa,2007,15.4024387639
tsa,2008,15.7302918753
tsa,2009,15.9841310187
tsa,2010,15.7573918207
tsa,2011,13.8147946977
tsa,2012,11.0749419179
tsa,2013,8.6468508642
tsa,2014,8.4525146511
tsa,2015,8.8505724207
tsa,2016,9.3511296441
tsa,2017,7.1507527642
tsa,2018,5.2078952957
tsa,2019,4.2126909144
tsa,2020,3.1049546381
tsa,2021,3.0962171285
ssf,2000,358.0123140063
ssf,2001,355.9706979649
ssf,2002,342.0589358958
ssf,2003,336.4915890880
ssf,2004,326.8261374582
ssf,2005,312.8910440564
ssf,2006,302.8116650858
ssf,2007,293.4394900256
ssf,2008,284.5458621847
ssf,2009,281.2049543728
ssf,2010,274.2384486480
ssf,2011,263.5983148352
ssf,2012,256.0493764898
ssf,2013,248.5801783487
ssf,2014,239.4060524042
ssf,2015,232.9620515473
ssf,2016,226.7596102852
ssf,2017,228.5569419234
ssf,2018,219.7816150316
ssf,2019,216.7015306087
ssf,2020,224.6441664240
ssf,2021,220.7800937715
ssa,2000,358.0123140063
ssa,2001,355.9706979649
ssa,2002,342.0589358958
ssa,2003,336.4915890880
ssa,2004,326.8261374582
ssa,2005,312.8910440564
ssa,2006,302.8116650858
ssa,2007,293.4394900256
ssa,2008,284.5458621847
ssa,2009,281.2049543728
ssa,2010,274.2384486480
ssa,2011,263.5983148352
ssa,2012,256.0493764898
ssa,2013,248.5801783487
ssa,2014,239.4060524042
ssa,2015,232.9620515473
ssa,2016,226.7596102852
ssa,2017,228.5569419234
ssa,2018,219.7816150316
ssa,2019,216.7015306087
ssa,2020,224.6441664240
ssa,2021,220.7800937715
tss,2000,358.0123140063
tss,2001,355.9706979649
tss,2002,342.0589358958
tss,2003,336.4915890880
tss,2004,326.8261374582
tss,2005,312.8910440564
tss,2006,302.8116650858
tss,2007,293.4394900256
tss,2008,284.5458621847
tss,2009,281.2049543728
tss,2010,274.2384486480
tss,2011,263.5983148352
tss,2012,256.0493764898
tss,2013,248.5801783487
tss,2014,239.4060524042
tss,2015,232.9620515473
tss,2016,226.7596102852
tss,2017,228.5569419234
tss,2018,219.7816150316
tss,2019,216.7015306087
tss,2020,224.6441664240
tss,2021,220.7800937715
umc,2000,3.8578092399
umc,2001,3.6494145380
umc,2002,3.4161921811
umc,2003,3.2971839407
umc,2004,3.0789707053
umc,2005,3.1984142759
umc,2006,3.2871163128
umc,2007,2.9497048663
umc,2008,2.6483704537
umc,2009,2.6966480559
umc,2010,3.5422891823
umc,2011,3.1866159513
umc,2012,3.1858927710
umc,2013,2.8774671433
umc,2014,2.4572334404
umc,2015,2.3247245231
umc,2016,2.3424807845
umc,2017,2.1047313013
umc,2018,1.9524606159
umc,2019,1.9633235017
umc,2020,1.9956369502
wld,2000,82.8201950091
wld,2001,82.8969222889
wld,2002,80.0783689548
wld,2003,79.8156024767
wld,2004,78.8801119308
wld,2005,76.9975227202
wld,2006,74.1051187733
wld,2007,72.1547496565
wld,2008,70.9249041992
wld,2009,71.2399532469
wld,2010,70.1033670599
wld,2011,67.3130453473
wld,2012,65.1611763690
wld,2013,62.8013679999
wld,2014,61.0783526734
wld,2015,60.1290938321
wld,2016,59.6245686798
wld,2017,59.8983208372
wld,2018,57.7687925732
wld,2019,57.1606680830
wld,2020,59.9768537545
afg,2000,87.1578290519
afg,2001,86.5130611799
afg,2002,85.4361101331
afg,2003,71.2059266144
afg,2004,39.4900379850
afg,2005,28.4580092143
afg,2006,21.3248485915
afg,2007,22.6692460510
afg,2008,19.7791888701
afg,2009,13.0267993041
afg,2010,13.4390261514
afg,2011,16.0705391811
afg,2012,9.3959397743
afg,2013,11.5017605508
afg,2014,12.6553350960
afg,2015,14.1533392768
afg,2016,27.4629854331
afg,2017,29.0770272918
afg,2018,22.4021474377
afg,2019,14.2025372214
afg,2020,8.4270450256
afg,2021,6.2516283652
dza,2000,0.0188084202
dza,2001,0.0032737779
dza,2002,0.0053831917
dza,2003,0.0026553908
dza,2004,0.0010473134
dza,2005,0.0005165623
dza,2006,0.0005091712
dza,2007,0.0130246818
dza,2008,0.0014773835
dza,2009,0.0000000000
dza,2010,0.0004747885
dza,2011,0.0004658601
dza,2012,0.0251292443
dza,2013,0.0035839789
dza,2014,0.0000000000
dza,2015,0.0000000000
dza,2016,0.0000000000
dza,2017,0.0000000000
dza,2018,0.0000000000
dza,2019,0.0000000000
dza,2020,0.0000000000
dza,2021,0.0000000000
ago,2000,325.7036071595
ago,2001,326.6506953099
ago,2002,309.1209422596
ago,2003,313.7309944438
ago,2004,313.7325783615
ago,2005,316.0221336197
ago,2006,301.3629592795
ago,2007,274.3327070187
ago,2008,233.4539996892
ago,2009,196.8126888385
ago,2010,172.7190588454
ago,2011,157.1727607753
ago,2012,154.2163281115
ago,2013,160.6983544529
ago,2014,166.7796696231
ago,2015,176.6835411080
ago,2016,189.4521768272
ago,2017,208.9487630266
ago,2018,214.2472130690
ago,2019,227.2537329500
ago,2020,251.5823214245
ago,2021,254.8731170989
arg,2000,2.3738488182
arg,2001,1.1472663045
arg,2002,0.6598917777
arg,2003,0.6478917394
arg,2004,0.5999700015
arg,2005,1.1824808551
arg,2006,0.8713978843
arg,2007,1.6450998094
arg,2008,0.5214333956
arg,2009,0.4522640239
arg,2010,0.2627737226
arg,2011,0.0000000000
arg,2012,0.0000000000
arg,2013,0.0000000000
arg,2014,0.0000000000
arg,2015,0.0000000000
arg,2016,0.0000000000
arg,2017,0.0000000000
arg,2018,0.0000000000
arg,2019,0.0000000000
arg,2020,0.0000000000
arm,2000,0.0445002293
arm,2001,0.0252143781
arm,2002,0.0167469824
arm,2003,0.0094030612
arm,2004,0.0153306945
arm,2005,0.0022971562
arm,2007,0.0000000000
arm,2008,0.0000000000
arm,2010,0.0000000000
arm,2012,0.0000000000
arm,2014,0.0000000000
arm,2015,0.0000000000
arm,2016,0.0000000000
arm,2017,0.0000000000
arm,2018,0.0000000000
arm,2019,0.0000000000
aze,2000,8.1007766341
aze,2001,5.5332150394
aze,2002,2.6225864415
aze,2003,2.4661799387
aze,2004,1.9614718153
aze,2005,1.2155123485
aze,2006,0.6995539723
aze,2007,0.5288854718
aze,2008,0.3478378496
aze,2009,0.3718695024
aze,2010,0.2353439552
aze,2011,0.0185824387
aze,2012,0.0137508709
aze,2013,0.0000000000
aze,2014,0.0000000000
aze,2015,0.0000000000
aze,2016,0.0000000000
aze,2017,0.0000000000
aze,2018,0.0000000000
aze,2019,0.0000000000
bgd,2000,6.8107489132
bgd,2001,6.8108078482
bgd,2002,6.8107754719
bgd,2003,6.8107857175
bgd,2004,6.8108146718
bgd,2005,6.8107672674
bgd,2006,4.4689016891
bgd,2007,8.1900455496
bgd,2008,7.7407313211
bgd,2009,5.1094163609
bgd,2010,4.3434969252
bgd,2011,3.9271457262
bgd,2012,2.1630386318
bgd,2013,1.9075206874
bgd,2014,3.9518159189
bgd,2015,2.6796753302
bgd,2016,1.8403952825
bgd,2017,1.9158274037
bgd,2018,0.7043375821
bgd,2019,1.1912601889
bgd,2020,0.4191020784
bgd,2021,0.4927823908
blz,2000,8.9582830962
blz,2001,6.7878193108
blz,2002,6.4201640709
blz,2003,7.2684153317
blz,2004,5.6772186954
blz,2005,8.0069058917
blz,2006,4.2364586418
blz,2007,4.1209662081
blz,2008,2.5603095130
blz,2009,1.1809370920
blz,2010,0.6749065254
blz,2011,0.3166491483
blz,2012,0.1418927635
blz,2013,0.0840922660
blz,2014,0.0781536006
blz,2015,0.0362450163
blz,2016,0.0157825169
blz,2017,0.0270753236
blz,2018,0.0113798009
blz,2019,0.0000000000
blz,2020,0.0000000000
blz,2021,0.0000000000
ben,2000,412.4463437745
ben,2001,430.8458590294
ben,2002,453.7014872474
ben,2003,470.1956129145
ben,2004,488.9018429667
ben,2005,494.0386547802
ben,2006,492.7957683730
ben,2007,488.0070112946
ben,2008,469.7676486608
ben,2009,439.5762165095
ben,2010,408.9639635348
ben,2011,380.8130054553
ben,2012,364.5641665663
ben,2013,364.1176944202
ben,2014,369.0227571880
ben,2015,389.7072684970
ben,2016,419.3302270809
ben,2017,420.5033138943
ben,2018,408.0668584871
ben,2019,401.7147793847
ben,2020,378.1542740666
ben,2021,383.4506626390
btn,2000,13.6583412537
btn,2001,13.4007477716
btn,2002,14.2132090505
btn,2003,8.1043730822
btn,2004,5.5510163350
btn,2005,3.7179719634
btn,2006,3.7494078826
btn,2007,1.5721836501
btn,2008,0.6445861620
btn,2009,2.0473346879
btn,2010,0.8351194546
btn,2011,0.3675189064
btn,2012,0.1536596289
btn,2013,0.0278098621
btn,2014,0.0348685273
btn,2015,0.0618157092
btn,2016,0.0270356492
btn,2017,0.0196593921
btn,2018,0.0106392222
btn,2019,0.0035216290
btn,2020,0.0384848177
btn,2021,0.0156429514
bol,2000,11.7096733646
bol,2001,5.6277541783
bol,2002,4.8955813218
bol,2003,6.7090770152
bol,2004,4.8326428931
bol,2005,6.4161886532
bol,2006,5.9461071385
bol,2007,4.4939938597
bol,2008,2.9469977655
bol,2009,2.9263286242
bol,2010,4.0230789631
bol,2011,2.0523850071
bol,2012,2.0954488636
bol,2013,2.2376170384
bol,2014,2.2197952676
bol,2015,1.8514329873
bol,2016,1.4697559070
bol,2017,1.1941114404
bol,2018,1.3747449534
bol,2019,2.3683261919
bol,2020,3.0481555390
bol,2021,2.7244058222
bwa,2000,16.7220399736
bwa,2001,6.5900537957
bwa,2002,3.0778020981
bwa,2003,1.5373526325
bwa,2004,0.9873950943
bwa,2005,1.1682270919
bwa,2006,3.7546180003
bwa,2007,0.9907474008
bwa,2008,1.8462398549
bwa,2009,2.0015547200
bwa,2010,1.6073773500
bwa,2011,0.4820390961
bwa,2012,0.2107798647
bwa,2013,0.4931939239
bwa,2014,1.3853077305
bwa,2015,0.2977199234
bwa,2016,0.6315705782
bwa,2017,1.8419074449
bwa,2018,0.4971588724
bwa,2019,0.1562828103
bwa,2020,1.0519999550
bwa,2021,0.6217687836
bra,2000,21.3083917184
bra,2001,12.9119007144
bra,2002,11.1145178285
bra,2003,12.5601291458
bra,2004,13.7802303154
bra,2005,17.3596646211
bra,2006,15.2406436435
bra,2007,13.8017155393
bra,2008,8.5827848298
bra,2009,8.3282466462
bra,2010,9.7849063710
bra,2011,7.0597215647
bra,2012,6.3577282936
bra,2013,4.8273829457
bra,2014,3.5494142361
bra,2015,3.9514125275
bra,2016,3.1439427450
bra,2017,5.2192590619
bra,2018,5.1287721132
bra,2019,4.1554316108
bra,2020,3.8613087885
bra,2021,3.7238018202
bfa,2000,599.3173545017
bfa,2001,599.7482073940
bfa,2002,594.7492885087
bfa,2003,584.4635903314
bfa,2004,561.2775479238
bfa,2005,530.6522490029
bfa,2006,513.2121264784
bfa,2007,521.3520647792
bfa,2008,551.8239837504
bfa,2009,570.7756832546
bfa,2010,570.4728810136
bfa,2011,556.6615235121
bfa,2012,535.2151710685
bfa,2013,488.7741313311
bfa,2014,447.6063688391
bfa,2015,419.2821142407
bfa,2016,374.3211200043
bfa,2017,357.6141752981
bfa,2018,357.0256234528
bfa,2019,356.6632492731
bfa,2020,377.4021348510
bfa,2021,376.7718229897
bdi,2000,448.4395874920
bdi,2001,435.7869004408
bdi,2002,417.7722818291
bdi,2003,393.4621182286
bdi,2004,344.5570364761
bdi,2005,312.2309299089
bdi,2006,282.3041737016
bdi,2007,238.0347478397
bdi,2008,204.7343179463
bdi,2009,175.9540246672
bdi,2010,169.2424510538
bdi,2011,165.0613442660
bdi,2012,166.2929398348
bdi,2013,175.2268099449
bdi,2014,182.6268593175
bdi,2015,199.9152057937
bdi,2016,231.6928585192
bdi,2017,250.5317287929
bdi,2018,288.4995935084
bdi,2019,298.8721193502
bdi,2020,303.4378166625
bdi,2021,291.4447392455
cpv,2000,1.2086113559
cpv,2001,0.8832099316
cpv,2002,0.6176853056
cpv,2003,0.5447713963
cpv,2004,0.3557002948
cpv,2005,0.5306902876
cpv,2006,0.6167652206
cpv,2007,0.1371637583
cpv,2008,0.2637786671
cpv,2009,0.4848394436
cpv,2010,0.3468250747
cpv,2011,0.0510371478
cpv,2012,0.0072044033
cpv,2013,0.1567130157
cpv,2014,0.1831256735
cpv,2015,0.0487590814
cpv,2016,0.3375074045
cpv,2017,2.8797451119
cpv,2018,0.0134669252
cpv,2019,0.0000000000
cpv,2020,0.0000000000
cpv,2021,0.0000000000
khm,2000,78.0727867549
khm,2001,44.5456885528
khm,2002,39.2869348383
khm,2003,51.4078869090
khm,2004,43.7905422971
khm,2005,41.4936147042
khm,2006,45.9509933011
khm,2007,19.7098390828
khm,2008,21.7912462638
khm,2009,42.5807255906
khm,2010,34.7806491716
khm,2011,35.7095834136
khm,2012,24.8653457031
khm,2013,15.9136470228
khm,2014,22.3529244431
khm,2015,20.0710475664
khm,2016,11.2345761804
khm,2017,18.1054484988
khm,2018,24.0249440390
khm,2019,12.2206901004
khm,2020,3.7376802339
khm,2021,1.6250140326
cmr,2000,406.4369211099
cmr,2001,414.4869382821
cmr,2002,410.3667498993
cmr,2003,422.5551086605
cmr,2004,430.2330575830
cmr,2005,422.4043615890
cmr,2006,406.8696929335
cmr,2007,385.2291595829
cmr,2008,350.1276023748
cmr,2009,307.2870129592
cmr,2010,286.1517103601
cmr,2011,266.5740682420
cmr,2012,257.6460522109
cmr,2013,262.0032496874
cmr,2014,261.2371154547
cmr,2015,260.5539145738
cmr,2016,258.3875085770
cmr,2017,252.1735173520
cmr,2018,247.9970688384
cmr,2019,242.2607490243
cmr,2020,249.1845559533
cmr,2021,245.0843108704
caf,2000,441.9642673196
caf,2001,433.9363398760
caf,2002,434.4250287142
caf,2003,438.8739521564
caf,2004,446.4712720048
caf,2005,444.8058379845
caf,2006,440.1046605513
caf,2007,432.3049716008
caf,2008,422.8060864405
caf,2009,409.5768581087
caf,2010,395.6017703251
caf,2011,385.8120113456
caf,2012,377.7249222401
caf,2013,371.1902912469
caf,2014,362.6547907775
caf,2015,346.4428573940
caf,2016,334.1202988397
caf,2017,328.6993994591
caf,2018,324.6672202727
caf,2019,322.8727514810
caf,2020,335.9944709514
caf,2021,334.7076611374
tcd,2000,270.0084634749
tcd,2001,271.3537757919
tcd,2002,236.4294256688
tcd,2003,230.9099741070
tcd,2004,224.3664949692
tcd,2005,225.6008302367
tcd,2006,228.4510590300
tcd,2007,228.6577830563
tcd,2008,229.7347492891
tcd,2009,236.3723799066
tcd,2010,236.1037290092
tcd,2011,220.0520583308
tcd,2012,204.6310415557
tcd,2013,192.5009798433
tcd,2014,190.7989920119
tcd,2015,191.7570117890
tcd,2016,194.8657015154
tcd,2017,198.4946117726
tcd,2018,208.3870570039
tcd,2019,205.5115553463
tcd,2020,208.5621090315
tcd,2021,206.3621958172
chn,2000,0.0151795582
chn,2001,0.0398977880
chn,2002,0.0476378118
chn,2003,0.0528558004
chn,2004,0.0501461490
chn,2005,0.0401956959
chn,2006,0.0644312398
chn,2007,0.0530213275
chn,2008,0.0299297587
chn,2009,0.0165824740
chn,2010,0.0088500191
chn,2011,0.0023045841
chn,2012,0.0004269294
chn,2013,0.0001442192
chn,2014,0.0000914875
chn,2015,0.0000669092
chn,2016,0.0000017056
chn,2017,0.0000000000
chn,2018,0.0000000000
chn,2019,0.0000000000
chn,2020,0.0000000000
col,2000,24.2713582078
col,2001,37.7590774841
col,2002,32.5399801990
col,2003,27.9681721005
col,2004,21.4157351383
col,2005,17.8553298800
col,2006,17.4685152132
col,2007,18.0639790130
col,2008,11.3363843134
col,2009,11.2688681298
col,2010,16.5860398043
col,2011,8.9852024791
col,2012,8.3048459372
col,2013,7.0673759898
col,2014,5.5180795875
col,2015,8.1328924266
col,2016,10.9589326920
col,2017,7.5634009231
col,2018,8.6005441533
col,2019,10.7786074868
col,2020,9.4005262187
col,2021,8.9798988203
com,2000,66.3315684163
com,2001,65.0362123704
com,2002,63.7817571689
com,2003,62.5436304001
com,2004,61.3107713274
com,2005,60.0928320873
com,2006,58.8878341145
com,2007,57.6933987573
com,2008,56.5030899010
com,2009,55.3220035082
com,2010,55.6961330683
com,2011,37.0945765449
com,2012,72.8066344023
com,2013,76.0030483576
com,2014,3.0827917807
com,2015,1.7802951455
com,2016,1.5316952369
com,2017,4.2407150660
com,2018,19.5616974081
com,2019,22.2494456286
com,2020,5.6390371214
com,2021,12.8245854252
cod,2000,469.5237311592
cod,2001,469.8341283742
cod,2002,470.3380071562
cod,2003,474.5093026070
cod,2004,481.2416010080
cod,2005,481.6890653139
cod,2006,473.9140690720
cod,2007,464.0551287789
cod,2008,444.9634450198
cod,2009,413.9672428709
cod,2010,389.9127211334
cod,2011,365.7190424578
cod,2012,345.5239430323
cod,2013,326.4920891892
cod,2014,307.5046597789
cod,2015,295.7635392646
cod,2016,297.4805386894
cod,2017,308.2104084710
cod,2018,320.8788741927
cod,2019,320.6746876308
cod,2020,324.2074264136
cod,2021,318.2525253954
cog,2000,353.4155703679
cog,2001,350.9362493666
cog,2002,321.6740244684
cog,2003,319.2113186358
cog,2004,317.8120762786
cog,2005,299.5108143864
cog,2006,278.9698118937
cog,2007,256.6869438816
cog,2008,231.3675022655
cog,2009,216.8367694487
cog,2010,214.3120460111
cog,2011,215.5188586227
cog,2012,216.5816546817
cog,2013,219.1950151469
cog,2014,213.1226742268
cog,2015,210.9029603984
cog,2016,217.1428990072
cog,2017,233.1400098638
cog,2018,242.9597383746
cog,2019,237.7399886155
cog,2020,228.6943541183
cog,2021,219.3436519309
cri,2000,1.3491613874
cri,2001,0.9607881423
cri,2002,0.7075939173
cri,2003,0.4897637333
cri,2004,0.8659840912
cri,2005,2.3441637538
cri,2006,1.8944634420
cri,2007,0.7869982484
cri,2008,0.6130717561
cri,2009,0.1640479521
cri,2010,0.0679940759
cri,2011,0.0061051030
cri,2012,0.0036192392
cri,2013,0.0000000000
cri,2014,0.0000000000
cri,2015,0.0000000000
cri,2016,0.0023110420
cri,2017,0.0068656013
cri,2018,0.0396767816
cri,2019,0.0533832026
cri,2020,0.0501927961
cri,2021,0.1047739212
civ,2000,496.9750596291
civ,2001,511.3646669374
civ,2002,512.7920906117
civ,2003,511.7035057416
civ,2004,502.2454146972
civ,2005,458.2374813234
civ,2006,438.0847925777
civ,2007,438.2655908607
civ,2008,453.2974670389
civ,2009,466.4838970484
civ,2010,472.0299798646
civ,2011,462.0497953106
civ,2012,378.4969336748
civ,2013,290.7660810312
civ,2014,258.9936942599
civ,2015,239.8055833136
civ,2016,242.3428432145
civ,2017,250.6873788233
civ,2018,264.0204427805
civ,2019,274.7505387885
civ,2020,275.9413675849
civ,2021,270.8741110423
dji,2000,3.1107077714
dji,2001,3.1112001463
dji,2002,3.1109376241
dji,2003,3.1104121916
dji,2004,3.1105694183
dji,2005,3.1103649944
dji,2006,3.1111153096
dji,2007,3.1102281502
dji,2008,3.1113453850
dji,2009,3.9748192390
dji,2010,1.4652014652
dji,2011,3.1101786111
dji,2012,3.1104764087
dji,2013,2.3108505687
dji,2014,12.7255691049
dji,2015,12.5534545522
dji,2016,18.0123357524
dji,2017,18.8067802346
dji,2018,31.3377807882
dji,2019,61.3377799354
dji,2020,88.4763720920
dji,2021,70.4939704105
dom,2000,0.3239494282
dom,2001,0.2753880563
dom,2002,0.3478158917
dom,2003,0.4036039821
dom,2004,0.6115072167
dom,2005,0.9805597590
dom,2006,0.8867978580
dom,2007,0.6715682006
dom,2008,0.4508686609
dom,2009,0.3979795060
dom,2010,0.5946498966
dom,2011,0.3827557534
dom,2012,0.2229779502
dom,2013,0.1095678665
dom,2014,0.0999365421
dom,2015,0.1357353962
dom,2016,0.1467542985
dom,2017,0.0716147454
dom,2018,0.0900525796
dom,2019,0.2656007933
dom,2020,0.1681841754
dom,2021,0.0617249074
ecu,2000,284.0928857193
ecu,2001,290.9371176379
ecu,2002,227.7821974023
ecu,2003,134.3280116410
ecu,2004,72.8451969838
ecu,2005,42.4913646582
ecu,2006,24.1607548797
ecu,2007,19.7304104523
ecu,2008,11.5780852011
ecu,2009,9.6041936295
ecu,2010,4.3223839046
ecu,2011,2.7453285498
ecu,2012,1.2056737589
ecu,2013,0.8032005797
ecu,2014,0.5204133200
ecu,2015,1.3094662971
ecu,2016,2.4861757357
ecu,2017,2.6205019854
ecu,2018,3.3337635831
ecu,2019,3.5674995449
ecu,2020,3.7734302901
ecu,2021,4.1937735478
egy,2000,0.0000000000
egy,2001,0.0000000000
egy,2002,0.0000000000
egy,2003,0.0000000000
egy,2004,0.0000000000
egy,2005,0.0000000000
egy,2006,0.0000000000
egy,2007,0.0000000000
egy,2008,0.0000000000
egy,2009,0.0000000000
egy,2010,0.0000000000
egy,2011,0.0000000000
egy,2012,0.0000000000
egy,2013,0.0000000000
egy,2014,0.0000000000
egy,2015,0.0000000000
egy,2016,0.0000000000
egy,2017,0.0000000000
egy,2018,0.0000000000
egy,2019,0.0000000000
egy,2020,0.0000000000
egy,2021,0.0000000000
slv,2000,0.6225347665
slv,2001,0.2977994921
slv,2002,0.0958790056
slv,2003,0.0694756631
slv,2004,0.0914108862
slv,2005,0.0546637121
slv,2006,0.0400003265
slv,2007,0.0326009529
slv,2008,0.0267895414
slv,2009,0.0169832699
slv,2010,0.0136969967
slv,2011,0.0056185141
slv,2012,0.0103938385
slv,2013,0.0047782684
slv,2014,0.0047598913
slv,2015,0.0039528629
slv,2016,0.0094573603
slv,2017,0.0000000000
slv,2018,0.0000000000
slv,2019,0.0000000000
slv,2020,0.0000000000
gnq,2000,311.1651924079
gnq,2001,305.1858133941
gnq,2002,302.2721998634
gnq,2003,307.4203380859
gnq,2004,319.4970684512
gnq,2005,332.6556620247
gnq,2006,333.5741061035
gnq,2007,330.9563307455
gnq,2008,309.2894164755
gnq,2009,281.4515093620
gnq,2010,268.0635600498
gnq,2011,267.5451778282
gnq,2012,287.3631492348
gnq,2013,307.4735859659
gnq,2014,306.6331167101
gnq,2015,301.4774609439
gnq,2016,283.9862265865
gnq,2017,262.1696925747
gnq,2018,240.0360564040
gnq,2019,223.7566410458
gnq,2020,220.8666525902
gnq,2021,213.1754346680
eri,2000,17.8492026345
eri,2001,22.1212895427
eri,2002,12.8847808610
eri,2003,18.6516117118
eri,2004,5.4622639461
eri,2005,9.7749363287
eri,2006,5.7074545857
eri,2007,12.8386340087
eri,2008,6.9090242496
eri,2009,8.9679002610
eri,2010,26.5178651135
eri,2011,23.9053239680
eri,2012,16.1357266626
eri,2013,14.9585892590
eri,2014,33.0048067882
eri,2015,19.1676302378
eri,2016,25.7217289343
eri,2017,34.1272553801
eri,2018,28.9419958472
eri,2019,57.2713413501
eri,2020,44.6259534943
eri,2021,25.6602193402
swz,2000,2.7275436858
swz,2001,4.7841146816
swz,2002,2.2771610939
swz,2003,1.1536009553
swz,2004,1.9235086943
swz,2005,0.9296033692
swz,2006,0.5136447235
swz,2007,0.2767509439
swz,2008,0.1900623601
swz,2009,0.3457634195
swz,2010,0.8701948522
swz,2011,1.2245438655
swz,2012,1.3142504595
swz,2013,2.3249204002
swz,2014,1.2339726306
swz,2015,1.0015684941
swz,2016,0.7814795596
swz,2017,1.3648108341
swz,2018,2.1112954306
swz,2019,0.7175769716
swz,2020,0.7048154321
swz,2021,0.9166204862
eth,2000,329.4404088310
eth,2001,296.3995533109
eth,2002,260.0927303920
eth,2003,261.7278759234
eth,2004,247.5106970658
eth,2005,168.5644427223
eth,2006,154.0072624587
eth,2007,131.7534056687
eth,2008,111.6813448709
eth,2009,148.7192797575
eth,2010,170.7679307194
eth,2011,175.4372556135
eth,2012,203.4093518803
eth,2013,231.4775641623
eth,2014,211.4124824508
eth,2015,179.7948789086
eth,2016,124.6156165254
eth,2017,89.7142270838
eth,2018,36.9642348306
eth,2019,34.0866592591
eth,2020,53.0524726998
eth,2021,46.2621638357
gab,2000,330.4324258505
gab,2001,322.6704628078
gab,2002,293.2557002480
gab,2003,248.7003028153
gab,2004,187.8273387387
gab,2005,147.3682983475
gab,2006,134.5786517976
gab,2007,129.2304555374
gab,2008,153.1889813485
gab,2009,197.0243271716
gab,2010,233.9108353958
gab,2011,255.2547249647
gab,2012,257.9978820769
gab,2013,249.8846088740
gab,2014,240.5922144744
gab,2015,233.6214091378
gab,2016,228.3312386217
gab,2017,228.1448359160
gab,2018,227.9079676571
gab,2019,228.3696386412
gab,2020,230.2081547676
gab,2021,228.9184210178
gmb,2000,312.4596967456
gmb,2001,303.6339880591
gmb,2002,294.9653237403
gmb,2003,286.3814814555
gmb,2004,277.8700243452
gmb,2005,269.4673710888
gmb,2006,261.2391558668
gmb,2007,253.2485156240
gmb,2008,245.5087550850
gmb,2009,238.0211264568
gmb,2010,230.8004800557
gmb,2011,237.1490112160
gmb,2012,254.2394180729
gmb,2013,202.0966939609
gmb,2014,138.7475394229
gmb,2015,199.9344912173
gmb,2016,128.1966299069
gmb,2017,62.1779435591
gmb,2018,80.2317952846
gmb,2019,43.8342481495
gmb,2020,81.9337255900
gmb,2021,80.8021921910
geo,2000,5.7442967340
geo,2001,10.5684779461
geo,2002,11.6717145601
geo,2003,7.8650007467
geo,2004,6.4430405134
geo,2005,3.9130544546
geo,2006,1.4998220550
geo,2007,0.6143764079
geo,2008,0.1546551191
geo,2009,0.0259389915
geo,2010,0.0000000000
geo,2011,0.0000000000
geo,2012,0.0000000000
geo,2013,0.0000000000
geo,2014,0.0000000000
geo,2015,0.0000000000
geo,2016,0.0000000000
geo,2017,0.0000000000
geo,2018,0.0000000000
geo,2019,0.0000000000
gha,2000,431.1040725022
gha,2001,417.3487797526
gha,2002,392.5226436852
gha,2003,370.1507216714
gha,2004,346.5007830573
gha,2005,326.7381287918
gha,2006,317.3605518537
gha,2007,318.7351950708
gha,2008,335.8698694176
gha,2009,358.6200693991
gha,2010,374.2462087561
gha,2011,380.5812727954
gha,2012,371.4857743629
gha,2013,346.5900611198
gha,2014,314.4917510269
gha,2015,277.0947534095
gha,2016,235.2721282152
gha,2017,198.2520368595
gha,2018,172.1546751217
gha,2019,166.3183099959
gha,2020,165.1193894420
gha,2021,164.3665440341
gtm,2000,7.1871824441
gtm,2001,4.7077094809
gtm,2002,4.5498648503
gtm,2003,3.8789326223
gtm,2004,3.5170099438
gtm,2005,4.7152459653
gtm,2006,3.6156978371
gtm,2007,1.7400654420
gtm,2008,0.7979443906
gtm,2009,0.7696442284
gtm,2010,0.8623821056
gtm,2011,0.7115511869
gtm,2012,0.5483045638
gtm,2013,0.6254468935
gtm,2014,0.4858961969
gtm,2015,0.5366091714
gtm,2016,0.4762406569
gtm,2017,0.3860778968
gtm,2018,0.2783688169
gtm,2019,0.1880142321
gtm,2020,0.0946788864
gtm,2021,0.1123147859
gin,2000,433.7378329553
gin,2001,431.1517897178
gin,2002,414.6739428221
gin,2003,394.1878563936
gin,2004,365.7406244968
gin,2005,343.9539156733
gin,2006,337.9324536138
gin,2007,345.4406278274
gin,2008,369.3693675270
gin,2009,399.4901671167
gin,2010,420.6426263065
gin,2011,433.6754272913
gin,2012,435.3253387899
gin,2013,413.2576480517
gin,2014,393.5770179466
gin,2015,378.6935108711
gin,2016,360.2307772577
gin,2017,357.5932891254
gin,2018,359.0917432479
gin,2019,343.6917566314
gin,2020,334.4584496673
gin,2021,330.8984706220
gnb,2000,403.4865365289
gnb,2001,326.1686999952
gnb,2002,251.4447629966
gnb,2003,183.1318744380
gnb,2004,123.6539622230
gnb,2005,95.2582167451
gnb,2006,78.6123382441
gnb,2007,77.8699712941
gnb,2008,90.2117733372
gnb,2009,108.8707670790
gnb,2010,126.8717857097
gnb,2011,131.8214785798
gnb,2012,128.8901850710
gnb,2013,123.0414553825
gnb,2014,107.0171725150
gnb,2015,90.2226428363
gnb,2016,75.8517610839
gnb,2017,65.0544252500
gnb,2018,65.2758116424
gnb,2019,74.5948782440
gnb,2020,94.1087235617
gnb,2021,105.0806974840
guy,2000,44.3026884887
guy,2001,49.9783498221
guy,2002,40.3197062301
guy,2003,50.8584441505
guy,2004,53.1492956561
guy,2005,71.8472467748
guy,2006,36.4322287230
guy,2007,20.7489283179
guy,2008,21.6999270702
guy,2009,23.7960860317
guy,2010,39.6172379307
guy,2011,52.2190720611
guy,2012,58.5671925868
guy,2013,76.8764550052
guy,2014,29.7025089367
guy,2015,23.8798142063
guy,2016,25.4476759581
guy,2017,32.9733823167
guy,2018,39.1705303788
guy,2019,32.9350875677
guy,2020,27.7959663925
guy,2021,32.0569946319
hti,2000,9.6650347186
hti,2001,9.6650057308
hti,2002,9.6650495361
hti,2003,9.6650148259
hti,2004,9.6650505791
hti,2005,9.6650764370
hti,2006,9.8081978459
hti,2007,8.7078700411
hti,2008,10.4683766862
hti,2009,9.6649859562
hti,2010,9.6650774833
hti,2011,9.1622072640
hti,2012,7.2576421438
hti,2013,6.8230760488
hti,2014,3.5600535314
hti,2015,3.4101970667
hti,2016,3.7901304706
hti,2017,3.4126317035
hti,2018,1.6262282979
hti,2019,1.7754562801
hti,2020,4.0464388151
hti,2021,2.2044515921
hnd,2000,8.5407786607
hnd,2001,5.7162609825
hnd,2002,3.9711371880
hnd,2003,3.1740810057
hnd,2004,3.7908817280
hnd,2005,3.4249724096
hnd,2006,2.4542441262
hnd,2007,2.0844313098
hnd,2008,1.5998988361
hnd,2009,1.7205551658
hnd,2010,1.7385045177
hnd,2011,1.3148083087
hnd,2012,1.0898873272
hnd,2013,0.8908943354
hnd,2014,0.5506771769
hnd,2015,0.5691913089
hnd,2016,0.6440214759
hnd,2017,0.1967891488
hnd,2018,0.1051817158
hnd,2019,0.0492200888
hnd,2020,0.1197605835
hnd,2021,0.2459687970
ind,2000,19.8887915490
ind,2001,19.9110814774
ind,2002,18.3901019776
ind,2003,19.3511508679
ind,2004,21.1539107638
ind,2005,22.4515157122
ind,2006,18.0930629140
ind,2007,17.2386745500
ind,2008,17.7933138435
ind,2009,18.0723780874
ind,2010,17.4612793651
ind,2011,14.7204991419
ind,2012,11.8035943595
ind,2013,9.0712240258
ind,2014,9.1187156792
ind,2015,9.5923649965
ind,2016,9.9225649296
ind,2017,7.3760159252
ind,2018,5.2717320713
ind,2019,4.2943223958
ind,2020,3.1683265173
ind,2021,3.2428050020
idn,2000,5.3316630948
idn,2001,5.3316615236
idn,2002,5.3316654059
idn,2003,5.3316627109
idn,2004,4.8118605608
idn,2005,5.1889565843
idn,2006,5.9791993202
idn,2007,5.3316619595
idn,2008,5.3316652359
idn,2009,5.3316627528
idn,2010,8.1611761673
idn,2011,7.3313161826
idn,2012,7.1816908945
idn,2013,6.0390344254
idn,2014,4.5391956032
idn,2015,4.0116797445
idn,2016,4.1525616542
idn,2017,2.8137627276
idn,2018,2.4806411015
idn,2019,2.8723634082
idn,2020,2.8297789481
idn,2021,2.9648458810
irn,2000,29.4616920300
irn,2001,28.3554902681
irn,2002,22.6328139434
irn,2003,33.9599635062
irn,2004,19.6009467905
irn,2005,26.4679777382
irn,2006,21.8612800165
irn,2007,21.2789874062
irn,2008,11.1531165674
irn,2009,5.7258899838
irn,2010,2.4000509377
irn,2011,2.0937545304
irn,2012,0.9575899134
irn,2013,0.5992023119
irn,2014,0.4385062371
irn,2015,0.1999798823
irn,2016,0.0952318248
irn,2017,0.0660642840
irn,2018,0.0000000000
irn,2019,0.0000000000
irn,2020,0.0000000000
irn,2021,0.0000000000
irq,2000,0.5809321212
irq,2001,0.3827144956
irq,2002,0.2789176355
irq,2003,0.0986090441
irq,2004,0.0427980185
irq,2005,0.0125977397
irq,2006,0.0063868363
irq,2007,0.0005367809
irq,2008,0.0005265390
irq,2009,0.0000000000
irq,2010,0.0000000000
irq,2011,0.0000000000
irq,2012,0.0000000000
irq,2013,0.0000000000
irq,2014,0.0000000000
irq,2015,0.0000000000
irq,2016,0.0009938911
irq,2017,0.0000000000
irq,2018,0.0000000000
irq,2019,0.0000000000
irq,2020,0.0000000000
irq,2021,0.0000000000
kaz,2010,0.0000000000
kaz,2011,0.0000000000
kaz,2012,0.0000000000
kaz,2013,0.0000000000
kaz,2014,0.0000000000
kaz,2015,0.0000000000
kaz,2016,0.0000000000
kaz,2017,0.0000000000
kaz,2018,0.0000000000
kaz,2019,0.0000000000
ken,2000,221.6272955126
ken,2001,245.5578782418
ken,2002,227.0918843249
ken,2003,212.5559716079
ken,2004,181.2105862996
ken,2005,140.0272823084
ken,2006,105.6287984169
ken,2007,80.8942299866
ken,2008,67.6855599892
ken,2009,64.2552638654
ken,2010,64.9395624480
ken,2011,66.7172837507
ken,2012,69.8063715598
ken,2013,72.1662895786
ken,2014,72.2695677400
ken,2015,70.8457754853
ken,2016,66.6367649412
ken,2017,64.4689718113
ken,2018,61.4186000590
ken,2019,59.6163822469
ken,2020,63.5210051672
ken,2021,64.5157675368
prk,2000,9.9274810127
prk,2001,12.5926230091
prk,2002,10.7094797400
prk,2003,1.7809066945
prk,2004,1.6924416393
prk,2005,0.7149118086
prk,2006,0.7304847352
prk,2007,0.5041675043
prk,2008,1.7385210357
prk,2009,1.5243910380
prk,2010,1.4025537890
prk,2011,1.7318391708
prk,2012,2.2483643021
prk,2013,1.4757172957
prk,2014,1.0737671400
prk,2015,0.7119718131
prk,2016,0.5076590141
prk,2017,0.4619810567
prk,2018,0.3693868777
prk,2019,0.1858410036
prk,2020,0.1800860294
prk,2021,0.2324111498
kor,2000,1.2771735231
kor,2001,0.7758302765
kor,2002,0.5431031932
kor,2003,0.3518861367
kor,2004,0.2586122519
kor,2005,0.4083799933
kor,2006,0.6097898173
kor,2007,0.6597654470
kor,2008,0.3137634106
kor,2009,0.2640274894
kor,2010,0.3708026429
kor,2011,0.1467216713
kor,2012,0.1134011361
kor,2013,0.1092140438
kor,2014,0.1573862912
kor,2015,0.1756495391
kor,2016,0.1676087466
kor,2017,0.1209158320
kor,2018,0.1384979141
kor,2019,0.1337463568
kor,2020,0.0980951898
kor,2021,0.0755214355
kgz,2000,0.0018184458
kgz,2001,0.0038604812
kgz,2002,0.6950149447
kgz,2003,0.1163831353
kgz,2004,0.0227108748
kgz,2005,0.0555469424
kgz,2006,0.0777032673
kgz,2007,0.0232450192
kgz,2008,0.0043171441
kgz,2009,0.0002367993
kgz,2010,0.0007013700
kgz,2011,0.0000000000
kgz,2012,0.0000000000
kgz,2013,0.0000000000
kgz,2014,0.0000000000
kgz,2015,0.0000000000
kgz,2016,0.0000000000
kgz,2017,0.0000000000
kgz,2018,0.0000000000
kgz,2019,0.0000000000
lao,2000,31.7616750829
lao,2001,21.6160583596
lao,2002,17.2789346051
lao,2003,15.4412738392
lao,2004,13.4380264196
lao,2005,11.4928941854
lao,2006,15.8245132100
lao,2007,14.5338637307
lao,2008,12.9813548455
lao,2009,14.6424031236
lao,2010,13.3014135069
lao,2011,9.0952357989
lao,2012,23.6031758686
lao,2013,19.9643047432
lao,2014,25.2080011925
lao,2015,17.6934195792
lao,2016,7.4911088051
lao,2017,4.0120330783
lao,2018,4.2342233660
lao,2019,2.8088966960
lao,2020,1.4897956612
lao,2021,1.6572823882
lbr,2000,431.1939248915
lbr,2001,440.0026428338
lbr,2002,439.1169833095
lbr,2003,434.0359519547
lbr,2004,406.8241990977
lbr,2005,388.5754540740
lbr,2006,376.2780369376
lbr,2007,370.9222239962
lbr,2008,370.8517194092
lbr,2009,354.5658383239
lbr,2010,337.0233405540
lbr,2011,323.8489410808
lbr,2012,306.7192398436
lbr,2013,312.1405692347
lbr,2014,333.3076661980
lbr,2015,345.1113309567
lbr,2016,376.9516437931
lbr,2017,404.3254525937
lbr,2018,402.1380167796
lbr,2019,392.0206030182
lbr,2020,376.2259257046
lbr,2021,356.6879679964
mdg,2000,55.8684583556
mdg,2001,66.5181498253
mdg,2002,52.2030237857
mdg,2003,66.5792913800
mdg,2004,45.7040342508
mdg,2005,35.2727720883
mdg,2006,34.4450990424
mdg,2007,22.1936728800
mdg,2008,22.8809667733
mdg,2009,41.8061350493
mdg,2010,41.1181198223
mdg,2011,36.8503748721
mdg,2012,69.4320010589
mdg,2013,63.4766588808
mdg,2014,44.5276291982
mdg,2015,94.4008815451
mdg,2016,55.2311314355
mdg,2017,75.3296332049
mdg,2018,71.5698559293
mdg,2019,73.8368904898
mdg,2020,142.0907703109
mdg,2021,169.8489454777
mwi,2000,451.3355893781
mwi,2001,459.9997147533
mwi,2002,437.6245810386
mwi,2003,401.3688821898
mwi,2004,373.3464116934
mwi,2005,369.7754124291
mwi,2006,353.5781713296
mwi,2007,350.6052367377
mwi,2008,368.3285475574
mwi,2009,381.6647984619
mwi,2010,381.5201113272
mwi,2011,367.7532966585
mwi,2012,324.3226747326
mwi,2013,292.4013597695
mwi,2014,264.1870361912
mwi,2015,242.4368062657
mwi,2016,226.9070617635
mwi,2017,218.7594792465
mwi,2018,210.1221349177
mwi,2019,204.9641772426
mwi,2020,219.4672979286
mwi,2021,219.1661410188
mys,2000,13.8427946647
mys,2001,13.5712010194
mys,2002,11.4104113402
mys,2003,6.4047632521
mys,2004,6.0730522861
mys,2005,5.3706044992
mys,2006,4.9925686738
mys,2007,3.7353373246
mys,2008,5.4863176425
mys,2009,5.2760373106
mys,2010,4.5215977241
mys,2011,3.3871154266
mys,2012,3.0866278717
mys,2013,0.8528345965
mys,2014,0.4868254894
mys,2015,0.1947289606
mys,2016,0.2109343281
mys,2017,0.0664565077
mys,2018,0.0000000000
mys,2019,0.0000000000
mys,2020,0.0000000000
mys,2021,0.0000000000
mli,2000,406.2293997103
mli,2001,407.4464829892
mli,2002,416.4582775597
mli,2003,423.8088569747
mli,2004,429.3725854102
mli,2005,431.2402738709
mli,2006,405.7103417019
mli,2007,388.8055156025
mli,2008,379.0587333701
mli,2009,374.5623113568
mli,2010,383.6034269117
mli,2011,404.7329504551
mli,2012,435.6505826343
mli,2013,452.8159338071
mli,2014,441.0073854628
mli,2015,391.8293099996
mli,2016,384.2218128933
mli,2017,386.7775536101
mli,2018,386.7775322621
mli,2019,333.6954362270
mli,2020,357.4502331999
mli,2021,353.5604491688
mrt,2000,113.0822488880
mrt,2001,111.4119188666
mrt,2002,109.4945144829
mrt,2003,110.8653686749
mrt,2004,97.2688630020
mrt,2005,93.5615265108
mrt,2006,83.9142433101
mrt,2007,78.2934433653
mrt,2008,64.6666476976
mrt,2009,32.5379159072
mrt,2010,36.0723517537
mrt,2011,46.1062768266
mrt,2012,24.2220195027
mrt,2013,27.0499890595
mrt,2014,56.3823027529
mrt,2015,73.9135172393
mrt,2016,95.3416800555
mrt,2017,73.6716093572
mrt,2018,55.3736707135
mrt,2019,41.9852508606
mrt,2020,44.8519140605
mrt,2021,18.4248058602
mex,2000,3.5615899632
mex,2001,2.3709660120
mex,2002,2.1613112204
mex,2003,1.7586905285
mex,2004,1.5456167969
mex,2005,1.3272922969
mex,2006,1.1094444437
mex,2007,1.0282998036
mex,2008,1.0136278545
mex,2009,1.1481378122
mex,2010,0.5138983085
mex,2011,0.4644647292
mex,2012,0.3394423447
mex,2013,0.1990700413
mex,2014,0.2605631341
mex,2015,0.2029697975
mex,2016,0.2138803287
mex,2017,0.2826212507
mex,2018,0.3054285261
mex,2019,0.2330485465
mex,2020,0.1332752313
mex,2021,0.0900918341
mar,2000,0.0001050626
mar,2001,0.0000000000
mar,2002,0.0006484240
mar,2003,0.0001348560
mar,2004,0.0000332966
mar,2005,0.0000000000
mar,2006,0.0000000000
mar,2007,0.0000000000
mar,2008,0.0000000000
mar,2009,0.0000000000
mar,2010,0.0000000000
mar,2011,0.0000000000
mar,2012,0.0000000000
mar,2013,0.0000000000
mar,2014,0.0000000000
mar,2015,0.0000000000
mar,2016,0.0000000000
mar,2017,0.0000000000
mar,2018,0.0000000000
mar,2019,0.0000000000
mar,2020,0.0000000000
mar,2021,0.0000000000
moz,2000,473.6964349953
moz,2001,493.8217027256
moz,2002,496.5720681943
moz,2003,483.5980072502
moz,2004,455.3398192340
moz,2005,421.4295659309
moz,2006,401.4830838491
moz,2007,387.9960219002
moz,2008,382.0180583965
moz,2009,377.4817196499
moz,2010,375.3209928315
moz,2011,369.6863944324
moz,2012,368.8756992719
moz,2013,367.9743235038
moz,2014,357.7730673539
moz,2015,350.3098693802
moz,2016,343.0580305982
moz,2017,329.8267309405
moz,2018,319.6880438398
moz,2019,311.0862008461
moz,2020,320.4309800682
moz,2021,320.6003964452
mmr,2000,50.0102864928
mmr,2001,50.0102931665
mmr,2002,50.0102949295
mmr,2003,50.0102762779
mmr,2004,50.0102981743
mmr,2005,50.0102958491
mmr,2006,35.5650293487
mmr,2007,44.5727734179
mmr,2008,54.2640411193
mmr,2009,51.1557079098
mmr,2010,51.2717692375
mmr,2011,44.7621668565
mmr,2012,58.6952502501
mmr,2013,20.2965837378
mmr,2014,12.6229994435
mmr,2015,8.8652857222
mmr,2016,5.2462520423
mmr,2017,3.8801806139
mmr,2018,3.4671675999
mmr,2019,2.4811463006
mmr,2020,2.5834354937
mmr,2021,9.1461954969
nam,2000,53.6087643349
nam,2001,69.8341860539
nam,2002,46.9608062889
nam,2003,44.4392410259
nam,2004,68.5285139759
nam,2005,41.9139884880
nam,2006,43.2361129608
nam,2007,12.9417062659
nam,2008,7.4741981336
nam,2009,3.6968216351
nam,2010,1.5543456865
nam,2011,1.8268358164
nam,2012,3.1765332949
nam,2013,4.4827237404
nam,2014,14.4800385535
nam,2015,8.3073200669
nam,2016,17.3802706923
nam,2017,47.5025148547
nam,2018,26.2983972835
nam,2019,2.9376583079
nam,2020,10.2534720236
nam,2021,10.6169026947
npl,2000,6.7309746447
npl,2001,7.6996259653
npl,2002,11.5887510363
npl,2003,9.7724632118
npl,2004,4.6066533041
npl,2005,4.7221240358
npl,2006,4.6203347992
npl,2007,5.4349508153
npl,2008,3.9731268327
npl,2009,3.2685478587
npl,2010,3.8298125464
npl,2011,2.3388827893
npl,2012,1.7220531583
npl,2013,1.2787611165
npl,2014,0.6161797358
npl,2015,0.5452464739
npl,2016,0.4145881105
npl,2017,0.3288072828
npl,2018,0.3306373179
npl,2019,0.0554394195
npl,2020,0.0286407869
npl,2021,0.0121579766
nic,2000,13.3940828678
nic,2001,5.8566839654
nic,2002,4.2451589070
nic,2003,3.6612616397
nic,2004,3.7153043317
nic,2005,3.5330197911
nic,2006,1.6335496209
nic,2007,0.7014883237
nic,2008,0.3886897330
nic,2009,0.3064850571
nic,2010,0.3427193844
nic,2011,0.4514395950
nic,2012,0.5941438839
nic,2013,0.5507077962
nic,2014,0.5335622067
nic,2015,1.0497072386
nic,2016,2.8480752813
nic,2017,4.9018082886
nic,2018,7.0266827804
nic,2019,5.7470395029
nic,2020,11.0103670868
nic,2021,9.8509828577
ner,2000,355.7450894438
ner,2001,347.4846298403
ner,2002,325.0394151110
ner,2003,296.5153296814
ner,2004,300.4924483154
ner,2005,308.2736825345
ner,2006,305.3253536610
ner,2007,313.3780238293
ner,2008,349.6388103014
ner,2009,375.2282637737
ner,2010,407.6208122724
ner,2011,421.3992248618
ner,2012,425.1654524059
ner,2013,413.7461132674
ner,2014,406.8125802511
ner,2015,401.1096612879
ner,2016,384.9376992664
ner,2017,362.6540752147
ner,2018,343.7268044402
ner,2019,325.5293005381
ner,2020,322.4089367641
ner,2021,323.3856928374
nga,2000,413.3349608745
nga,2001,406.0929422982
nga,2002,393.2033720713
nga,2003,393.8067965847
nga,2004,402.3838499115
nga,2005,408.6527280948
nga,2006,411.6848943697
nga,2007,414.0445045017
nga,2008,415.7664627553
nga,2009,403.5413794090
nga,2010,376.2036941403
nga,2011,351.6450649152
nga,2012,327.6079868230
nga,2013,308.6047955003
nga,2014,298.1589573737
nga,2015,294.1106555306
nga,2016,295.0561319364
nga,2017,299.0736847846
nga,2018,300.6853411657
nga,2019,301.9081437333
nga,2020,312.6509354928
nga,2021,306.4624836824
omn,2000,0.0025594507
omn,2001,0.0008422283
omn,2002,0.0024961943
omn,2003,0.0024675111
omn,2004,0.0000000000
omn,2005,0.0000000000
omn,2006,0.0000000000
omn,2007,0.0015350961
omn,2008,0.0000000000
omn,2009,0.0000000000
omn,2010,0.0000000000
omn,2011,0.0000000000
omn,2012,0.0000000000
omn,2013,0.0000000000
omn,2014,0.0000000000
omn,2015,0.0000000000
omn,2016,0.0000000000
omn,2017,0.0000000000
omn,2018,0.0000000000
omn,2019,0.0000000000
omn,2020,0.0000000000
omn,2021,0.0000000000
pak,2000,6.0878828311
pak,2001,6.6299347071
pak,2002,6.0205180401
pak,2003,5.6366181193
pak,2004,4.0745949748
pak,2005,4.9302049361
pak,2006,4.8617184065
pak,2007,4.6708945464
pak,2008,4.1785298830
pak,2009,5.4340588900
pak,2010,7.5623936684
pak,2011,9.7616094908
pak,2012,8.3131496575
pak,2013,6.8411006846
pak,2014,4.8580046893
pak,2015,4.8230952058
pak,2016,4.8458687497
pak,2017,3.8544788778
pak,2018,3.2660324226
pak,2019,2.9171582806
pak,2020,2.4300702872
pak,2021,2.2225667494
pan,2000,0.3756933626
pan,2001,0.3299197724
pan,2002,0.7826216268
pan,2003,1.5396446309
pan,2004,1.7098642435
pan,2005,1.2072434608
pan,2006,0.5373047859
pan,2007,0.4063441497
pan,2008,0.2315585636
pan,2009,0.2378452786
pan,2010,0.1255136432
pan,2011,0.1042445173
pan,2012,0.2444552969
pan,2013,0.2001575835
pan,2014,0.2671355494
pan,2015,0.1502005112
pan,2016,0.2076916244
pan,2017,0.2021372545
pan,2018,0.1958014608
pan,2019,0.4515617589
pan,2020,0.4931969391
pan,2021,1.0891910909
png,2000,265.4629915562
png,2001,253.3222403342
png,2002,209.7282759585
png,2003,218.8818548083
png,2004,271.4400033306
png,2005,217.5006285758
png,2006,220.8755322018
png,2007,180.7902135307
png,2008,165.3569605329
png,2009,212.4517420426
png,2010,142.3243722463
png,2011,115.1653394413
png,2012,155.6894030993
png,2013,172.2391759899
png,2014,190.6710571040
png,2015,101.9015513856
png,2016,135.8515609716
png,2017,134.9698885197
png,2018,139.5370698987
png,2019,117.8839560257
png,2020,150.7871059855
png,2021,124.3398998355
pry,2000,37.1522902357
pry,2001,14.4231537990
pry,2002,14.5811658627
pry,2003,7.2022706871
pry,2004,3.5489545457
pry,2005,1.8917973089
pry,2006,4.1154741829
pry,2007,6.6436433203
pry,2008,1.6287366220
pry,2009,0.3896888335
pry,2010,0.0963066403
pry,2011,0.0047532810
pry,2012,0.0000000000
pry,2013,0.0000000000
pry,2014,0.0000000000
pry,2015,0.0000000000
pry,2016,0.0000000000
pry,2017,0.0000000000
pry,2018,0.0000000000
pry,2019,0.0000000000
pry,2020,0.0000000000
pry,2021,0.0000000000
per,2000,9.8707616548
per,2001,9.9022890331
per,2002,12.0120355082
per,2003,10.3062461939
per,2004,10.5322276839
per,2005,9.7813501798
per,2006,7.1816941528
per,2007,5.5757597555
per,2008,4.8266223649
per,2009,4.5669967496
per,2010,3.2967178464
per,2011,2.6710039819
per,2012,3.4607539868
per,2013,5.3118136043
per,2014,7.0405369382
per,2015,7.2038785677
per,2016,5.9566345620
per,2017,5.8607775326
per,2018,4.6215254853
per,2019,3.5470031240
per,2020,2.2739478357
per,2021,1.7557654050
phl,2000,1.7664654251
phl,2001,1.2141977949
phl,2002,1.4952618090
phl,2003,2.0862924072
phl,2004,1.8566209913
phl,2005,1.6600939684
phl,2006,2.0175673892
phl,2007,2.1677934959
phl,2008,1.4081060989
phl,2009,1.0897770744
phl,2010,0.9736656308
phl,2011,0.4275096203
phl,2012,0.3367392577
phl,2013,0.3025569778
phl,2014,0.2433229947
phl,2015,0.4663535226
phl,2016,0.2841790676
phl,2017,0.2675708602
phl,2018,0.1728779466
phl,2019,0.2111616629
phl,2020,0.2316979671
phl,2021,0.1604146412
rwa,2000,189.4102445762
rwa,2001,179.8247336648
rwa,2002,164.3280835650
rwa,2003,143.7621557070
rwa,2004,125.3046428324
rwa,2005,153.5063263470
rwa,2006,150.6393805610
rwa,2007,88.2646405062
rwa,2008,69.8897239377
rwa,2009,153.9924830768
rwa,2010,104.7397180201
rwa,2011,36.9304633896
rwa,2012,59.6278675546
rwa,2013,109.4121886077
rwa,2014,202.2369626258
rwa,2015,307.9597720820
rwa,2016,409.6787677106
rwa,2017,709.7933262520
rwa,2018,493.4747643756
rwa,2019,411.3341240861
rwa,2020,227.1386563066
rwa,2021,126.3190571783
stp,2000,222.4905019692
stp,2001,287.7517810992
stp,2002,337.5978537249
stp,2003,277.4157464133
stp,2004,294.7804967755
stp,2005,112.1907471549
stp,2006,31.0514406396
stp,2007,14.2541729224
stp,2008,35.9646904669
stp,2009,34.7053804006
stp,2010,17.2726174659
stp,2011,45.3763625809
stp,2012,66.0790632042
stp,2013,47.7040829493
stp,2014,8.8811475617
stp,2015,10.2225492731
stp,2016,10.9367058916
stp,2017,10.7625603261
stp,2018,13.8967749262
stp,2019,12.7307210192
stp,2020,8.8409767610
stp,2021,12.1869775489
sau,2000,3.8281481276
sau,2001,1.7374073293
sau,2002,1.4412139745
sau,2003,0.9295734854
sau,2004,0.6499443169
sau,2005,0.5418279402
sau,2006,0.6284974926
sau,2007,0.2208132832
sau,2008,0.0277524265
sau,2009,0.0254181282
sau,2010,0.0123080109
sau,2011,0.0285667916
sau,2012,0.0332103067
sau,2013,0.0134810326
sau,2014,0.0116569228
sau,2015,0.0316360407
sau,2016,0.1016071487
sau,2017,0.0646171706
sau,2018,0.0217445394
sau,2019,0.0132398230
sau,2020,0.0287821875
sau,2021,0.0000000000
sen,2000,275.8087224749
sen,2001,248.5518503824
sen,2002,220.8636718577
sen,2003,197.7165373649
sen,2004,130.2434101518
sen,2005,124.1454277119
sen,2006,122.1890893032
sen,2007,100.3249863865
sen,2008,52.9579516562
sen,2009,33.2687195742
sen,2010,60.9039609434
sen,2011,48.6209874587
sen,2012,53.3576867241
sen,2013,58.3583647786
sen,2014,38.1367397197
sen,2015,70.4176828085
sen,2016,46.3773635454
sen,2017,53.1535824510
sen,2018,67.2658183749
sen,2019,42.0117618009
sen,2020,50.8304271324
sen,2021,59.0021639276
sle,2000,454.0876038679
sle,2001,453.2490195788
sle,2002,441.5165580990
sle,2003,419.8985330898
sle,2004,409.7808028404
sle,2005,399.4558475712
sle,2006,391.9350391254
sle,2007,403.5348078509
sle,2008,435.8873787938
sle,2009,460.2958029931
sle,2010,462.6280431364
sle,2011,455.1445507181
sle,2012,439.8827031310
sle,2013,419.4175359472
sle,2014,401.6451916118
sle,2015,390.6509470629
sle,2016,388.9551426605
sle,2017,375.6379789686
sle,2018,369.0711475649
sle,2019,355.1194333966
sle,2020,339.5478730187
sle,2021,329.8316600838
slb,2000,598.0623851832
slb,2001,655.8139961605
slb,2002,627.6924249079
slb,2003,523.8270445004
slb,2004,723.2859525507
slb,2005,598.7824000703
slb,2006,577.0540128353
slb,2007,311.2484286549
slb,2008,182.2860386814
slb,2009,144.1095082996
slb,2010,170.8910446924
slb,2011,114.3340818668
slb,2012,92.9058772250
slb,2013,93.1226053308
slb,2014,58.8483955895
slb,2015,65.6369892487
slb,2016,135.3751889614
slb,2017,162.5666787508
slb,2018,132.8111593244
slb,2019,208.3747977906
slb,2020,164.7982767263
slb,2021,216.1002437312
som,2000,134.9903943890
som,2001,141.4876856338
som,2002,131.3573977460
som,2003,129.9946168798
som,2004,123.0593493121
som,2005,133.0675594031
som,2006,118.1983487580
som,2007,101.4758647437
som,2008,62.9025056641
som,2009,38.7485563771
som,2010,41.6003659872
som,2011,34.3217315578
som,2012,34.8441029600
som,2013,41.5841761340
som,2014,50.2523247955
som,2015,58.9777349540
som,2016,58.5946242900
som,2017,55.1972417525
som,2018,59.2881984887
som,2019,59.8834262544
som,2020,56.0486244919
som,2021,66.3260199771
zaf,2000,3.8890690373
zaf,2001,5.6121454059
zaf,2002,3.2833621931
zaf,2003,2.7978938983
zaf,2004,2.7594902141
zaf,2005,1.5820996492
zaf,2006,2.4444478120
zaf,2007,1.2654989620
zaf,2008,1.5417532123
zaf,2009,1.1866147047
zaf,2010,1.5564376656
zaf,2011,1.8812691492
zaf,2012,1.2458361582
zaf,2013,1.6046817728
zaf,2014,2.1386983814
zaf,2015,0.8874929532
zaf,2016,0.7661868266
zaf,2017,4.1279139566
zaf,2018,1.6676075517
zaf,2019,0.8299612392
zaf,2020,0.7589888221
zaf,2021,0.4980447786
ssd,2000,367.1643172980
ssd,2001,357.1813974740
ssd,2002,336.6075453502
ssd,2003,318.7883209469
ssd,2004,306.6630308176
ssd,2005,305.7484204672
ssd,2006,305.2316644382
ssd,2007,299.4699791128
ssd,2008,293.1525620206
ssd,2009,286.0803097003
ssd,2010,285.6964367822
ssd,2011,290.8579708759
ssd,2012,287.8003070702
ssd,2013,285.7383319990
ssd,2014,276.3054101410
ssd,2015,271.0006488636
ssd,2016,266.5478577469
ssd,2017,277.7836842739
ssd,2018,278.7906512472
ssd,2019,281.2588986156
ssd,2020,286.8866130313
ssd,2021,274.7960611865
lka,2000,48.6362946951
lka,2001,15.2865697551
lka,2002,9.4213077033
lka,2003,2.3672605390
lka,2004,0.8298386789
lka,2005,0.3624318203
lka,2006,0.1293142494
lka,2007,0.0428748682
lka,2008,0.1391003018
lka,2009,0.1127156642
lka,2010,0.1438858909
lka,2011,0.0258454969
lka,2012,0.0047580195
lka,2013,0.0000000000
lka,2014,0.0000000000
lka,2015,0.0000000000
lka,2016,0.0000000000
lka,2017,0.0000000000
lka,2018,0.0000000000
lka,2019,0.0000000000
lka,2020,0.0000000000
lka,2021,0.0000000000
sdn,2000,92.7714477486
sdn,2001,86.3526992543
sdn,2002,66.6540415943
sdn,2003,61.0887785846
sdn,2004,55.3740495897
sdn,2005,54.6516174697
sdn,2006,52.6785190897
sdn,2007,46.5138197758
sdn,2008,38.6353113066
sdn,2009,34.6297563286
sdn,2010,32.7293850701
sdn,2011,32.5628763967
sdn,2012,33.0652891632
sdn,2013,34.9392920262
sdn,2014,38.5727576988
sdn,2015,42.2124307906
sdn,2016,53.2598186001
sdn,2017,53.7765047754
sdn,2018,59.1890296838
sdn,2019,65.5908607329
sdn,2020,73.3983779797
sdn,2021,72.8444750072
sur,2000,160.5840447787
sur,2001,222.3009390454
sur,2002,175.3472933656
sur,2003,147.5916568111
sur,2004,111.0978504462
sur,2005,119.7586726998
sur,2006,42.6577780084
sur,2007,14.1580209549
sur,2008,26.4512693059
sur,2009,31.3330658508
sur,2010,21.9574489189
sur,2011,9.7485009381
sur,2012,6.9026591615
sur,2013,6.3029750042
sur,2014,4.7657531316
sur,2015,0.9529748109
sur,2016,0.9082440615
sur,2017,1.5786683875
sur,2018,0.3421103648
sur,2019,1.1729676080
sur,2020,1.7398480979
sur,2021,0.2429945768
syr,2000,0.0003679254
syr,2001,0.0037661523
syr,2002,0.0008739211
syr,2003,0.0001135631
syr,2004,0.0000552975
syr,2005,0.0000000000
syr,2006,0.0000000000
syr,2007,0.0000000000
syr,2008,0.0000000000
syr,2009,0.0000000000
syr,2010,0.0000000000
syr,2011,0.0000000000
syr,2012,0.0000000000
syr,2013,0.0000000000
syr,2014,0.0000000000
syr,2015,0.0000000000
syr,2016,0.0000000000
syr,2017,0.0000000000
syr,2018,0.0000000000
syr,2019,0.0000000000
syr,2020,0.0000000000
syr,2021,0.0000000000
tjk,2000,9.0989752198
tjk,2001,5.3196807164
tjk,2002,2.8192916438
tjk,2003,2.4355966853
tjk,2004,1.5795020431
tjk,2005,0.9976952333
tjk,2006,0.5701735593
tjk,2007,0.2644817283
tjk,2008,0.1299855912
tjk,2009,0.0657443483
tjk,2010,0.0439962069
tjk,2011,0.0299985116
tjk,2012,0.0105364918
tjk,2013,0.0014718723
tjk,2014,0.0007191658
tjk,2015,0.0000000000
tjk,2016,0.0000000000
tjk,2017,0.0000000000
tjk,2018,0.0000000000
tjk,2019,0.0000000000
tza,2000,350.3095604582
tza,2001,340.6641037217
tza,2002,315.7473667208
tza,2003,296.9985471657
tza,2004,275.6466744246
tza,2005,252.2630102042
tza,2006,227.6264524290
tza,2007,198.9171381988
tza,2008,173.0302552194
tza,2009,154.6277927724
tza,2010,140.7761177169
tza,2011,129.0967526048
tza,2012,122.2520481673
tza,2013,130.7637258271
tza,2014,143.0153708725
tza,2015,140.5132506772
tza,2016,131.4525989949
tza,2017,124.4667392444
tza,2018,117.9634295789
tza,2019,117.5912746703
tza,2020,123.2446180604
tza,2021,125.7732392934
tha,2000,6.5645190590
tha,2001,5.2597228247
tha,2002,3.6559820581
tha,2003,3.0389498925
tha,2004,2.1535574405
tha,2005,2.3844177476
tha,2006,2.4071911558
tha,2007,2.6163460989
tha,2008,2.2361098436
tha,2009,2.2894987294
tha,2010,2.5071387457
tha,2011,1.9094328915
tha,2012,3.5734326503
tha,2013,3.1508944588
tha,2014,3.1047497896
tha,2015,1.0694152851
tha,2016,0.5767110394
tha,2017,0.3265286827
tha,2018,0.3299941003
tha,2019,0.2693003512
tha,2020,0.2203016363
tha,2021,0.1633175769
tls,2000,155.1207171001
tls,2001,155.1207024855
tls,2002,121.9802132962
tls,2003,77.4722948546
tls,2004,263.0573298521
tls,2005,168.6484257082
tls,2006,175.6314972482
tls,2007,119.6315082939
tls,2008,136.7614589683
tls,2009,99.9131866487
tls,2010,93.2002645226
tls,2011,29.4507644512
tls,2012,6.7878821864
tls,2013,1.2979963440
tls,2014,0.4244653576
tls,2015,0.0969950920
tls,2016,0.0972465339
tls,2017,0.0188150938
tls,2018,0.0000000000
tls,2019,0.0000000000
tls,2020,0.0032715635
tls,2021,0.0000000000
tgo,2000,443.6698225951
tgo,2001,444.9398358853
tgo,2002,451.1625212201
tgo,2003,464.5841238546
tgo,2004,477.5604477668
tgo,2005,471.6045267199
tgo,2006,452.9477855859
tgo,2007,424.4050098412
tgo,2008,370.7877338978
tgo,2009,320.4304550478
tgo,2010,302.0335962982
tgo,2011,301.4999099082
tgo,2012,331.4719196262
tgo,2013,367.2372505868
tgo,2014,368.8307818072
tgo,2015,357.2042285871
tgo,2016,324.8183023523
tgo,2017,277.5130383513
tgo,2018,250.3386800940
tgo,2019,238.5800768498
tgo,2020,242.7526893438
tgo,2021,237.5229168790
tur,2000,2.7432103624
tur,2001,2.5562211429
tur,2002,2.3836262780
tur,2003,2.1217676519
tur,2004,1.2033511355
tur,2005,0.4666570827
tur,2006,0.1759471416
tur,2007,0.0683335094
tur,2008,0.0358079117
tur,2009,0.0080942925
tur,2010,0.0000000000
tur,2011,0.0000000000
tur,2012,0.0000000000
tur,2013,0.0000000000
tur,2014,0.0000000000
tur,2015,0.0000000000
tur,2016,0.0000000000
tur,2017,0.0000000000
tur,2019,0.0000000000
tkm,2000,0.0808099854
tkm,2001,0.0265532841
tkm,2002,0.0589329212
tkm,2003,0.0226292616
tkm,2004,0.0095759147
tkm,2005,0.0031488625
tkm,2006,0.0031054840
tkm,2007,0.0000000000
tkm,2008,0.0000000000
tkm,2009,0.0000000000
tkm,2010,0.0000000000
tkm,2011,0.0000000000
tkm,2012,0.0000000000
tkm,2013,0.0000000000
tkm,2014,0.0000000000
tkm,2015,0.0000000000
tkm,2016,0.0000000000
tkm,2017,0.0000000000
tkm,2018,0.0000000000
tkm,2019,0.0000000000
uga,2000,487.2255192872
uga,2001,507.9743821942
uga,2002,500.1525593111
uga,2003,484.1246798999
uga,2004,449.8246915698
uga,2005,433.6452878659
uga,2006,421.3103803706
uga,2007,415.4135466480
uga,2008,417.9607050982
uga,2009,423.0513319242
uga,2010,409.4366551248
uga,2011,394.6797200160
uga,2012,376.5559686305
uga,2013,332.3444139150
uga,2014,294.2823827677
uga,2015,253.5147796860
uga,2016,283.1371325346
uga,2017,294.9032598961
uga,2018,262.6915804981
uga,2019,262.6915581588
uga,2020,283.8175292486
uga,2021,284.0201844718
are,2012,0.0000000000
are,2013,0.0000000000
are,2014,0.0000000000
are,2015,0.0000000000
are,2016,0.0000000000
are,2017,0.0000000000
are,2018,0.0000000000
are,2019,0.0000000000
are,2020,0.0000000000
are,2021,0.0000000000
uzb,2000,5.0551654965
uzb,2001,3.0497465146
uzb,2002,2.8929981626
uzb,2003,2.8565913916
uzb,2004,2.5158191660
uzb,2005,3.8384826704
uzb,2006,2.7111342197
uzb,2007,1.0985389432
uzb,2008,0.2524706052
uzb,2009,0.0000000000
uzb,2010,0.1048437828
uzb,2011,0.0000000000
uzb,2012,0.0000000000
uzb,2013,0.0000000000
uzb,2014,0.0000000000
uzb,2015,0.0000000000
uzb,2016,0.0000000000
uzb,2017,0.0000000000
uzb,2018,0.0000000000
uzb,2019,0.0000000000
uzb,2020,0.0000000000
vut,2000,120.6149713131
vut,2001,94.9176284296
vut,2002,181.3481756339
vut,2003,205.9606866804
vut,2004,143.8645714662
vut,2005,117.7400382297
vut,2006,102.9189451066
vut,2007,119.6084871576
vut,2008,114.4294556148
vut,2009,62.1096504220
vut,2010,85.4420194498
vut,2011,46.2844317811
vut,2012,32.6217486097
vut,2013,20.2099159881
vut,2014,8.9913198754
vut,2015,2.9192802726
vut,2016,14.7342329937
vut,2017,7.8073587630
vut,2018,3.9253543583
vut,2019,3.4395080222
vut,2020,2.9196143542
vut,2021,1.8048675020
ven,2000,2.9079249613
ven,2001,1.9159006896
ven,2002,2.7657099653
ven,2003,2.9097788584
ven,2004,4.1929424597
ven,2005,3.9731095351
ven,2006,3.2202694406
ven,2007,3.5483254990
ven,2008,2.6836275095
ven,2009,2.9601214238
ven,2010,4.0330806642
ven,2011,3.6819291618
ven,2012,4.1974282964
ven,2013,6.1772865626
ven,2014,7.0266680065
ven,2015,10.4593832448
ven,2016,18.3398552522
ven,2017,31.5813354992
ven,2018,31.8659924014
ven,2019,32.2674374054
ven,2020,15.6788667305
ven,2021,14.5165927727
vnm,2000,3.4593560954
vnm,2001,3.1473958391
vnm,2002,2.2117700268
vnm,2003,1.6086123244
vnm,2004,0.9323557667
vnm,2005,0.6626540335
vnm,2006,0.7050089724
vnm,2007,0.4485754839
vnm,2008,0.2839220151
vnm,2009,0.3585517728
vnm,2010,0.3563902681
vnm,2011,0.3103252535
vnm,2012,0.3622020426
vnm,2013,0.3120569047
vnm,2014,0.2834640713
vnm,2015,0.1660631137
vnm,2016,0.0732006973
vnm,2017,0.0791471193
vnm,2018,0.0539950821
vnm,2019,0.0546280955
vnm,2020,0.0232629906
vnm,2021,0.0063063054
yem,2000,88.3800106492
yem,2001,95.8494488164
yem,2002,103.1411099185
yem,2003,91.3081414489
yem,2004,71.5315149925
yem,2005,72.9524948706
yem,2006,84.8634077222
yem,2007,58.3954651812
yem,2008,35.8963277911
yem,2009,45.3133174395
yem,2010,70.9532978172
yem,2011,48.2671913257
yem,2012,50.9241725714
yem,2013,40.2613650244
yem,2014,32.8222427515
yem,2015,27.9472832094
yem,2016,35.0359397450
yem,2017,38.5861327624
yem,2018,43.8778741377
yem,2019,40.8841079626
yem,2020,38.4455877895
yem,2021,46.0859008042
zmb,2000,397.1114662505
zmb,2001,404.1539825725
zmb,2002,371.4538780849
zmb,2003,348.5236400592
zmb,2004,301.7934675660
zmb,2005,258.4483753877
zmb,2006,222.4931199017
zmb,2007,193.4367851192
zmb,2008,172.5598825266
zmb,2009,165.2190343471
zmb,2010,168.4754783667
zmb,2011,180.5119502333
zmb,2012,200.3485895893
zmb,2013,227.6134654281
zmb,2014,232.3185772692
zmb,2015,219.3227439124
zmb,2016,205.9687416754
zmb,2017,185.2472182811
zmb,2018,178.8396811981
zmb,2019,174.3986938270
zmb,2020,186.8986196442
zmb,2021,187.7212356025
zwe,2000,105.9243521502
zwe,2001,105.9244431058
zwe,2002,105.9244050460
zwe,2003,105.9243547552
zwe,2004,105.9243472560
zwe,2005,105.9244138332
zwe,2006,105.9243863653
zwe,2007,172.3827006625
zwe,2008,69.7075896521
zwe,2009,76.5147794204
zwe,2010,108.5790823730
zwe,2011,70.3948793655
zwe,2012,56.7287531764
zwe,2013,80.9162157617
zwe,2014,100.1851078889
zwe,2015,95.7404459492
zwe,2016,66.8362030356
zwe,2017,115.1819371069
zwe,2018,53.5514207303
zwe,2019,64.7393783882
zwe,2020,93.4376650800
zwe,2021,27.1994830444
