economy,year,gc_rev_xgrt_cn
afg,2006,31211357279.1595001221
afg,2007,34023950013.0900001526
afg,2008,41475208370.1299972534
afg,2009,64686944779.1540985107
afg,2010,80553186894.5220031738
afg,2011,97876338034.4248962402
afg,2012,104943436736.3030090332
afg,2013,107112000000.0000000000
afg,2014,99486169221.9059906006
afg,2015,121825485653.3899993896
afg,2016,155041523310.5899963379
afg,2017,167614542741.8099975586
alb,1998,76747534000.0000000000
alb,2002,120766070000.0000000000
alb,2003,135635860000.0000000000
alb,2004,147839290000.0000000000
alb,2011,256059920000.0000000000
alb,2012,251321630000.0000000000
alb,2013,242858830000.0000000000
alb,2014,272701450000.0000000000
alb,2015,285195280000.0000000000
alb,2016,280406000000.0000000000
alb,2017,313561680000.0000000000
alb,2018,325147050000.0000000000
alb,2019,328065950000.0000000000
ago,1999,7213399391.0000000000
ago,2000,48389053910.0000000000
ago,2001,82063850468.0000000000
ago,2002,177130000000.0000000000
ago,2003,393108000000.0000000000
ago,2004,537507183605.0000000000
ago,2005,787060000000.0000000000
ago,2006,1940819678795.0000000000
ago,2007,2252180000000.0000000000
ago,2008,2834560000000.0000000000
ago,2009,1241000000000.0000000000
ago,2010,2695150000000.0000000000
ago,2011,4682610000000.0000000000
ago,2012,4428540000000.0000000000
ago,2013,4711390000000.0000000000
ago,2014,4423859182072.8398437500
ago,2015,2619396613663.9599609375
ago,2016,2601718946314.4902343750
ago,2017,3315031463724.4902343750
arg,2002,31763300000.0000000000
arg,2003,49114631246.5199966431
arg,2004,60336025060.6900024414
arg,2005,70789700000.0000000000
arg,2006,88840100000.0000000000
arg,2007,106015400000.0000000000
arg,2008,150248600000.0000000000
arg,2009,152988500000.0000000000
arg,2010,224611400000.0000000000
arg,2011,268932300000.0000000000
arg,2012,332288600000.0000000000
arg,2013,426893600000.0000000000
arg,2014,625574300000.0000000000
arg,2015,778071000000.0000000000
arg,2016,986529100000.0000000000
arg,2017,1146728800000.0000000000
arg,2018,1393073500000.0000000000
arg,2019,2328812298712.3598632812
arm,2004,296254363500.0000000000
arm,2005,369088487343.4000244141
arm,2006,444771554814.0000000000
arm,2007,585979992344.0999755859
arm,2013,1098674916274.3000488281
arm,2014,1183716332556.0000000000
arm,2015,1164700627096.0000000000
arm,2016,1157102732751.0000000000
arm,2017,1253427996573.3300781250
arm,2018,1351043083853.0000000000
arm,2019,1566552441397.0000000000
aus,1972,9087000000.0000000000
aus,1973,9691000000.0000000000
aus,1974,12253000000.0000000000
aus,1975,15728000000.0000000000
aus,1976,18818000000.0000000000
aus,1977,22093000000.0000000000
aus,1978,24213000000.0000000000
aus,1979,26380000000.0000000000
aus,1980,30560000000.0000000000
aus,1981,36020000000.0000000000
aus,1982,41858000000.0000000000
aus,1983,45872000000.0000000000
aus,1984,50371000000.0000000000
aus,1985,59095000000.0000000000
aus,1986,66366000000.0000000000
aus,1987,74917000000.0000000000
aus,1988,83163000000.0000000000
aus,1989,91051000000.0000000000
aus,1990,98876000000.0000000000
aus,1991,100534000000.0000000000
aus,1992,96103000000.0000000000
aus,1993,97764000000.0000000000
aus,1994,103661000000.0000000000
aus,1999,156027000000.0000000000
aus,2000,171523000000.0000000000
aus,2001,191377000000.0000000000
aus,2002,196488000000.0000000000
aus,2003,213494000000.0000000000
aus,2004,229387000000.0000000000
aus,2005,249838000000.0000000000
aus,2006,269292000000.0000000000
aus,2007,287406000000.0000000000
aus,2008,313671000000.0000000000
aus,2009,308778000000.0000000000
aus,2010,303887000000.0000000000
aus,2011,322121000000.0000000000
aus,2012,351695000000.0000000000
aus,2013,375910000000.0000000000
aus,2014,389651000000.0000000000
aus,2015,398062000000.0000000000
aus,2016,412209000000.0000000000
aus,2017,436630000000.0000000000
aus,2018,475891000000.0000000000
aus,2019,507558000000.0000000000
aut,1995,53827090000.0000000000
aut,1996,57983930000.0000000000
aut,1997,60364750000.0000000000
aut,1998,62948010000.0000000000
aut,1999,65673600000.0000000000
aut,2000,67977230000.0000000000
aut,2001,74544820000.0000000000
aut,2002,74656750000.0000000000
aut,2003,75273180000.0000000000
aut,2004,77971740000.0000000000
aut,2005,81418960000.0000000000
aut,2006,84242390000.0000000000
aut,2007,89615640000.0000000000
aut,2008,94584180000.0000000000
aut,2009,91972080000.0000000000
aut,2010,93078300000.0000000000
aut,2011,98261870000.0000000000
aut,2012,102131120000.0000000000
aut,2013,105102260000.0000000000
aut,2014,107498770000.0000000000
aut,2015,112438860000.0000000000
aut,2016,111212050000.0000000000
aut,2017,114398630000.0000000000
aut,2018,119460880000.0000000000
aze,2008,18822400000.0000000000
aze,2009,13582400000.0000000000
aze,2010,18682600000.0000000000
aze,2011,22453300000.0000000000
aze,2012,21163700000.0000000000
aze,2013,21914500000.0000000000
aze,2014,21789700000.0000000000
aze,2015,16774400000.0000000000
aze,2016,19168300000.0000000000
aze,2017,22553600000.0000000000
aze,2018,29154666000.0000000000
aze,2019,32051100000.0000000000
bhs,1990,498300000.0000000000
bhs,1991,490700000.0000000000
bhs,1992,533100000.0000000000
bhs,1993,531500000.0000000000
bhs,1994,605600000.0000000000
bhs,1995,656300000.0000000000
bhs,1996,685200000.0000000000
bhs,1997,727660000.0000000000
bhs,1998,760135000.0000000000
bhs,1999,868758000.0000000000
bhs,2000,937161000.0000000000
bhs,2001,919500000.0000000000
bhs,2002,887624000.0000000000
bhs,2003,901100000.0000000000
bhs,2004,944463000.0000000000
bhs,2005,1103767000.0000000000
bhs,2006,1280479000.0000000000
bhs,2007,1336118000.0000000000
bhs,2008,1428708000.0000000000
bhs,2009,1316472000.0000000000
bhs,2010,1293291069.3299999237
bhs,2011,1452023810.0599999428
bhs,2012,1519464148.1400001049
bhs,2013,1383011716.8199999332
bhs,2014,1470009882.3299999237
bhs,2015,1731530527.1600000858
bhs,2016,1989289602.8800001144
bhs,2017,2070254020.7100000381
bhs,2018,2039754000.0000000000
bhs,2019,2426273000.0000000000
bhr,1990,431000000.0000000000
bhr,1991,428900000.0000000000
bhr,1992,427200000.0000000000
bhr,1993,497500000.0000000000
bhr,1994,429600000.0000000000
bhr,1995,462300000.0000000000
bhr,1996,550800000.0000000000
bgd,2001,249241400000.0000000000
bgd,2002,278912890000.0000000000
bgd,2003,303588560000.0000000000
bgd,2004,331808100000.0000000000
bgd,2005,382188242000.0000000000
bgd,2006,423415258000.0000000000
bgd,2007,484415017000.0000000000
bgd,2008,598058501000.0000000000
bgd,2009,679905861000.0000000000
bgd,2010,777108099000.0000000000
bgd,2011,958200300000.0000000000
bgd,2012,1176049200000.0000000000
bgd,2013,1338047700000.0000000000
bgd,2014,1460155600000.0000000000
bgd,2015,1492229170000.0000000000
bgd,2016,1769180000000.0000000000
brb,2003,1818418000.0000000000
brb,2004,1971500000.0000000000
brb,2005,2137389818.9400000572
brb,2006,2221145657.7399997711
brb,2007,2529372113.8099999428
brb,2008,2614944013.0000000000
brb,2009,2496171944.0000000000
brb,2010,2407592738.0000000000
brb,2011,2582347326.0000000000
brb,2012,2393472549.0000000000
brb,2013,2313420378.0000000000
brb,2014,2339787806.0000000000
brb,2015,2519142935.0000000000
brb,2016,2863097499.0000000000
blr,1992,1700.0000000000
blr,1993,20430.0000000000
blr,1994,405220.0000000000
blr,1995,2172610.0000000000
blr,1996,3107580.0000000000
blr,1997,6480780.0000000000
blr,1998,12970720.0000000000
blr,1999,54818130.0000000000
blr,2000,162073000.0000000000
blr,2001,291585000.0000000000
blr,2002,405919000.0000000000
blr,2003,674803540.0000000000
blr,2004,1029856600.0000000000
blr,2005,1457398700.0000000000
blr,2006,2006476200.0000000000
blr,2007,2574535100.0000000000
blr,2008,3576228756.6999998093
blr,2009,3227154366.0000000000
blr,2010,3202171587.8200001717
blr,2011,5664960000.0000000000
blr,2012,10194350000.0000000000
blr,2013,11486222390.0000000000
blr,2014,13225672430.0000000000
blr,2015,16731338947.7500000000
blr,2016,17150838556.6000003815
blr,2017,20012368222.0000000000
blr,2018,24695471008.5000000000
blr,2019,25177896229.4000015259
bel,1995,57607300000.0000000000
bel,1996,59656200000.0000000000
bel,1997,62857700000.0000000000
bel,1998,66394300000.0000000000
bel,1999,68302500000.0000000000
bel,2000,73399500000.0000000000
bel,2001,75125500000.0000000000
bel,2002,74131800000.0000000000
bel,2003,74509700000.0000000000
bel,2004,79333100000.0000000000
bel,2005,83439200000.0000000000
bel,2006,86688500000.0000000000
bel,2007,90072700000.0000000000
bel,2008,94344100000.0000000000
bel,2009,87941600000.0000000000
bel,2010,95406100000.0000000000
bel,2011,101156000000.0000000000
bel,2012,107314000000.0000000000
bel,2013,110676800000.0000000000
bel,2014,113372900000.0000000000
bel,2015,108506800000.0000000000
bel,2016,103444600000.0000000000
bel,2017,109520300000.0000000000
bel,2018,115379800000.0000000000
blz,1990,209747000.0000000000
blz,1991,213883000.0000000000
blz,1992,242434000.0000000000
blz,1993,245624000.0000000000
blz,1994,254601000.0000000000
blz,1995,259900000.0000000000
blz,1996,285649000.0000000000
blz,1997,287957000.0000000000
blz,1998,302143000.0000000000
blz,1999,337386000.0000000000
blz,2000,338790000.0000000000
blz,2001,362348000.0000000000
blz,2002,397172000.0000000000
blz,2003,424300000.0000000000
blz,2004,455430000.0000000000
blz,2005,524004000.0000000000
blz,2006,583886000.0000000000
blz,2007,666013000.0000000000
blz,2008,685392000.0000000000
blz,2009,673486000.0000000000
blz,2010,762287075.0000000000
blz,2011,784598672.0000000000
blz,2012,784714816.3392930031
blz,2013,869628169.6286070347
blz,2014,955907621.0949560404
blz,2015,973650577.5552990437
blz,2016,1003476582.5081000328
blz,2017,1078950899.2400000095
ben,1977,27521000000.0000000000
ben,1978,29571000000.0000000000
ben,1979,32629000000.0000000000
btn,1982,137300000.0000000000
btn,1984,274400000.0000000000
btn,1985,264600000.0000000000
btn,1986,338500000.0000000000
btn,1988,831600000.0000000000
btn,1989,818200000.0000000000
btn,1990,892800000.0000000000
btn,1991,976400000.0000000000
btn,1992,1108900000.0000000000
btn,1993,1450400000.0000000000
btn,1994,1562500000.0000000000
btn,1995,1791200000.0000000000
btn,1996,2046700000.0000000000
btn,1997,2357700000.0000000000
btn,1998,3063804000.0000000000
btn,1999,3570600000.0000000000
btn,2000,4514100000.0000000000
btn,2001,4899613000.0000000000
btn,2002,5043532000.0000000000
btn,2003,4746260000.0000000000
btn,2004,5004099000.0000000000
btn,2005,6066101000.0000000000
btn,2006,6902907000.0000000000
btn,2007,10082155000.0000000000
btn,2008,12345984000.0000000000
btn,2009,14049039000.0000000000
btn,2010,15572506347.0000000000
btn,2011,17382525127.0000000000
btn,2012,20294075181.0000000000
btn,2013,21050400302.0000000000
btn,2014,23189092829.0000000000
btn,2015,25225085109.5400009155
btn,2016,27277322653.1800003052
btn,2017,29787727000.0000000000
btn,2018,37087317722.0500030518
bol,2002,9540804511.3999996185
bol,2003,10345144813.9300003052
bol,2004,12978600000.0000000000
bol,2005,16360494339.2700004578
bol,2006,19807625241.8209991455
bol,2007,22304302742.3452987671
bih,2005,4157187432.2699999809
bih,2006,5073519562.2600002289
bih,2007,5765177291.7433300018
bih,2008,6055799841.0299997330
bih,2009,6067935423.7737598419
bih,2010,5868041226.6499996185
bih,2011,6101389738.6499996185
bih,2012,6232145397.9200000763
bih,2013,6117236937.2100000381
bih,2014,6486274706.1999998093
bih,2015,6645259110.0299997330
bih,2016,7641855982.3117408752
bih,2017,8160250135.3199996948
bih,2018,8771214159.0699996948
bih,2019,8947311488.1100006104
bwa,1990,3581760000.0000000000
bwa,1991,3957500000.0000000000
bwa,1992,4476200000.0000000000
bwa,1993,5045200000.0000000000
bwa,1994,4334500000.0000000000
bwa,1995,5364300000.0000000000
bwa,1996,7225900000.0000000000
bwa,2006,26916390000.0000000000
bwa,2007,27957230000.0000000000
bwa,2008,29724970000.0000000000
bwa,2009,29150680000.0000000000
bwa,2010,31509260000.0000000000
bwa,2011,37847100000.0000000000
bwa,2012,41084396943.1800003052
bwa,2013,48556366092.5167007446
bwa,2014,55463380000.0000000000
bwa,2015,48407600000.0000000000
bwa,2016,57174690000.0000000000
bwa,2017,55961397000.0000000000
bwa,2018,50791570000.0000000000
bra,2001,269858638648.5689697266
bra,2002,319495530311.2139892578
bra,2003,355570633673.5220336914
bra,2004,418218885445.2849731445
bra,2005,486728570569.2729492188
bra,2006,618934338000.0000000000
bra,2007,700487606000.0000000000
bra,2008,839932552000.0000000000
bra,2009,799114755000.0000000000
bra,2010,1126919936970.1499023438
bra,2011,1273611374417.0100097656
bra,2012,1427335040313.2700195312
bra,2013,1527547187415.2800292969
bra,2014,1581655119446.6201171875
bra,2015,1753926482538.3400878906
bra,2016,1858829166418.6101074219
bra,2017,1836612194571.7700195312
bra,2018,2002314125313.3100585938
bra,2019,2156420800982.2199707031
bgr,1990,16182000.0000000000
bgr,1991,36809000.0000000000
bgr,1992,40759000.0000000000
bgr,1993,54716000.0000000000
bgr,1994,128870000.0000000000
bgr,1995,197418000.0000000000
bgr,1996,377728000.0000000000
bgr,1997,3470287000.0000000000
bgr,1998,6016892000.0000000000
bgr,1999,6420862000.0000000000
bgr,2000,6266913000.0000000000
bgr,2001,8295872000.0000000000
bgr,2002,8268094000.0000000000
bgr,2003,9632866000.0000000000
bgr,2004,11473341000.0000000000
bgr,2005,12119385000.0000000000
bgr,2006,13975593000.0000000000
bgr,2007,18844563000.0000000000
bgr,2008,21348500000.0000000000
bgr,2009,18671012000.0000000000
bgr,2010,18330489000.0000000000
bgr,2011,18573183000.0000000000
bgr,2012,20327719000.0000000000
bgr,2013,21549784000.0000000000
bgr,2014,21325611000.0000000000
bgr,2015,24384076000.0000000000
bgr,2016,23604164000.0000000000
bgr,2017,25639875000.0000000000
bgr,2018,27678512000.0000000000
bfa,2002,261305078896.0000000000
bfa,2003,301921953465.9000244141
bfa,2004,350835509520.7000122070
bfa,2005,366670761002.0000000000
bfa,2006,397619413487.0000000000
bfa,2007,446535580049.0000000000
bfa,2008,483826572072.0000000000
bfa,2009,539091338723.0000000000
bfa,2010,681279000000.0000000000
bfa,2011,793620000000.0000000000
bfa,2012,998809000000.0000000000
bfa,2013,1117266000000.0000000000
bfa,2014,1064691891701.0000000000
bfa,2015,1047644821985.8499755859
bfa,2016,1230300000000.0000000000
bfa,2017,1375971867626.0000000000
bfa,2018,1484790219976.8000488281
bdi,1973,2789000000.0000000000
bdi,1974,3206000000.0000000000
bdi,1975,3171000000.0000000000
bdi,1976,4596000000.0000000000
bdi,1977,7144000000.0000000000
bdi,1978,9136000000.0000000000
bdi,1979,10182000000.0000000000
bdi,1980,11544000000.0000000000
bdi,1981,11665000000.0000000000
cpv,2005,20393393345.0000000000
cpv,2006,24715962596.0000000000
cpv,2007,28019721041.0000000000
cpv,2008,31796124361.0000000000
cpv,2009,29231654691.0000000000
cpv,2010,29347007386.1199989319
cpv,2011,33182368568.0000000000
cpv,2012,31767137180.0000000000
cpv,2013,32932194411.0000000000
cpv,2014,31739575056.0000000000
cpv,2015,37939720197.0000000000
cpv,2016,38080504196.7399978638
cpv,2017,42042721725.0000000000
khm,2002,1727644810000.0000000000
khm,2003,1740699408271.0000000000
khm,2004,2105058967099.0000000000
khm,2005,2487968658987.0000000000
khm,2006,2923836857897.0000000000
khm,2007,3920449000000.0000000000
khm,2008,5254240269740.0000000000
khm,2009,4671549029957.0000000000
khm,2010,5396730545448.0097656250
khm,2011,6015034373108.0000000000
khm,2012,7163310100000.0000000000
khm,2013,8429204300000.0000000000
khm,2014,11180327370443.0000000000
khm,2015,12172361628847.0000000000
khm,2016,14108549833750.0000000000
khm,2017,16671085709187.0000000000
khm,2018,19828755500000.0000000000
khm,2019,25075674800000.0000000000
cmr,1990,478180000000.0000000000
cmr,1991,506200000000.0000000000
cmr,1992,495910000000.0000000000
cmr,1993,448140000000.0000000000
cmr,1994,385300000000.0000000000
cmr,1995,536540000000.0000000000
cmr,1998,862310000000.0000000000
cmr,1999,867460000000.0000000000
cmr,2012,2443224900000.0000000000
cmr,2013,2635167000000.0000000000
cmr,2014,2934400000000.0000000000
cmr,2015,2948800000000.0000000000
cmr,2016,2909200000000.0000000000
cmr,2017,3079500000000.0000000000
cmr,2018,3363919783078.0000000000
can,1990,121255000000.0000000000
can,1991,126868000000.0000000000
can,1992,131003000000.0000000000
can,1993,129742000000.0000000000
can,1994,132843000000.0000000000
can,1995,141406000000.0000000000
can,1996,149756000000.0000000000
can,1997,166504000000.0000000000
can,1998,171442000000.0000000000
can,1999,182014000000.0000000000
can,2000,201068000000.0000000000
can,2001,198054000000.0000000000
can,2002,193841000000.0000000000
can,2003,200029000000.0000000000
can,2004,208708000000.0000000000
can,2005,220336000000.0000000000
can,2006,231566000000.0000000000
can,2007,245043000000.0000000000
can,2008,240014000000.0000000000
can,2009,225324000000.0000000000
can,2010,229046000000.0000000000
can,2011,244861000000.0000000000
can,2012,249856000000.0000000000
can,2013,260686000000.0000000000
can,2014,274319000000.0000000000
can,2015,286625000000.0000000000
can,2016,292220000000.0000000000
can,2017,313584000000.0000000000
can,2018,331454000000.0000000000
can,2019,342615000000.0000000000
caf,2004,55786642457.7154006958
caf,2008,83518663308.9069976807
caf,2009,88578974194.6000061035
caf,2010,97611736933.0500030518
caf,2011,99095604172.0001068115
caf,2012,122441279527.0000000000
caf,2014,42861467178.6930007935
caf,2015,56778389997.0000000000
caf,2016,78953155467.0000000000
caf,2017,86617602604.7140045166
caf,2018,108781783355.5839996338
chl,1972,70000000.0000000000
chl,1973,320000000.0000000000
chl,1974,2510000000.0000000000
chl,1975,11330000000.0000000000
chl,1976,37790000000.0000000000
chl,1977,85530000000.0000000000
chl,1978,147490000000.0000000000
chl,1979,240750000000.0000000000
chl,1980,344030000000.0000000000
chl,1981,388150000000.0000000000
chl,1982,359580000000.0000000000
chl,1983,429040000000.0000000000
chl,1984,544110000000.0000000000
chl,1985,745900000000.0000000000
chl,1986,914330000000.0000000000
chl,1987,1144140000000.0000000000
chl,1988,1317350000000.0000000000
chl,1989,1595250000000.0000000000
chl,1990,1903070000000.0000000000
chl,1991,2676630000000.0000000000
chl,1992,3472410000000.0000000000
chl,1993,4156530000000.0000000000
chl,1994,4804030000000.0000000000
chl,2005,15744000000000.0000000000
chl,2006,20061000000000.0000000000
chl,2007,23533724278199.6015625000
chl,2008,22998794000000.0000000000
chl,2009,18377299854757.6992187500
chl,2010,23872724045516.3007812500
chl,2011,27535116743673.5000000000
chl,2012,28730471321645.0000000000
chl,2013,28825031163000.0000000000
chl,2014,30561540024431.8007812500
chl,2015,33536621451208.6015625000
chl,2016,35199418501370.0000000000
chl,2017,37957457665000.0000000000
chl,2018,42005345498159.2031250000
chn,2005,1802952090000.0000000000
chn,2006,2221850000000.0000000000
chn,2007,4519860660000.0000000000
chn,2008,3536125000000.0000000000
chn,2009,4064660036700.0000000000
chn,2010,4628544307987.2001953125
chn,2011,5483826000000.0000000000
chn,2012,5999220000000.0000000000
chn,2013,6496645390000.0000000000
chn,2014,6938520040000.0000000000
chn,2015,7440376690000.0000000000
chn,2016,7763714864198.9296875000
chn,2017,8606789121229.2998046875
col,1998,18102257426359.3984375000
col,1999,19598819067500.3007812500
col,2000,24116229096855.1015625000
col,2013,153478908000000.0000000000
col,2014,137306783603692.0000000000
col,2015,152295098022685.0000000000
col,2016,164488627019997.0000000000
col,2017,175205748201755.0000000000
col,2018,169555809189009.0000000000
cod,1972,0.0010200000
cod,1973,0.0012833333
cod,1974,0.0017800000
cod,1975,0.0014533333
cod,1976,0.0016366667
cod,1977,0.0022966667
cod,1978,0.0024600000
cod,1979,0.0066033333
cod,1980,0.0126600000
cod,1981,0.0158133333
cod,1982,0.0205966667
cod,1988,0.5387100000
cod,1989,1.3129966667
cog,2001,626600000000.0000000000
cog,2002,638800000000.0000000000
cog,2003,603600000000.0000000000
cog,2004,767151592132.0000000000
cog,2005,1255220396474.0000000000
cog,2006,1759300000000.0000000000
cog,2007,1549392000000.0000000000
cog,2008,2453006000000.0000000000
cog,2009,1320392000000.0000000000
cog,2010,2250800000000.0000000000
cog,2011,2858611999496.0000000000
cog,2012,2965526152202.0000000000
cog,2013,3096470579025.0000000000
cog,2014,2800728886431.0000000000
cog,2015,1466328300000.0000000000
cog,2016,1250828000000.0000000000
cog,2017,1113090816557.0000000000
cog,2018,1931800000000.0000000000
cri,2002,946220000000.0000000000
cri,2003,1117600000000.0000000000
cri,2004,1287934000000.0000000000
cri,2005,1538010000000.0000000000
cri,2006,1893496702016.9599609375
cri,2007,2411444305120.9599609375
cri,2008,2850793058690.3598632812
cri,2009,2865175814457.8701171875
cri,2010,3076778607851.9902343750
cri,2011,3396120033856.1699218750
cri,2012,3768484851334.7700195312
cri,2013,4061778325153.0000000000
cri,2014,4342515493594.0800781250
cri,2015,4774813118910.3896484375
cri,2016,5197790007265.4003906250
cri,2017,5496332560585.2900390625
cri,2018,5838431431131.2500000000
civ,1995,1103300000000.0000000000
civ,2001,1222141300000.0000000000
civ,2002,1315323972000.0000000000
civ,2003,1243000000000.0000000000
civ,2004,1324800000000.0000000000
civ,2005,1354600000000.0000000000
civ,2006,1478440000000.0000000000
civ,2007,1679800000000.0000000000
civ,2008,1826610000000.0000000000
civ,2009,1846602000000.0000000000
civ,2010,1946549000000.0000000000
civ,2011,1497559000000.0000000000
civ,2012,2244702000000.0000000000
civ,2013,2473700000000.0000000000
civ,2014,2567051727984.7001953125
civ,2015,3294817249886.5600585938
civ,2016,3365304803713.8701171875
civ,2017,3645126661032.6801757812
civ,2018,3889895345461.7299804688
hrv,2002,63634885000.0000000000
hrv,2003,65798250000.0000000000
hrv,2004,68354259000.0000000000
hrv,2005,73433509000.0000000000
hrv,2006,79871095000.0000000000
hrv,2007,86970687000.0000000000
hrv,2008,91238640000.0000000000
hrv,2009,86016088000.0000000000
hrv,2010,82651709000.0000000000
hrv,2011,81560357000.0000000000
hrv,2012,87769360000.0000000000
hrv,2013,89647245000.0000000000
hrv,2014,88215673000.0000000000
hrv,2015,94452779000.0000000000
hrv,2016,102248264000.0000000000
hrv,2017,108138738000.0000000000
hrv,2018,112427539000.0000000000
cyp,1995,3075995174.9095301628
cyp,1996,3139384288.3845896721
cyp,1997,3190471471.4817299843
cyp,1998,3581057760.9803295135
cyp,1999,3822654004.7909202576
cyp,2000,4568116813.6633396149
cyp,2001,5076596602.6168899536
cyp,2002,5242501802.5745201111
cyp,2003,5991040094.0414199829
cyp,2004,6378550900.9455394745
cyp,2005,7279325580.8390598297
cyp,2006,8109705881.3478794098
cyp,2007,9868540205.1005210876
cyp,2008,10172500401.5212993622
cyp,2009,5206600000.0000000000
cyp,2010,5462100000.0000000000
cyp,2011,5479600000.0000000000
cyp,2012,5396100000.0000000000
cyp,2013,5166000000.0000000000
cyp,2014,5454400000.0000000000
cyp,2015,5357200000.0000000000
cyp,2016,5388493000.0000000000
cyp,2017,5828302000.0000000000
cyp,2018,6346300000.0000000000
cyp,2019,6544700000.0000000000
cze,1995,452737000000.0000000000
cze,1996,491333000000.0000000000
cze,1997,527646000000.0000000000
cze,1998,559424000000.0000000000
cze,1999,591155000000.0000000000
cze,2000,613073000000.0000000000
cze,2001,688147000000.0000000000
cze,2002,711678000000.0000000000
cze,2003,845535000000.0000000000
cze,2004,840315000000.0000000000
cze,2005,851424000000.0000000000
cze,2006,907826000000.0000000000
cze,2007,1015252000000.0000000000
cze,2008,1017610000000.0000000000
cze,2009,964662000000.0000000000
cze,2010,990349000000.0000000000
cze,2011,1044646000000.0000000000
cze,2012,1067271000000.0000000000
cze,2013,1083607000000.0000000000
cze,2014,1094837000000.0000000000
cze,2015,1181874000000.0000000000
cze,2016,1242768000000.0000000000
cze,2017,1322322000000.0000000000
cze,2018,1417830000000.0000000000
dnk,1995,396562000000.0000000000
dnk,1996,422490000000.0000000000
dnk,1997,436812000000.0000000000
dnk,1998,454324000000.0000000000
dnk,1999,471273000000.0000000000
dnk,2000,499778000000.0000000000
dnk,2001,502364000000.0000000000
dnk,2002,515575000000.0000000000
dnk,2003,523637000000.0000000000
dnk,2004,575725000000.0000000000
dnk,2005,631177000000.0000000000
dnk,2006,647120000000.0000000000
dnk,2007,712148000000.0000000000
dnk,2008,718412000000.0000000000
dnk,2009,679322000000.0000000000
dnk,2010,717728000000.0000000000
dnk,2011,743600000000.0000000000
dnk,2012,765454000000.0000000000
dnk,2013,779085000000.0000000000
dnk,2014,841417000000.0000000000
dnk,2015,800631000000.0000000000
dnk,2016,811539000000.0000000000
dnk,2017,851186000000.0000000000
dnk,2018,852643000000.0000000000
dom,2003,80894499632.5198059082
dom,2004,127459368384.1589965820
dom,2005,158653713478.5299987793
dom,2006,189818865243.1019897461
dom,2007,237043768183.2889709473
dom,2008,252569811624.1929931641
dom,2009,228531443518.4689941406
dom,2010,265769728719.6499938965
dom,2011,290576129591.5300292969
dom,2012,329906365200.0000000000
dom,2013,380919368458.9500122070
dom,2014,427874215696.3200073242
dom,2015,550302462986.4050292969
dom,2016,504915054460.0209960938
dom,2017,557431570083.7080078125
dom,2018,621129200720.5550537109
egy,2002,77406000000.0000000000
egy,2003,89996000000.0000000000
egy,2004,102005000000.0000000000
egy,2005,112458600000.0000000000
egy,2006,153844500000.0000000000
egy,2007,181072100000.0000000000
egy,2008,206525340000.0000000000
egy,2009,239258000000.0000000000
egy,2010,249089600000.0000000000
egy,2011,248919400000.0000000000
slv,2002,1931300000.0000000000
slv,2003,1941100000.0000000000
slv,2004,2090400000.0000000000
slv,2005,2344400000.0000000000
slv,2006,2818200000.0000000000
slv,2007,3167700000.0000000000
slv,2008,3610100000.0000000000
slv,2009,2877400000.0000000000
slv,2010,3210600000.0000000000
slv,2011,3785950000.0000000000
slv,2012,3876629866.9000000954
slv,2013,4069000000.0000000000
slv,2014,4048339751.8299999237
slv,2015,4234742778.5799999237
slv,2016,4521856553.8500003815
slv,2017,5008520463.0100002289
slv,2018,5250500000.0000000000
slv,2019,5390100000.0000000000
gnq,2006,2103730000000.0000000000
gnq,2007,2308526000000.0000000000
gnq,2008,3051787000000.0000000000
gnq,2009,2368090000000.0000000000
gnq,2010,2150931300000.0000000000
gnq,2011,2849027525409.2500000000
gnq,2012,3194709440355.6401367188
gnq,2013,2711327154456.5498046875
gnq,2014,2601404707675.0800781250
gnq,2015,2055235780948.6799316406
gnq,2016,1119861353492.1101074219
gnq,2017,1232476834237.0000000000
gnq,2018,1440200585677.0300292969
gnq,2019,1237720731569.6000976562
est,1995,940300000.0000000000
est,1996,1153500000.0000000000
est,1997,1442000000.0000000000
est,1998,1601500000.0000000000
est,1999,1624900000.0000000000
est,2000,1807300000.0000000000
est,2001,2003500000.0000000000
est,2002,2274600000.0000000000
est,2003,2584300000.0000000000
est,2004,2865300000.0000000000
est,2005,3137600000.0000000000
est,2006,3918200000.0000000000
est,2007,4754600000.0000000000
est,2008,4772100000.0000000000
est,2009,4605400000.0000000000
est,2010,4415700000.0000000000
est,2011,4700600000.0000000000
est,2012,5127900000.0000000000
est,2013,5410400000.0000000000
est,2014,5878600000.0000000000
est,2015,6241800000.0000000000
est,2016,6543100000.0000000000
est,2017,7000900000.0000000000
est,2018,7619300000.0000000000
eth,1990,3091300000.0000000000
eth,1991,2669800000.0000000000
eth,1992,2183800000.0000000000
eth,1993,3150700000.0000000000
eth,1994,3879800000.0000000000
eth,1995,5787100000.0000000000
eth,1996,6788400000.0000000000
eth,1997,7862300000.0000000000
eth,1998,8526400000.0000000000
eth,1999,9278000000.0000000000
eth,2001,8075000000.0000000000
eth,2002,8554303522.0000000000
eth,2003,9667000000.0000000000
eth,2004,10395300000.0000000000
eth,2005,11733700000.0000000000
eth,2006,11768100000.0000000000
eth,2007,14328100080.0000000000
eth,2008,25378700040.0000000000
eth,2009,31775100000.0000000000
eth,2010,41527401000.0000000000
eth,2011,56022384000.0000000000
eth,2012,82732336489.8090057373
eth,2013,90509054155.6199951172
eth,2014,103296301136.0399932861
eth,2015,129060775432.6799926758
eth,2016,146745966954.8299865723
eth,2017,173103488290.1700134277
eth,2018,197424858460.8500061035
eth,2019,209561736689.1499938965
fji,1990,530380000.0000000000
fji,1991,499050000.0000000000
fji,1992,574370000.0000000000
fji,1993,636140000.0000000000
fji,1994,688660000.0000000000
fji,1995,703600000.0000000000
fji,1996,729890000.0000000000
fji,2004,1153321000.0000000000
fji,2005,1216100000.0000000000
fji,2006,1366719688.0000000000
fji,2010,1447431061.0399999619
fji,2011,1711068610.4200000763
fji,2012,1799459555.2100000381
fji,2013,1983832266.2400000095
fji,2014,2259973286.5500001907
fji,2015,2525410463.9800000191
fji,2016,2648828367.5900001526
fji,2017,3012835121.5999999046
fji,2018,3056850041.1700000763
fin,1995,23441000000.0000000000
fin,1996,25375000000.0000000000
fin,1997,27984000000.0000000000
fin,1998,30462000000.0000000000
fin,1999,30837000000.0000000000
fin,2000,36372000000.0000000000
fin,2001,34916000000.0000000000
fin,2002,36334000000.0000000000
fin,2003,36531000000.0000000000
fin,2004,37792000000.0000000000
fin,2005,38970000000.0000000000
fin,2006,40590000000.0000000000
fin,2007,43637000000.0000000000
fin,2008,44584000000.0000000000
fin,2009,38292000000.0000000000
fin,2010,39022000000.0000000000
fin,2011,43847000000.0000000000
fin,2012,44678000000.0000000000
fin,2013,46199000000.0000000000
fin,2014,46626000000.0000000000
fin,2015,47353000000.0000000000
fin,2016,49304000000.0000000000
fin,2017,50955000000.0000000000
fin,2018,52975000000.0000000000
fra,1995,260358000000.0000000000
fra,1996,274318000000.0000000000
fra,1997,282772000000.0000000000
fra,1998,290900000000.0000000000
fra,1999,307544000000.0000000000
fra,2000,310647000000.0000000000
fra,2001,326309000000.0000000000
fra,2002,324510000000.0000000000
fra,2003,320738000000.0000000000
fra,2004,352860000000.0000000000
fra,2005,360095000000.0000000000
fra,2006,361369000000.0000000000
fra,2007,377137000000.0000000000
fra,2008,373636000000.0000000000
fra,2009,340388000000.0000000000
fra,2010,386684000000.0000000000
fra,2011,379176000000.0000000000
fra,2012,391937000000.0000000000
fra,2013,410330000000.0000000000
fra,2014,414125000000.0000000000
fra,2015,418055000000.0000000000
fra,2016,426366000000.0000000000
fra,2017,449032000000.0000000000
fra,2018,451455000000.0000000000
gab,2012,2611727254249.9599609375
gab,2013,2594796085209.2099609375
gab,2014,2306883603143.6401367188
gab,2015,1707084206246.7399902344
gab,2016,1445390867122.9199218750
gab,2017,1530454657442.8100585938
gab,2018,1572288831971.1499023438
gab,2019,1918784485663.6899414062
gmb,1990,485770000.0000000000
gmb,1991,562160000.0000000000
gmb,1992,644000000.0000000000
gmb,1993,791280000.0000000000
gmb,2001,589200000.0000000000
gmb,2002,722100000.0000000000
gmb,2003,969200000.0000000000
gmb,2004,1617700000.0000000000
gmb,2005,1769800000.0000000000
gmb,2006,1788400000.0000000000
gmb,2007,2980600000.0000000000
gmb,2008,3500000000.0000000000
gmb,2009,3895900000.0000000000
geo,2001,555900000.0000000000
geo,2002,631600000.0000000000
geo,2003,661300000.0000000000
geo,2004,1170600000.0000000000
geo,2005,2108500000.0000000000
geo,2006,3099300000.0000000000
geo,2007,4085000000.0000000000
geo,2008,4900600000.0000000000
geo,2009,4529300000.0000000000
geo,2010,4950100000.0000000000
geo,2011,6125700000.0000000000
geo,2012,6735200000.0000000000
geo,2013,6600600000.0000000000
geo,2014,7155900000.0000000000
geo,2015,7854900000.0000000000
geo,2016,8283200000.0000000000
geo,2017,9460400000.0000000000
geo,2018,10256200000.0000000000
geo,2019,10254800000.0000000000
deu,1991,203534000000.0000000000
deu,1992,228807000000.0000000000
deu,1993,226293000000.0000000000
deu,1994,242052000000.0000000000
deu,1995,244254000000.0000000000
deu,1996,233156000000.0000000000
deu,1997,233236000000.0000000000
deu,1998,241292000000.0000000000
deu,1999,260865000000.0000000000
deu,2000,268427000000.0000000000
deu,2001,263051000000.0000000000
deu,2002,262471000000.0000000000
deu,2003,272884000000.0000000000
deu,2004,259723000000.0000000000
deu,2005,266121000000.0000000000
deu,2006,283480000000.0000000000
deu,2007,308715000000.0000000000
deu,2008,320140000000.0000000000
deu,2009,315405000000.0000000000
deu,2010,319587000000.0000000000
deu,2011,347482000000.0000000000
deu,2012,355916000000.0000000000
deu,2013,363994000000.0000000000
deu,2014,379050000000.0000000000
deu,2015,385579000000.0000000000
deu,2016,392371000000.0000000000
deu,2017,410147000000.0000000000
deu,2018,428959000000.0000000000
gha,1990,23950100.0000000000
gha,1991,35435900.0000000000
gha,1992,33355800.0000000000
gha,1993,65758100.0000000000
gha,2001,689312400.0000000000
gha,2002,879985400.0000000000
gha,2003,1307727348.0000000000
gha,2004,1894313786.0000000000
gha,2005,2303959466.0000000000
gha,2006,2542797986.0000000000
gha,2007,3627577730.0000000000
gha,2008,4736275487.0000000000
gha,2009,5642796309.0000000000
gha,2010,7685134390.0000000000
gha,2011,11587446125.0000000000
gha,2014,25463125388.0694007874
gha,2015,49039876938.9180984497
gha,2016,31092574548.7999992371
gha,2017,38159660833.5000000000
gha,2018,46501927373.8000030518
grc,1995,23904000000.0000000000
grc,1996,27412000000.0000000000
grc,1997,32208000000.0000000000
grc,1998,36406000000.0000000000
grc,1999,38841000000.0000000000
grc,2000,42666000000.0000000000
grc,2001,42582000000.0000000000
grc,2002,44207000000.0000000000
grc,2003,46939000000.0000000000
grc,2004,51736000000.0000000000
grc,2005,54122000000.0000000000
grc,2006,58341000000.0000000000
grc,2007,64446000000.0000000000
grc,2008,66729000000.0000000000
grc,2009,63207000000.0000000000
grc,2010,64736000000.0000000000
grc,2011,64998000000.0000000000
grc,2012,64552000000.0000000000
grc,2013,65181000000.0000000000
grc,2014,60475000000.0000000000
grc,2015,61867000000.0000000000
grc,2016,64010000000.0000000000
grc,2017,61671000000.0000000000
grc,2018,62838000000.0000000000
grc,2019,63369000000.0000000000
gtm,1990,2703980000.0000000000
gtm,1991,4258200000.0000000000
gtm,1992,5454470000.0000000000
gtm,1993,5735630000.0000000000
gtm,1994,5680900000.0000000000
gtm,1995,7124020000.0000000000
gtm,1996,8445100000.0000000000
gtm,1997,9627660000.0000000000
gtm,1998,11821460000.0000000000
gtm,1999,13966820000.0000000000
gtm,2000,15205590000.0000000000
gtm,2001,17625560000.0000000000
gtm,2002,20300720000.0000000000
gtm,2003,21317240000.0000000000
gtm,2004,23077070000.0000000000
gtm,2005,24404700000.0000000000
gtm,2006,28732500000.0000000000
gtm,2007,33101800000.0000000000
gtm,2008,35085400000.0000000000
gtm,2009,33478453995.7400016785
gtm,2010,36876221475.4400024414
gtm,2011,42292629971.4199981689
gtm,2012,45274260817.3000030518
gtm,2013,48611941692.4000015259
gtm,2014,51901912800.2099990845
gtm,2015,52717902364.2799987793
gtm,2016,57412973878.7099990845
gtm,2017,59621599947.9899978638
gtm,2018,62004807056.5100021362
gin,1989,222778000000.0000000000
gnb,2017,99257045845.0000000000
gnb,2019,104544643615.0399932861
hnd,2003,26583300000.0000000000
hnd,2004,31187420000.0000000000
hnd,2005,35316600000.0000000000
hnd,2006,40556180000.0000000000
hnd,2007,48131447000.0000000000
hnd,2008,55518600000.0000000000
hnd,2009,51896300000.0000000000
hnd,2010,57034700000.0000000000
hnd,2011,64649956261.0000000000
hnd,2012,70329650000.0000000000
hnd,2013,74744099468.0000000000
hnd,2014,88589151054.0222015381
hnd,2015,100063386444.1180114746
hun,1995,1616814000000.0000000000
hun,1996,2039283000000.0000000000
hun,1997,2273581000000.0000000000
hun,1998,2606429091000.0000000000
hun,1999,2983530000000.0000000000
hun,2000,3465566000000.0000000000
hun,2001,3861700000000.0000000000
hun,2002,4237519000000.0000000000
hun,2003,4596345000000.0000000000
hun,2004,5093212000000.0000000000
hun,2005,5330772000000.0000000000
hun,2006,5849991000000.0000000000
hun,2007,6534031000000.0000000000
hun,2008,7489174000000.0000000000
hun,2009,7356237000000.0000000000
hun,2010,7345553000000.0000000000
hun,2011,7101969000000.0000000000
hun,2012,7839957000000.0000000000
hun,2013,8174071000000.0000000000
hun,2014,8915888353000.0000000000
hun,2015,9484515089000.0000000000
hun,2016,9864193988000.0000000000
hun,2017,10750482954000.0000000000
hun,2018,11434494910000.0000000000
isl,1990,103607400000.0000000000
isl,1991,108225800000.0000000000
isl,1992,111325400000.0000000000
isl,1993,111601500000.0000000000
isl,1994,118289500000.0000000000
isl,1995,124017600000.0000000000
isl,1996,136823100000.0000000000
isl,1997,139633900000.0000000000
isl,1998,185279771000.0000000000
isl,1999,213829400000.0000000000
isl,2000,227537700000.0000000000
isl,2001,239746673022.0880126953
isl,2002,251508861564.0319824219
isl,2003,266517044685.3389892578
isl,2004,305103182463.2390136719
isl,2005,361900000000.0000000000
isl,2006,410700000000.0000000000
isl,2007,452800000000.0000000000
isl,2008,474500000000.0000000000
isl,2009,439400000000.0000000000
isl,2010,462500000000.0000000000
isl,2011,486400000000.0000000000
isl,2012,532900000000.0000000000
isl,2013,577800000000.0000000000
isl,2014,675700000000.0000000000
isl,2015,681600000000.0000000000
isl,2016,1137100000000.0000000000
isl,2017,838900000000.0000000000
isl,2018,868000000000.0000000000
isl,2019,856312325854.3399658203
ind,1974,74790000000.0000000000
ind,1975,90810000000.0000000000
ind,1976,101500000000.0000000000
ind,1977,112350000000.0000000000
ind,1978,128190000000.0000000000
ind,1979,142360000000.0000000000
ind,1980,159210000000.0000000000
ind,1981,192490000000.0000000000
ind,1982,221940000000.0000000000
ind,1983,251600000000.0000000000
ind,1984,292230000000.0000000000
ind,1985,356440000000.0000000000
ind,1986,415720000000.0000000000
ind,1987,472870000000.0000000000
ind,1988,551640000000.0000000000
ind,1989,668080000000.0000000000
ind,1990,715870000000.0000000000
ind,1991,853320000000.0000000000
ind,1992,975730000000.0000000000
ind,1993,1005250000000.0000000000
ind,1994,1222020000000.0000000000
ind,1995,1466480000000.0000000000
ind,1996,1707010000000.0000000000
ind,1997,1848190000000.0000000000
ind,1998,1947820000000.0000000000
ind,1999,2326920000000.0000000000
ind,2000,2504400000000.0000000000
ind,2001,2556040000000.0000000000
ind,2002,2889970000000.0000000000
ind,2003,3310020000000.0000000000
ind,2004,3850020000000.0000000000
ind,2005,4480260000000.0000000000
ind,2006,5665800000000.0000000000
ind,2007,7073470000000.0000000000
ind,2008,7035910000000.0000000000
ind,2009,7270620000000.0000000000
ind,2010,10064980000000.0000000000
ind,2011,10043280000000.0000000000
ind,2012,12529330000000.0000000000
ind,2013,14164340000000.0000000000
ind,2014,14401266800000.0000000000
ind,2015,17098070000000.0000000000
ind,2016,19779860000000.0000000000
ind,2017,21750090000000.0000000000
ind,2018,24925890000000.0000000000
idn,2008,979238740000000.0000000000
idn,2009,846999450000000.0000000000
idn,2010,992338010000000.0000000000
idn,2011,1205736500000000.0000000000
idn,2012,1332714850000000.0000000000
idn,2013,1432392210000000.0000000000
idn,2014,1544924051857430.0000000000
idn,2015,1494584918562630.0000000000
idn,2016,1546969695963370.0000000000
idn,2017,1654785180989130.0000000000
idn,2018,1928041807089450.0000000000
irn,1972,322000000000.0000000000
irn,1973,490000000000.0000000000
irn,1974,1427100000000.0000000000
irn,1975,1626800000000.0000000000
irn,1976,1895700000000.0000000000
irn,1977,2192900000000.0000000000
irn,1978,1737000000000.0000000000
irn,1979,1780500000000.0000000000
irn,1980,1430000000000.0000000000
irn,1981,1922500000000.0000000000
irn,1982,2698300000000.0000000000
irn,1983,2993800000000.0000000000
irn,1984,2988800000000.0000000000
irn,1985,2963700000000.0000000000
irn,1986,2017200000000.0000000000
irn,1987,2511200000000.0000000000
irn,1988,2656000000000.0000000000
irn,1989,3830000000000.0000000000
irn,1990,6617000000000.0000000000
irn,1991,8382000000000.0000000000
irn,1992,12276000000000.0000000000
irn,1993,21930000000000.0000000000
irn,1994,30952000000000.0000000000
irn,1995,44902000000000.0000000000
irn,1996,61753000000000.0000000000
irn,1997,68081000000000.0000000000
irn,1998,61239000000000.0000000000
irn,1999,106816482000000.0000000000
irn,2000,135845177022500.0000000000
irn,2001,162063488625000.0000000000
irn,2002,245603739200000.0000000000
irn,2003,302748651000000.0000000000
irn,2004,404190323000000.0000000000
irn,2005,627648440000000.0000000000
irn,2006,731576957000000.0000000000
irn,2007,924187716433333.0000000000
irn,2008,1027774659762370.0000000000
irn,2009,1042320000000000.0000000000
irq,2014,104321000000000.0000000000
irq,2015,59564223389470.7031250000
irq,2016,54320553630736.7031250000
irq,2017,76615927757234.0937500000
irq,2018,105042997832540.0000000000
irq,2019,106607512377180.0000000000
irl,1991,11142078612.0238990784
irl,1992,11993945888.8419990540
irl,1993,12883384715.4008998871
irl,1994,14233808300.0237998962
irl,1995,19205040000.0000000000
irl,1996,21143050000.0000000000
irl,1997,23836480000.0000000000
irl,1998,26858780000.0000000000
irl,1999,30786710000.0000000000
irl,2000,35719390000.0000000000
irl,2001,37546730000.0000000000
irl,2002,40409780000.0000000000
irl,2003,43743680000.0000000000
irl,2004,48651680000.0000000000
irl,2005,54811500000.0000000000
irl,2006,62402500000.0000000000
irl,2007,65458630000.0000000000
irl,2008,59767120000.0000000000
irl,2009,52351440000.0000000000
irl,2010,51799220000.0000000000
irl,2011,54202100000.0000000000
irl,2012,55869840000.0000000000
irl,2013,58061540000.0000000000
irl,2014,62693580000.0000000000
irl,2015,67449850000.0000000000
irl,2016,69871700000.0000000000
irl,2017,72743440000.0000000000
irl,2018,78349830000.0000000000
isr,2000,176552364175.2369995117
isr,2001,176221190200.1839904785
isr,2002,180454856612.8070068359
isr,2003,175243088543.4100036621
isr,2004,182728085179.4980163574
isr,2005,194410659938.8560180664
isr,2006,212707188338.4489746094
isr,2007,227134616597.5539855957
isr,2008,220905866302.6130065918
isr,2009,213021077483.1280212402
isr,2010,234295055603.0799865723
isr,2011,251821747957.1210021973
isr,2012,260362204998.7519836426
isr,2013,283439121409.5720214844
isr,2014,299946034395.1170043945
isr,2015,316023215707.9169921875
isr,2016,328439963657.9719848633
isr,2017,358056049208.0089721680
isr,2018,353298247661.2449951172
isr,2019,363665632441.7479858398
ita,1995,278913000000.0000000000
ita,1996,278284000000.0000000000
ita,1997,305417000000.0000000000
ita,1998,303061000000.0000000000
ita,1999,315903000000.0000000000
ita,2000,315631000000.0000000000
ita,2001,329434000000.0000000000
ita,2002,334250000000.0000000000
ita,2003,340869000000.0000000000
ita,2004,346778000000.0000000000
ita,2005,351990000000.0000000000
ita,2006,387805000000.0000000000
ita,2007,409155000000.0000000000
ita,2008,411866000000.0000000000
ita,2009,402287000000.0000000000
ita,2010,410535000000.0000000000
ita,2011,417600000000.0000000000
ita,2012,432446000000.0000000000
ita,2013,434307000000.0000000000
ita,2014,435518000000.0000000000
ita,2015,439813000000.0000000000
ita,2016,456308000000.0000000000
ita,2017,459173000000.0000000000
ita,2018,461853000000.0000000000
jam,1988,6139241002.6000003815
jam,1989,8418483002.8999996185
jam,1990,9648911698.0000000000
jam,1991,15075362003.0000000000
jam,1992,23557489003.0000000000
jam,1993,33614235744.7239990234
jam,1994,44595474469.9300003052
jam,1995,58574378319.0765991211
jam,1996,63085565417.1149978638
jam,1997,66425796114.0699996948
jam,1998,74096239575.1074066162
jam,1999,90828318338.2019958496
jam,2000,101021144192.4900054932
jam,2001,102575676400.5000000000
jam,2002,117167991897.7319946289
jam,2003,149901608715.0000000000
jam,2004,171538899631.7919921875
jam,2005,186684240469.4700012207
jam,2006,211364490673.5419921875
jam,2007,252098813125.1319885254
jam,2008,276199777481.0079956055
jam,2009,300200054393.1250000000
jam,2010,316041378428.6839599609
jam,2011,322149802687.7930297852
jam,2012,344677749337.3930053711
jam,2013,396979376395.0539550781
jam,2014,411715937773.7940063477
jam,2015,455835781822.2210083008
jam,2016,499879882042.5390014648
jam,2017,560773568462.4499511719
jam,2018,628985220997.0770263672
jpn,1972,10365000000000.0000000000
jpn,1973,14144000000000.0000000000
jpn,1974,15916000000000.0000000000
jpn,1975,14597000000000.0000000000
jpn,1976,16489000000000.0000000000
jpn,1977,18436000000000.0000000000
jpn,1978,20585000000000.0000000000
jpn,1979,24062000000000.0000000000
jpn,1980,27845000000000.0000000000
jpn,1981,31395000000000.0000000000
jpn,1982,32761000000000.0000000000
jpn,1983,33690000000000.0000000000
jpn,1984,36654000000000.0000000000
jpn,1985,40104000000000.0000000000
jpn,1986,41547000000000.0000000000
jpn,1987,46998000000000.0000000000
jpn,1988,51928000000000.0000000000
jpn,1989,55486000000000.0000000000
jpn,1990,61960000000000.0000000000
jpn,1991,72461000000000.0000000000
jpn,1992,65990000000000.0000000000
jpn,1993,65722000000000.0000000000
jpn,1994,59680300000000.0000000000
jpn,1995,60847000000000.0000000000
jpn,1996,61843800000000.0000000000
jpn,1997,62223300000000.0000000000
jpn,1998,58490000000000.0000000000
jpn,1999,56204200000000.0000000000
jpn,2000,60594500000000.0000000000
jpn,2001,57662500000000.0000000000
jpn,2002,52340700000000.0000000000
jpn,2003,51199600000000.0000000000
jpn,2004,53926500000000.0000000000
jpn,2005,59622200000000.0000000000
jpn,2006,62379400000000.0000000000
jpn,2007,61057400000000.0000000000
jpn,2008,53527700000000.0000000000
jpn,2009,46559800000000.0000000000
jpn,2010,49375200000000.0000000000
jpn,2011,51248900000000.0000000000
jpn,2012,53243200000000.0000000000
jpn,2013,58066900000000.0000000000
jpn,2014,64288700000000.0000000000
jpn,2015,67088300000000.0000000000
jpn,2016,65895300000000.0000000000
jpn,2017,69913300000000.0000000000
jpn,2018,71852100000000.0000000000
jor,1990,697550000.0000000000
jor,1991,760170000.0000000000
jor,1992,1108910000.0000000000
jor,1993,1118990000.0000000000
jor,1994,1161470000.0000000000
jor,1995,1331080000.0000000000
jor,1996,1364030000.0000000000
jor,1997,1311770000.0000000000
jor,1998,1421310000.0000000000
jor,1999,1528690000.0000000000
jor,2000,1503400000.0000000000
jor,2001,1571490000.0000000000
jor,2002,1676360000.0000000000
jor,2003,1680250000.0000000000
jor,2004,2087562099.0000000000
jor,2005,2562900000.0000000000
jor,2006,3164380000.0000000000
jor,2007,3628100000.0000000000
jor,2008,4020100000.0000000000
jor,2009,4187800000.0000000000
jor,2010,4260900000.0000000000
jor,2011,4198900000.0000000000
jor,2012,4727000000.0000000000
jor,2013,5119700000.0000000000
jor,2014,6031100000.0000000000
jor,2015,5910000000.0000000000
jor,2016,6233700000.0000000000
jor,2017,6717400000.0000000000
jor,2018,7216200000.0000000000
jor,2019,6965900000.0000000000
kaz,2005,1617977310661.1999511719
kaz,2006,1715456667800.0000000000
kaz,2007,1796050339200.0000000000
kaz,2008,2143294240400.0000000000
kaz,2009,3860900000000.0000000000
kaz,2010,4538857453096.5000000000
kaz,2011,6621186816650.5000000000
kaz,2012,6801212111879.0996093750
kaz,2013,7187590123192.9003906250
kaz,2014,7492388380740.0996093750
kaz,2015,5342117414648.1601562500
kaz,2016,6123425148062.2001953125
kaz,2017,8421596925718.0000000000
kaz,2018,9468188653835.8007812500
ken,2014,1144332688604.8200683594
ken,2015,1297100531016.6101074219
ken,2016,1391322979093.7900390625
ken,2017,1737455288295.8200683594
ken,2018,1669483650000.0000000000
kir,2010,96268297.9300000072
kir,2011,96277112.8499999940
kir,2012,124668636.5870000124
kir,2013,147591631.4000000060
kir,2014,193307833.1699999869
kir,2015,274453855.9499999881
kir,2016,222011106.5000000000
kir,2017,243304666.3100000024
kwt,1972,608000000.0000000000
kwt,1973,694000000.0000000000
kwt,1974,2724000000.0000000000
kwt,1977,2989000000.0000000000
kwt,1978,3045000000.0000000000
kwt,1979,3643000000.0000000000
kwt,1980,6916000000.0000000000
kwt,1981,6338000000.0000000000
kwt,1982,4272000000.0000000000
kwt,1983,4145000000.0000000000
kwt,1984,4358000000.0000000000
kwt,1985,3794000000.0000000000
kwt,1986,4744000000.0000000000
kwt,1990,3116000000.0000000000
kwt,1991,262000000.0000000000
kwt,1992,585000000.0000000000
kwt,1993,2267000000.0000000000
kwt,1994,2545000000.0000000000
kwt,1995,2986000000.0000000000
kwt,1996,3335000000.0000000000
kwt,1997,4189000000.0000000000
kwt,1998,3460000000.0000000000
kwt,2001,5244000000.0000000000
kwt,2002,6068000000.0000000000
kwt,2003,6770000000.0000000000
kwt,2004,8768000000.0000000000
kwt,2005,13593000000.0000000000
kwt,2006,15386000000.0000000000
kwt,2007,18856000000.0000000000
kwt,2008,20782000000.0000000000
kwt,2009,17494000000.0000000000
kwt,2010,21278000000.0000000000
kwt,2011,30013000000.0000000000
kwt,2012,31704000000.0000000000
kwt,2013,31508000000.0000000000
kwt,2014,24615000000.0000000000
kwt,2015,13314000000.0000000000
kgz,2013,80078332000.0000000000
kgz,2014,95302203000.0000000000
kgz,2015,104009300000.0000000000
kgz,2016,105894400000.0000000000
kgz,2017,121239300000.0000000000
kgz,2018,126766900000.0000000000
lva,1995,935832749.9558910131
lva,1996,1064396332.4056199789
lva,1997,1538561248.9399600029
lva,1998,1753188655.7276301384
lva,1999,1718955782.8356099129
lva,2000,1704701453.0366899967
lva,2001,1802929408.4837300777
lva,2002,2034333896.7905700207
lva,2003,2332439769.8362603188
lva,2004,2750816728.4193000793
lva,2005,3459576211.8599200249
lva,2006,4616419371.5459794998
lva,2007,5849098752.9951496124
lva,2008,6093398728.5217504501
lva,2009,4733863210.7956104279
lva,2010,4638907860.5130300522
lva,2011,5174865254.0395298004
lva,2012,5890857194.8936004639
lva,2013,6149831247.4032602310
lva,2014,6482194182.1617403030
lva,2015,6717451807.3317699432
lva,2016,7309330908.7597703934
lva,2017,7760756910.8883800507
lva,2018,8364205383.0086297989
lbn,1997,3753205000000.0000000000
lbn,1998,4449383000000.0000000000
lbn,1999,4868230000000.0000000000
lbn,2000,4171300000000.0000000000
lbn,2001,4259600000000.0000000000
lbn,2002,5385300000000.0000000000
lbn,2003,6180600000000.0000000000
lbn,2004,7000100000000.0000000000
lbn,2005,6852207000000.0000000000
lbn,2006,6729550000000.0000000000
lbn,2007,7893577000000.0000000000
lbn,2008,9489268000000.0000000000
lbn,2009,11711037650000.0000000000
lbn,2010,11634160000000.0000000000
lbn,2011,13157705383400.0000000000
lbn,2012,13233992000000.0000000000
lbn,2013,13078176000000.0000000000
lbn,2014,14440998000000.0000000000
lbn,2015,12889552000000.0000000000
lbn,2016,13678416000000.0000000000
lbn,2017,15962563001000.0000000000
lbn,2018,15947944722000.0000000000
lso,1984,216351000.0000000000
lso,1986,260076000.0000000000
lso,1987,299795000.0000000000
lso,1988,364288000.0000000000
lso,1989,525108000.0000000000
lso,1991,670458802.6000000238
lso,1992,731578994.1999959946
lso,1993,919422620.4000009298
lso,1994,1090440791.2000000477
lso,1995,1296764689.4000000954
lso,1996,1330302125.7999999523
lso,1997,1571261041.4000000954
lso,1998,1577463520.0000000000
lso,1999,1545043460.0000000000
lso,2000,1811609284.2000000477
lso,2001,2134536683.0000000000
lso,2002,2419701609.7888898849
lso,2003,2883800000.0000000000
lso,2004,3260700000.0000000000
lso,2005,3508700000.0000000000
lso,2006,4727683329.7899999619
lso,2007,5352254498.0500001907
lso,2008,6564352960.5019502640
lso,2009,6739264183.9238605499
lso,2010,6756842571.5271701813
lso,2011,6964270002.1276397705
lso,2012,8905087115.3994007111
lso,2013,9677506742.0552997589
lso,2014,11134216313.3416996002
lso,2015,11795507265.5473003387
lso,2016,11015035795.8581008911
lso,2017,11780061609.3299007416
lso,2018,12524760022.9500007629
lbr,2005,79344455.4500000030
lbr,2006,84473326.0000000000
lbr,2007,146841219.0000000000
lbr,2008,201203746.0000000000
lbr,2010,270163138.1000000238
lbr,2011,319647916.0000000000
lbr,2012,430681296.5899999738
lbr,2013,480824199.2200000286
ltu,1995,1900448000.0000000000
ltu,1996,2229865000.0000000000
ltu,1997,3429757000.0000000000
ltu,1998,3600344000.0000000000
ltu,1999,3388172000.0000000000
ltu,2000,3442795000.0000000000
ltu,2001,3114263000.0000000000
ltu,2002,3476866000.0000000000
ltu,2003,3758506000.0000000000
ltu,2004,3875238000.0000000000
ltu,2005,4709309000.0000000000
ltu,2006,5422165000.0000000000
ltu,2007,6482972000.0000000000
ltu,2008,7415093000.0000000000
ltu,2009,5293700000.0000000000
ltu,2010,5261076000.0000000000
ltu,2011,5679530000.0000000000
ltu,2012,6185284000.0000000000
ltu,2013,6549597000.0000000000
ltu,2014,7269740000.0000000000
ltu,2015,7497099000.0000000000
ltu,2016,7763983000.0000000000
ltu,2017,8097766000.0000000000
ltu,2018,8648092000.0000000000
lux,1995,4686338000.0000000000
lux,1996,4906771000.0000000000
lux,1997,5384550000.0000000000
lux,1998,5706135000.0000000000
lux,1999,6225928000.0000000000
lux,2000,7027066000.0000000000
lux,2001,7149372000.0000000000
lux,2002,7429784000.0000000000
lux,2003,7722065000.0000000000
lux,2004,8105336000.0000000000
lux,2005,9076399000.0000000000
lux,2006,9755085000.0000000000
lux,2007,10699214000.0000000000
lux,2008,11119236000.0000000000
lux,2009,11130231000.0000000000
lux,2010,11995611000.0000000000
lux,2011,12589019000.0000000000
lux,2012,13407533000.0000000000
lux,2013,14221825000.0000000000
lux,2014,15019538000.0000000000
lux,2015,15284417000.0000000000
lux,2016,15928638000.0000000000
lux,2017,16606687000.0000000000
lux,2018,18269436000.0000000000
mac,1996,9046370000.0000000000
mac,1997,10585960000.0000000000
mac,1998,9498030000.0000000000
mac,1999,10502351425.0599994659
mac,2000,9660514083.8700008392
mac,2001,11014285938.8600006104
mac,2002,11806837999.7399997711
mac,2003,15200740488.7800006866
mac,2004,20156746205.8699989319
mac,2005,23705000000.0000000000
mac,2006,28922000000.0000000000
mac,2007,42736763875.8499984741
mac,2008,54282536888.3000030518
mac,2009,56486259076.9599990845
mac,2010,82330012305.2200012207
mac,2011,117203190723.5800018311
mac,2012,133703688610.6199951172
mac,2013,156876000000.0000000000
mac,2014,161957258583.3800048828
mac,2015,113103234996.5099945068
mac,2016,106553557760.2299957275
mac,2017,123829466348.9299926758
mac,2018,137979111721.6700134277
mac,2019,138413037714.5499877930
mdg,1990,93120000000.0000000000
mdg,1991,70760000000.0000000000
mdg,1992,100720000000.0000000000
mdg,1993,111200000000.0000000000
mdg,1994,149700000000.0000000000
mdg,1995,229740000000.0000000000
mdg,2003,724908600000.0000000000
mdg,2004,985670800000.0000000000
mdg,2005,1105600000000.0000000000
mdg,2006,1377100000000.0000000000
mdg,2007,1636096000000.0000000000
mdg,2008,2140200000000.0000000000
mdg,2009,1649903000000.0000000000
mdg,2010,2050290585000.0000000000
mdg,2011,2075394000000.0000000000
mdg,2012,2245242600000.0000000000
mdg,2013,2481958600000.0000000000
mdg,2014,2661736200000.0000000000
mdg,2015,3057391000000.0000000000
mdg,2016,3636803282434.0698242188
mdg,2017,4273483332650.0800781250
mdg,2018,5249985529410.7500000000
mdg,2019,5903819291557.3603515625
mwi,2009,131894254891.0000000000
mwi,2010,177923522251.0000000000
mwi,2011,207846925429.0000000000
mwi,2012,214665456858.0000000000
mwi,2013,295625063870.7139892578
mwi,2014,441145692522.4689941406
mwi,2015,530188800155.6799926758
mwi,2016,634311007059.8410644531
mwi,2017,852751698808.2969970703
mwi,2018,937101772843.5749511719
mwi,2019,1023395883355.4100341797
mys,1996,59058000000.0000000000
mys,1997,66060000000.0000000000
mys,1998,56823000000.0000000000
mys,1999,59088100000.0000000000
mys,2000,62291000000.0000000000
mys,2001,79914603000.0000000000
mys,2002,83514000000.0000000000
mys,2003,92608000000.0000000000
mys,2004,99398000000.0000000000
mys,2005,106303000000.0000000000
mys,2006,123546061000.0000000000
mys,2007,139885335600.4200134277
mys,2008,159793382941.1900024414
mys,2009,158639304227.7000122070
mys,2010,159652859197.5400085449
mys,2011,185419000000.0000000000
mys,2012,207912000000.0000000000
mys,2013,213370200000.0000000000
mys,2014,220625450000.0000000000
mys,2015,219089000000.0000000000
mys,2016,212421000000.0000000000
mys,2017,220406243630.1499938965
mys,2018,232881549965.1400146484
mys,2019,264414755672.1499938965
mdv,1979,16000000.0000000000
mdv,1980,45500000.0000000000
mdv,1981,71500000.0000000000
mdv,1982,92000000.0000000000
mdv,1983,108500000.0000000000
mdv,1984,128300000.0000000000
mdv,1985,149100000.0000000000
mdv,1986,179100000.0000000000
mdv,1987,266900000.0000000000
mdv,1988,312600000.0000000000
mdv,1989,404600000.0000000000
mdv,1990,454800000.0000000000
mdv,1991,567700000.0000000000
mdv,1992,682900000.0000000000
mdv,1993,764200000.0000000000
mdv,1994,979700000.0000000000
mdv,1995,1205800000.0000000000
mdv,1996,1321600000.0000000000
mdv,1997,1652000000.0000000000
mdv,1998,1763600000.0000000000
mdv,1999,2058600000.0000000000
mdv,2000,2202600000.0000000000
mdv,2001,2294300000.0000000000
mdv,2002,2577900000.0000000000
mdv,2003,2936800000.0000000000
mdv,2004,3331100000.0000000000
mdv,2005,3753300000.0000000000
mdv,2006,5237300000.0000000000
mdv,2007,6490700000.0000000000
mdv,2008,6897200000.0000000000
mdv,2009,5299400000.0000000000
mli,2000,231868104350.0000000000
mli,2001,280596109000.0000000000
mli,2002,331435214431.9199829102
mli,2003,416330418783.0000000000
mli,2004,453300152957.0000000000
mli,2005,502951491998.0000000000
mli,2006,512986300000.0000000000
mli,2007,586900000000.0000000000
mli,2008,607293000000.0000000000
mli,2009,724983000000.0000000000
mli,2010,806342000000.0000000000
mli,2011,804552000000.0000000000
mli,2012,876254512380.0000000000
mli,2013,963261000000.0000000000
mli,2014,936100000000.0000000000
mli,2015,1151583090983.0000000000
mli,2016,1333900000000.0000000000
mli,2017,1552300000000.0000000000
mli,2018,1178702000000.0000000000
mli,2019,1562620460737.0000000000
mlt,1995,2493482413.2308397293
mlt,1996,2490871185.6510601044
mlt,1997,2699440950.3843498230
mlt,1998,2662191940.3680396080
mlt,1999,3065157232.7044000626
mlt,2000,3286946191.4744896889
mlt,2001,3475453063.1260199547
mlt,2002,3733386908.9215002060
mlt,2003,3960619613.3240203857
mlt,2004,4230295830.4216203690
mlt,2005,4693608199.3943605423
mlt,2006,4924498020.0326099396
mlt,2007,5169520149.0798997879
mlt,2008,2330904000.0000000000
mlt,2009,2345137000.0000000000
mlt,2010,2519144000.0000000000
mlt,2011,2616111000.0000000000
mlt,2012,2762704000.0000000000
mlt,2013,2974272000.0000000000
mlt,2014,3299891000.0000000000
mlt,2015,3669781000.0000000000
mlt,2016,3838802000.0000000000
mlt,2017,4394943000.0000000000
mlt,2018,4718325000.0000000000
mhl,2008,31843547.0000000000
mhl,2009,30745549.0000000000
mhl,2010,32851434.0000000000
mhl,2011,34549035.0000000000
mhl,2012,35589411.0000000000
mhl,2013,40781018.0000000000
mhl,2014,43622895.0000000000
mhl,2015,49810942.0000000000
mhl,2016,63287917.0000000000
mhl,2017,80223117.0000000000
mhl,2018,71311000.0000000000
mus,2002,25887800000.0000000000
mus,2003,30925000000.0000000000
mus,2004,34305000000.0000000000
mus,2005,36627800000.0000000000
mus,2006,40113300000.0000000000
mus,2007,43515500000.0000000000
mus,2008,54919100000.0000000000
mus,2009,60509400000.0000000000
mus,2010,62367090000.0000000000
mus,2011,66355700000.0000000000
mus,2012,72334100000.0000000000
mus,2013,76338900000.0000000000
mus,2014,81458100000.0000000000
mus,2015,41100570000.0000000000
mus,2016,90353297000.0000000000
mus,2017,96575882257.0000000000
mus,2018,103015123234.0000000000
mex,1991,119497000000.0000000000
mex,1992,146339000000.0000000000
mex,1993,153759000000.0000000000
mex,1994,172600000000.0000000000
mex,1995,234363000000.0000000000
mex,1996,326428000000.0000000000
mex,1997,399597100000.0000000000
mex,1998,428416000000.0000000000
mex,1999,544992000000.0000000000
mex,2000,703019000000.0000000000
mex,2008,2288624578736.4101562500
mex,2009,1879801451077.3500976562
mex,2010,2113206650628.5300292969
mex,2011,2445933556026.1899414062
mex,2012,2612149016086.2500000000
mex,2013,2686393515121.5898437500
mex,2014,2808582578932.9799804688
mex,2015,3104604792549.3901367188
mex,2016,3527178710853.6801757812
mex,2017,3887041819142.0600585938
mex,2018,3889824937922.6000976562
fsm,2008,34172307.0000000000
fsm,2009,35850297.0000000000
fsm,2010,36203124.0000000000
fsm,2011,37448539.0000000000
fsm,2012,47467182.0000000000
fsm,2013,56427794.0000000000
fsm,2014,91595601.0000000000
fsm,2015,89800268.0000000000
fsm,2016,90189259.0000000000
fsm,2017,115091742.0000000000
fsm,2018,179618101.0000000000
mda,2002,3949700000.0000000000
mda,2003,5385900000.0000000000
mda,2004,6403100000.0000000000
mda,2005,8511100000.0000000000
mda,2006,10662800000.0000000000
mda,2007,13091700000.0000000000
mda,2008,14948900000.0000000000
mda,2009,12673700000.0000000000
mda,2010,15230200000.0000000000
mda,2011,17073600000.0000000000
mda,2012,18577900000.0000000000
mda,2013,20238400000.0000000000
mda,2014,23834700000.0000000000
mda,2015,26291300000.0000000000
mda,2016,27592500000.0000000000
mda,2017,32941700000.0000000000
mda,2018,36071300000.0000000000
mda,2019,38403900000.0000000000
mng,1992,7448000000.0000000000
mng,1993,42804000000.0000000000
mng,1994,55100000000.0000000000
mng,1995,88183000000.0000000000
mng,1996,98211000000.0000000000
mng,1997,130181000000.0000000000
mng,1998,131005000000.0000000000
mng,1999,157600000000.0000000000
mng,2000,243861000000.0000000000
mng,2001,291276000000.0000000000
mng,2002,313224997512.0039672852
mng,2003,461001106890.0000000000
mng,2006,1513644538020.9399414062
mng,2007,1862871216347.6499023438
mng,2008,1741597790303.1999511719
mng,2009,1441886967146.3500976562
mng,2010,2437833000000.0000000000
mng,2011,3201708482001.3500976562
mng,2012,3475919995042.8100585938
mng,2013,4289985000000.0000000000
mng,2014,4449656682413.6396484375
mng,2015,4035569573440.5200195312
mng,2016,3745414936159.4702148438
mng,2017,5408651730500.0000000000
mng,2018,7370214083080.9101562500
mar,1990,52385000000.0000000000
mar,1991,57690000000.0000000000
mar,1992,65652000000.0000000000
mar,1993,70132000000.0000000000
mar,1994,71992000000.0000000000
mar,1995,71345000000.0000000000
mar,1997,82347000000.0000000000
mar,1998,87052000000.0000000000
mar,1999,93474000000.0000000000
mar,2002,106791969142.8569946289
mar,2003,109287283142.8569946289
mar,2004,119812049137.0850067139
mar,2005,136848882484.8480072021
mar,2006,155518579515.1519775391
mar,2007,181999992353.5350036621
mar,2008,221687154075.0610046387
mar,2009,211666047626.8080139160
mar,2010,208520679150.7349853516
mar,2011,221735442516.5960083008
mar,2012,237283114000.0000000000
mar,2013,243911172000.0000000000
mar,2014,245508125000.0000000000
mar,2015,255418381000.0000000000
mar,2016,255272476754.0000000000
mar,2017,268469120972.0180053711
mar,2018,285401240000.0000000000
mar,2019,293635921000.0000000000
moz,2010,61697211711.2200012207
moz,2011,79440700713.7669982910
moz,2012,97122077104.2519989014
moz,2013,123985615000.0000000000
moz,2014,153449063000.0000000000
moz,2015,155893019000.0000000000
moz,2016,162812681000.0000000000
moz,2017,201770661530.9620056152
moz,2018,208454669000.0000000000
mmr,2012,10098458733000.0000000000
mmr,2013,11610269818000.0000000000
mmr,2014,14363034115000.0000000000
mmr,2015,13444980640000.0000000000
mmr,2016,13306640266000.0000000000
mmr,2017,14314473276000.0000000000
mmr,2018,6974290473000.0000000000
mmr,2019,16076795744000.0000000000
nam,1990,1906000000.0000000000
nam,1991,2569800000.0000000000
nam,1992,2855400000.0000000000
nam,1993,3039800000.0000000000
nam,1994,3610800000.0000000000
nam,1995,4028700000.0000000000
nam,1996,4611500000.0000000000
nam,1997,5591700000.0000000000
nam,1998,6094700000.0000000000
nam,1999,7184900000.0000000000
nam,2000,8167401771.1599998474
nam,2001,8831420450.1599998474
nam,2002,10433708450.1599998474
nam,2003,9706423050.1599998474
nam,2004,11260746450.1599998474
nam,2005,13036267604.6599998474
nam,2006,17526432152.1599998474
nam,2007,20591517087.6199989319
nam,2008,23343940431.2799987793
nam,2009,23808545980.6199989319
nam,2010,23346865025.0800018311
nam,2011,29738567120.6899986267
nam,2012,37824663560.3899993896
nam,2013,42077205290.2699966431
nam,2014,49843300841.2600021362
nam,2015,52063243384.2600021362
nam,2016,50840450800.0000000000
nam,2017,60274415796.5899963379
nam,2018,60790854096.6399993896
nru,2014,92112500.4599999934
nru,2015,87831832.0199999958
nru,2016,125746153.3100000024
nru,2017,133975131.0400000066
nru,2018,173558069.3799999952
npl,1990,8733800000.0000000000
npl,1991,10410000000.0000000000
npl,1992,12997000000.0000000000
npl,1993,14303000000.0000000000
npl,1994,18829000000.0000000000
npl,1995,23106000000.0000000000
npl,1996,26601000000.0000000000
npl,1997,29293000000.0000000000
npl,1998,31371000000.0000000000
npl,1999,34713000000.0000000000
npl,2000,40303000000.0000000000
npl,2001,46146000000.0000000000
npl,2002,48255000000.0000000000
npl,2003,53678800000.0000000000
npl,2004,59780600000.0000000000
npl,2005,68065000000.0000000000
npl,2006,70272652000.0000000000
npl,2007,86387100000.0000000000
npl,2008,100329100000.0000000000
npl,2009,139641400000.0000000000
npl,2010,177703714000.0000000000
npl,2011,203582874000.0000000000
npl,2012,244254719000.0000000000
npl,2013,295686195000.0000000000
npl,2014,362425602000.0000000000
npl,2015,411839346459.7000122070
npl,2016,484494610800.6599731445
npl,2017,612363915650.2299804688
nld,1995,79768000000.0000000000
nld,1996,86141000000.0000000000
nld,1997,88769000000.0000000000
nld,1998,93044000000.0000000000
nld,1999,99529000000.0000000000
nld,2000,106453000000.0000000000
nld,2001,117163000000.0000000000
nld,2002,119627000000.0000000000
nld,2003,118723000000.0000000000
nld,2004,122822000000.0000000000
nld,2005,134349000000.0000000000
nld,2006,146350000000.0000000000
nld,2007,154289000000.0000000000
nld,2008,163396000000.0000000000
nld,2009,155247000000.0000000000
nld,2010,158273000000.0000000000
nld,2011,155742000000.0000000000
nld,2012,153276000000.0000000000
nld,2013,158916000000.0000000000
nld,2014,162261000000.0000000000
nld,2015,164574000000.0000000000
nld,2016,171402000000.0000000000
nld,2017,186602000000.0000000000
nld,2018,194777000000.0000000000
nzl,2001,43370600000.0000000000
nzl,2002,45860164000.0000000000
nzl,2003,50386046000.0000000000
nzl,2004,54175558000.0000000000
nzl,2005,59682673000.0000000000
nic,1990,46910000.0000000000
nic,1991,1431970000.0000000000
nic,1992,1884830000.0000000000
nic,1993,2149130000.0000000000
nic,1994,2458100000.0000000000
nic,1995,3068250000.0000000000
nic,1996,3612110000.0000000000
nic,1997,4635030000.0000000000
nic,1998,5886190000.0000000000
nic,1999,6730260000.0000000000
nic,2000,7537420000.0000000000
nic,2001,7645000000.0000000000
nic,2002,8563302200.0000000000
nic,2003,10151047000.0000000000
nic,2004,12230807600.0000000000
nic,2005,14708000000.0000000000
nic,2006,17513000000.0000000000
nic,2007,20578799300.0000000000
nic,2008,23468023100.0000000000
nic,2009,23859280000.0000000000
nic,2010,27575039000.0000000000
nic,2011,34544596600.0000000000
nic,2012,40722198262.0000000000
nic,2013,44033604000.0000000000
nic,2014,50684795000.0000000000
nic,2015,58164650000.0000000000
nic,2016,66099700000.0000000000
nic,2017,73848620188.5000000000
nic,2018,69711735111.4501037598
nic,2019,79271600000.0000000000
mkd,2005,68851403361.0000000000
mkd,2006,69410278555.0000000000
mkd,2007,83521796056.5000000000
mkd,2013,92353663351.0000000000
mkd,2014,95965073826.0000000000
mkd,2015,105761660394.0000000000
mkd,2016,111459802702.0000000000
mkd,2017,115167465161.0000000000
mkd,2018,125680996871.0000000000
mkd,2019,128965093303.0000000000
nor,1995,399699000000.0000000000
nor,1996,449768000000.0000000000
nor,1997,483109000000.0000000000
nor,1998,477247000000.0000000000
nor,1999,531899000000.0000000000
nor,2000,715017000000.0000000000
nor,2001,727416000000.0000000000
nor,2002,732165000000.0000000000
nor,2003,744438000000.0000000000
nor,2004,841874000000.0000000000
nor,2005,964404000000.0000000000
nor,2006,1124451000000.0000000000
nor,2007,1181946000000.0000000000
nor,2008,1334635000000.0000000000
nor,2009,1154622000000.0000000000
nor,2010,1221405000000.0000000000
nor,2011,1365605000000.0000000000
nor,2012,1437269000000.0000000000
nor,2013,1422930000000.0000000000
nor,2014,1441543000000.0000000000
nor,2015,1417438000000.0000000000
nor,2016,1405517000000.0000000000
nor,2017,1498433000000.0000000000
nor,2018,1673534000000.0000000000
pak,1973,8256000000.0000000000
pak,1974,11794000000.0000000000
pak,1975,14259000000.0000000000
pak,1976,17737000000.0000000000
pak,1977,20439000000.0000000000
pak,1978,25171000000.0000000000
pak,1979,29502000000.0000000000
pak,1980,38102000000.0000000000
pak,1981,45359000000.0000000000
pak,1982,50370000000.0000000000
pak,1983,57750000000.0000000000
pak,1984,71042000000.0000000000
pak,1985,76351000000.0000000000
pak,1986,89716000000.0000000000
pak,1988,119844000000.0000000000
pak,1989,143370000000.0000000000
pak,1997,384263000000.0000000000
pak,1998,433636000000.0000000000
pak,1999,464372000000.0000000000
pak,2000,531300000000.0000000000
plw,2008,39888242.0723801032
plw,2009,35804259.3917138949
plw,2010,37450126.7942703962
plw,2011,43050559.1644169986
plw,2012,48566977.4750896022
plw,2013,51818649.0000000000
plw,2014,61258183.0000000000
plw,2015,72986295.0000000000
plw,2016,75548497.0000000000
plw,2017,77185600.0000000000
plw,2018,77525107.0322429985
png,1990,776460000.0000000000
png,1991,900790000.0000000000
png,1992,920420000.0000000000
png,1993,1128450000.0000000000
png,1994,1247454000.0000000000
png,1995,1405365000.0000000000
png,1996,1667836000.0000000000
png,1997,1782770000.0000000000
png,1998,1703790000.0000000000
png,1999,2019075000.0000000000
png,2000,2358553000.0000000000
png,2001,2724209000.0000000000
png,2002,2618695000.0000000000
png,2014,11007500000.0000000000
png,2015,10183553365.9400005341
png,2016,9055450229.0000000000
png,2017,10085180527.9909992218
png,2018,12250138131.0599994659
pry,2005,8634700000000.0000000000
pry,2006,9856000000000.0000000000
pry,2007,11017088430433.4003906250
pry,2008,13010124207515.0000000000
pry,2009,14057341363875.0000000000
pry,2010,16452310255892.0000000000
pry,2011,18968600887630.0000000000
pry,2012,20876516105028.0000000000
pry,2013,21459545000000.0000000000
pry,2014,24716165402771.0000000000
pry,2015,27182062002291.0000000000
pry,2016,27945803479109.0000000000
pry,2017,31197255924149.0000000000
pry,2018,32606462475199.0000000000
per,1995,18720200000.0000000000
per,1996,22267300000.0000000000
per,1997,25481200000.0000000000
per,1998,26873200000.0000000000
per,1999,26160300000.0000000000
per,2000,28308900000.0000000000
per,2001,27433200000.0000000000
per,2002,28956900000.0000000000
per,2003,31877100000.0000000000
per,2004,35545400000.0000000000
per,2005,41617800000.0000000000
per,2006,52915050193.4636001587
per,2007,61521609187.3214035034
per,2008,67943441990.0214996338
per,2009,60965179614.9963989258
per,2010,75742955761.1932067871
per,2011,88565466462.6315002441
per,2012,97924589576.3056945801
per,2013,104572516583.8300018311
per,2014,110828653759.3580017090
per,2015,103161912453.2669982910
per,2016,102405869218.9450073242
per,2017,106879668925.2019958496
per,2018,121125566657.5189971924
phl,1990,174164000000.0000000000
phl,1991,213423000000.0000000000
phl,1992,238692000000.0000000000
phl,1993,257177000000.0000000000
phl,1994,305512000000.0000000000
phl,1995,337403000000.0000000000
phl,1996,404220000000.0000000000
phl,1997,460677000000.0000000000
phl,1998,460402000000.0000000000
phl,1999,474027000000.0000000000
phl,2000,517047000000.0000000000
phl,2001,570810000000.0000000000
phl,2002,579236000000.0000000000
phl,2003,640550000000.0000000000
phl,2004,708900000000.0000000000
phl,2005,815510000000.0000000000
phl,2006,975255000000.0000000000
phl,2007,1047337000000.0000000000
phl,2008,1172668000000.0000000000
phl,2009,1122900000000.0000000000
phl,2010,1207553000000.0000000000
phl,2011,1359210000000.0000000000
phl,2012,1526719000000.0000000000
phl,2013,1713058000000.0000000000
phl,2014,1906466000000.0000000000
phl,2015,2046591000000.0000000000
phl,2016,2195668000000.0000000000
phl,2017,2472262000000.0000000000
phl,2018,2834474680000.0000000000
pol,1995,96117000000.0000000000
pol,1996,141339000000.0000000000
pol,1997,133425000000.0000000000
pol,1998,148452000000.0000000000
pol,1999,154456000000.0000000000
pol,2000,166429000000.0000000000
pol,2001,170756000000.0000000000
pol,2002,182392000000.0000000000
pol,2003,189998000000.0000000000
pol,2004,195072000000.0000000000
pol,2005,212457400000.0000000000
pol,2006,234316000000.0000000000
pol,2007,269887000000.0000000000
pol,2008,288329000000.0000000000
pol,2009,283533000000.0000000000
pol,2010,312112000000.0000000000
pol,2011,342496000000.0000000000
pol,2012,344289000000.0000000000
pol,2013,336789000000.0000000000
pol,2014,352956370000.0000000000
pol,2015,374615900000.0000000000
pol,2016,386319000000.0000000000
pol,2017,425793000000.0000000000
pol,2018,466877000000.0000000000
prt,1995,24021771000.0000000000
prt,1996,26371122000.0000000000
prt,1997,28989229000.0000000000
prt,1998,31177557000.0000000000
prt,1999,34599861000.0000000000
prt,2000,37135566000.0000000000
prt,2001,38608061000.0000000000
prt,2002,41423614000.0000000000
prt,2003,41540430000.0000000000
prt,2004,43641012000.0000000000
prt,2005,46172165000.0000000000
prt,2006,48753337000.0000000000
prt,2007,51750503000.0000000000
prt,2008,52262061000.0000000000
prt,2009,48858250000.0000000000
prt,2010,46857255000.0000000000
prt,2011,48692079000.0000000000
prt,2012,46315775000.0000000000
prt,2013,50851807000.0000000000
prt,2014,51090962000.0000000000
prt,2015,52128823000.0000000000
prt,2016,52481760000.0000000000
prt,2017,55419497000.0000000000
prt,2018,60534015000.0000000000
rou,1995,1517500000.0000000000
rou,1996,2093700000.0000000000
rou,1997,4840000000.0000000000
rou,1998,7494300000.0000000000
rou,1999,12081400000.0000000000
rou,2000,18115900000.0000000000
rou,2001,25659500000.0000000000
rou,2002,34628500000.0000000000
rou,2003,45050200000.0000000000
rou,2004,57853300000.0000000000
rou,2005,67490400000.0000000000
rou,2006,80019400000.0000000000
rou,2007,105618100000.0000000000
rou,2008,126484700000.0000000000
rou,2009,112584900000.0000000000
rou,2010,123599300000.0000000000
rou,2011,127488600000.0000000000
rou,2012,134328000000.0000000000
rou,2013,141189000000.0000000000
rou,2014,155907400000.0000000000
rou,2015,178221300000.0000000000
rou,2016,168905800000.0000000000
rou,2017,177757400000.0000000000
rou,2018,196076000000.0000000000
rus,2002,2490006000000.0000000000
rus,2003,2869273132000.0000000000
rus,2004,3711998318100.0000000000
rus,2005,5583483600000.0000000000
rus,2006,6493500000000.0000000000
rus,2007,8799400000000.0000000000
rus,2008,12133500000000.0000000000
rus,2009,7998100000000.0000000000
rus,2010,9569600000000.0000000000
rus,2011,13916100000000.0000000000
rus,2012,14444500000000.0000000000
rus,2013,14243400000000.0000000000
rus,2014,15681877200364.0996093750
rus,2015,14471615744801.5996093750
rus,2016,13640480000000.0000000000
rus,2017,15823088000000.0000000000
rus,2018,20932325000000.0000000000
rus,2019,21824841000000.0000000000
rwa,1973,2419000000.0000000000
rwa,1974,3369000000.0000000000
rwa,1975,4539000000.0000000000
rwa,1976,6749000000.0000000000
rwa,1977,8703000000.0000000000
rwa,1978,9180000000.0000000000
rwa,1979,12478000000.0000000000
rwa,1980,13805000000.0000000000
rwa,1989,25987000000.0000000000
rwa,1990,29015000000.0000000000
rwa,2014,900474647675.8699951172
rwa,2015,1025977232404.9899902344
rwa,2016,1186391092236.1699218750
rwa,2017,1316946512659.0200195312
rwa,2018,1483422523516.5000000000
wsm,2012,463588222.7699999809
wsm,2013,494940276.5400000215
wsm,2014,534629950.8899999857
wsm,2015,554578511.5800000429
wsm,2016,617431380.5499999523
wsm,2017,658006645.7200000286
wsm,2018,674340088.3099999428
smr,2002,344950524.3000000119
smr,2003,359152012.8000000119
smr,2004,410396083.6700000167
smr,2005,400291587.0099999905
smr,2006,428799029.5099999905
smr,2007,437846349.4499999881
smr,2008,450466322.0899999738
smr,2009,416491138.9900000095
smr,2010,385673756.5000000000
smr,2011,373715514.9200000167
smr,2012,392325251.2500000000
smr,2013,365546258.7200000286
smr,2014,367722966.3100000024
smr,2015,366516830.2400000095
smr,2016,370580801.7300000191
smr,2017,363031581.0000000000
smr,2018,377291789.0000000000
sau,2010,740873000000.0000000000
sau,2011,1117530000000.0000000000
sau,2012,1246537000000.0000000000
sau,2013,1152609000000.0000000000
sau,2014,1040141000000.0000000000
sau,2015,612694000000.0000000000
sau,2016,519448970387.9799804688
sau,2017,691505920451.5100097656
sau,2018,905822000000.0000000000
sen,2015,1904987895415.0000000000
sen,2016,2220869055002.0000000000
sen,2017,2459817816098.5000000000
sen,2018,2380337501299.3300781250
srb,2007,595052000000.0000000000
srb,2008,679515990456.7500000000
srb,2009,678828400000.0000000000
srb,2010,736093669000.0000000000
srb,2011,777763847800.0000000000
srb,2012,797384743501.0000000000
syc,1993,1062700000.0000000000
syc,1994,994600000.0000000000
syc,1995,873200000.0000000000
syc,1996,952900000.0000000000
syc,1997,1057500000.0000000000
syc,1998,1204500000.0000000000
syc,1999,1252100000.0000000000
syc,2005,1733975802.0499999523
syc,2006,2180342000.0000000000
syc,2007,2034864034.2500000000
syc,2008,2731767647.0000000000
syc,2009,3425068810.9400000572
syc,2010,3833777792.0199999809
syc,2011,4687578052.7399997711
syc,2012,5302278694.4700002670
syc,2013,5423211588.3000001907
syc,2014,5838061369.8999996185
syc,2015,6227637884.2700004578
syc,2016,6923965770.0699996948
syc,2017,7347188485.8299999237
syc,2018,7911800400.0000000000
sgp,1972,1760000000.0000000000
sgp,1973,2121000000.0000000000
sgp,1974,2587000000.0000000000
sgp,1975,3146000000.0000000000
sgp,1976,3342000000.0000000000
sgp,1977,3893000000.0000000000
sgp,1978,4195000000.0000000000
sgp,1979,4887000000.0000000000
sgp,1980,6365000000.0000000000
sgp,1981,7797000000.0000000000
sgp,1982,9054000000.0000000000
sgp,1983,10935000000.0000000000
sgp,1984,11451000000.0000000000
sgp,1985,10768000000.0000000000
sgp,1986,10411000000.0000000000
sgp,1987,12947000000.0000000000
sgp,1988,13856000000.0000000000
sgp,1989,15710000000.0000000000
sgp,1990,17872000000.0000000000
sgp,1991,19919000000.0000000000
sgp,1992,22589000000.0000000000
sgp,1993,28095000000.0000000000
sgp,1994,29248000000.0000000000
sgp,1995,31869000000.0000000000
sgp,1996,37936000000.0000000000
sgp,1997,39883000000.0000000000
sgp,1998,38612000000.0000000000
sgp,1999,40330000000.0000000000
sgp,2000,42537000000.0000000000
sgp,2001,39173000000.0000000000
sgp,2002,35100000000.0000000000
sgp,2003,33046000000.0000000000
sgp,2004,36518000000.0000000000
sgp,2005,38663000000.0000000000
sgp,2006,42266000000.0000000000
sgp,2007,52495000000.0000000000
sgp,2008,55925000000.0000000000
sgp,2009,48161000000.0000000000
sgp,2010,54864200000.0000000000
sgp,2011,59806200000.0000000000
sgp,2012,64449300000.0000000000
sgp,2013,66350300000.0000000000
sgp,2014,71894000000.0000000000
sgp,2015,76207700000.0000000000
sgp,2016,81396493194.5700073242
sgp,2017,95696236600.0000000000
sgp,2018,92464778932.3169860840
sgp,2019,107462255460.9230041504
svk,1995,5502997000.0000000000
svk,1996,5640225000.0000000000
svk,1997,6915699000.0000000000
svk,1998,7211527000.0000000000
svk,1999,7774533000.0000000000
svk,2000,8191863000.0000000000
svk,2001,8263776000.0000000000
svk,2002,8421732000.0000000000
svk,2003,9147348000.0000000000
svk,2004,10202667000.0000000000
svk,2005,11676549000.0000000000
svk,2006,12666673000.0000000000
svk,2007,13479254000.0000000000
svk,2008,14123588000.0000000000
svk,2009,14373197000.0000000000
svk,2010,14463839000.0000000000
svk,2011,16562063000.0000000000
svk,2012,16514248000.0000000000
svk,2013,18014221000.0000000000
svk,2014,18989134000.0000000000
svk,2015,21870972000.0000000000
svk,2016,19692862000.0000000000
svk,2017,20110891000.0000000000
svk,2018,21700631000.0000000000
svn,1995,2721806000.0000000000
svn,1996,3175397000.0000000000
svn,1997,3566865000.0000000000
svn,1998,4080565000.0000000000
svn,1999,4657446000.0000000000
svn,2000,5013475000.0000000000
svn,2001,5662472000.0000000000
svn,2002,6484544000.0000000000
svn,2003,7023874000.0000000000
svn,2004,7652827000.0000000000
svn,2005,8119276000.0000000000
svn,2006,8590855000.0000000000
svn,2007,9262493000.0000000000
svn,2008,10092341000.0000000000
svn,2009,9280466000.0000000000
svn,2010,9355840000.0000000000
svn,2011,9510892000.0000000000
svn,2012,9586412000.0000000000
svn,2013,9805057000.0000000000
svn,2014,10206676000.0000000000
svn,2015,10868782000.0000000000
svn,2016,10701578000.0000000000
svn,2017,11286815000.0000000000
svn,2018,12140540000.0000000000
slb,2011,2234315055.7399997711
slb,2012,2531582122.1399998665
slb,2013,2818846189.7500000000
slb,2014,2879471362.2300000191
slb,2015,3199917771.5300002098
slb,2016,3023024296.0000000000
slb,2017,3359840776.4000000954
slb,2018,3750961110.9800100327
slb,2019,3419211808.0399999619
som,2017,142643881.5612559915
som,2018,183418822.5988000035
som,2019,229926928.5399999917
zaf,1997,173002500000.0000000000
zaf,1998,192727000000.0000000000
zaf,1999,215846100000.0000000000
zaf,2000,234205600000.0000000000
zaf,2001,271102000000.0000000000
zaf,2002,297806000000.0000000000
zaf,2003,324683800000.0000000000
zaf,2004,382496000000.0000000000
zaf,2005,454708000000.0000000000
zaf,2006,533006000000.0000000000
zaf,2007,614390000000.0000000000
zaf,2008,671726000000.0000000000
zaf,2009,653925000000.0000000000
zaf,2010,734617467485.7800292969
zaf,2011,807966130575.0000000000
zaf,2012,872516239669.9409179688
zaf,2013,991564804994.9680175781
zaf,2014,1113766574466.8798828125
zaf,2015,1214136988810.5300292969
zaf,2016,1284228662178.3798828125
zaf,2017,1358539310682.7900390625
zaf,2018,1446810836757.1999511719
esp,1995,86615000000.0000000000
esp,1996,91621000000.0000000000
esp,1997,95084000000.0000000000
esp,1998,103629000000.0000000000
esp,1999,110648000000.0000000000
esp,2000,118485000000.0000000000
esp,2001,128021000000.0000000000
esp,2002,128042000000.0000000000
esp,2003,132474000000.0000000000
esp,2004,143453000000.0000000000
esp,2005,161718000000.0000000000
esp,2006,179620000000.0000000000
esp,2007,198865000000.0000000000
esp,2008,165396000000.0000000000
esp,2009,134073000000.0000000000
esp,2010,158327000000.0000000000
esp,2011,152182000000.0000000000
esp,2012,148447000000.0000000000
esp,2013,168462000000.0000000000
esp,2014,174529000000.0000000000
esp,2015,177423000000.0000000000
esp,2016,178360000000.0000000000
esp,2017,183133000000.0000000000
esp,2018,196271000000.0000000000
lka,1990,67635000000.0000000000
lka,1991,76427000000.0000000000
lka,1992,85770000000.0000000000
lka,1993,98423000000.0000000000
lka,1994,110038000000.0000000000
lka,1995,136161000000.0000000000
lka,1996,146245000000.0000000000
lka,1997,164779000000.0000000000
lka,1998,174965000000.0000000000
lka,1999,195895000000.0000000000
lka,2000,211244000000.0000000000
lka,2001,234189000000.0000000000
lka,2002,259919000000.0000000000
lka,2003,276260000000.0000000000
lka,2004,311366000000.0000000000
lka,2005,379667000000.0000000000
lka,2006,476820000000.0000000000
lka,2007,564506000000.0000000000
lka,2008,655259000000.0000000000
lka,2009,699644000000.0000000000
lka,2010,817279497563.7299804688
lka,2011,934776000000.0000000000
lka,2012,1050629000000.0000000000
lka,2013,1137451000000.0000000000
lka,2014,1177601065225.6799316406
lka,2015,1454780500704.2600097656
lka,2016,1685655201818.1499023438
lka,2017,1831530764198.8798828125
lka,2018,1919973738575.9399414062
lka,2019,1890899025893.6999511719
kna,1990,104170000.0000000000
kna,1991,97640000.0000000000
kna,1992,113360000.0000000000
kna,1993,129890000.0000000000
kna,1994,152970000.0000000000
kna,2000,254300000.0000000000
kna,2001,267300000.0000000000
kna,2002,305632000.0000000000
kna,2003,318237000.0000000000
kna,2004,324892000.0000000000
kna,2005,334050297.0000000000
kna,2006,394421309.0000000000
kna,2007,433523781.0000000000
kna,2008,542905008.6799999475
kna,2009,536385730.3399999738
kna,2010,507811413.8199999928
kna,2011,649977963.8300000429
kna,2012,644618160.7699999809
kna,2013,812746040.2100000381
kna,2014,889190000.0000000000
kna,2015,886610000.0000000000
kna,2016,764740000.0000000000
kna,2017,750540000.0000000000
lca,2000,485132526.0000000000
lca,2001,442321403.0000000000
lca,2002,448471000.0000000000
lca,2003,466566000.0000000000
lca,2004,537917422.0000000000
lca,2005,576869879.0000000000
lca,2006,647767812.0000000000
lca,2007,703401268.0000000000
lca,2008,781257273.0000000000
lca,2009,770849570.0000000000
lca,2010,776244740.0000000000
lca,2011,816523808.0000000000
lca,2012,810379259.0000000000
lca,2013,865407177.0000000000
lca,2014,901380401.0000000000
lca,2015,961950000.0000000000
lca,2016,1015600000.0000000000
lca,2017,1047240000.0000000000
vct,1990,137000000.0000000000
vct,1991,169700000.0000000000
vct,1992,175600000.0000000000
vct,1993,184700000.0000000000
vct,1994,191500000.0000000000
vct,1995,201800000.0000000000
vct,1996,219200000.0000000000
vct,1997,238400000.0000000000
vct,1998,254100000.0000000000
vct,1999,271200000.0000000000
vct,2000,260532000.0000000000
vct,2001,271691000.0000000000
vct,2002,305639000.0000000000
vct,2003,318232000.0000000000
vct,2004,324896000.0000000000
vct,2005,337665000.0000000000
vct,2006,392521975.0000000000
vct,2007,433522435.0000000000
vct,2008,489548666.0000000000
vct,2009,466510166.0000000000
vct,2010,483802965.0000000000
vct,2011,462477841.0000000000
vct,2012,472623481.0000000000
vct,2013,462582534.0000000000
vct,2014,535180000.0000000000
vct,2015,518810000.0000000000
vct,2016,592580000.0000000000
vct,2017,582620000.0000000000
sdn,1998,1621430000.0000000000
sdn,1999,2155620000.0000000000
sdn,2009,19248300000.0000000000
sdn,2010,19553100000.0000000000
sdn,2011,23637700000.0000000000
sdn,2012,21253000000.0000000000
sdn,2013,32278800000.0000000000
sdn,2014,48661200000.0000000000
sdn,2015,52819500000.0000000000
sdn,2016,56106700000.0000000000
swe,1991,481760000000.0000000000
swe,1992,474390000000.0000000000
swe,1993,403990000000.0000000000
swe,1994,414710000000.0000000000
swe,1995,598444000000.0000000000
swe,1996,631783000000.0000000000
swe,1997,659824000000.0000000000
swe,1998,709187000000.0000000000
swe,1999,798147000000.0000000000
swe,2000,833907000000.0000000000
swe,2001,923427000000.0000000000
swe,2002,764443000000.0000000000
swe,2003,799724000000.0000000000
swe,2004,843421000000.0000000000
swe,2005,924081000000.0000000000
swe,2006,975217000000.0000000000
swe,2007,1044274000000.0000000000
swe,2008,1040751000000.0000000000
swe,2009,1011869000000.0000000000
swe,2010,1080952000000.0000000000
swe,2011,1097190000000.0000000000
swe,2012,1085606000000.0000000000
swe,2013,1116990000000.0000000000
swe,2014,1149780000000.0000000000
swe,2015,1249432000000.0000000000
swe,2016,1340326000000.0000000000
swe,2017,1398719000000.0000000000
swe,2018,1452568000000.0000000000
che,1990,32638869410.0000000000
che,1991,33246315758.2700004578
che,1992,34701643405.3899993896
che,1993,33505180530.1899986267
che,1994,36781030173.0199966431
che,1995,37864379513.2399978638
che,1996,39467004647.3399963379
che,1997,39802433594.8399963379
che,1998,45263379692.4300003052
che,1999,44371268646.5400009155
che,2000,52529521022.8600006104
che,2001,48889615023.7200012207
che,2002,48529753669.8099975586
che,2003,49356617644.3700027466
che,2004,51128226567.4100036621
che,2005,54130723234.1200027466
che,2006,58013061371.0999984741
che,2007,60414988081.8000030518
che,2008,67636361672.9300003052
che,2009,64487251767.6800003052
che,2010,66985517153.8799972534
che,2011,67541575928.0100021362
che,2012,66971378476.0599975586
che,2013,69032848287.9199981689
che,2014,68449209604.2300033569
che,2015,72703478749.3000030518
che,2016,71892084069.6900024414
che,2017,77430439606.2700042725
che,2018,77717756756.7500000000
che,2019,79648753854.0299987793
tjk,1998,76740000.0000000000
tjk,1999,107583000.0000000000
tjk,2000,151755000.0000000000
tjk,2001,235559000.0000000000
tjk,2003,546656000.0000000000
tjk,2004,720944000.0000000000
tza,2009,4645218000000.0000000000
tza,2010,4645218000000.0000000000
tza,2011,5570414000000.0000000000
tza,2012,7056632300000.0000000000
tza,2013,8292276200000.0000000000
tza,2014,10108947993000.0000000000
tza,2015,10739896618000.0000000000
tza,2016,13439851890000.0000000000
tza,2017,16128113420000.0000000000
tza,2018,17944886976497.8007812500
tha,2002,896864919686.2299804688
tha,2003,1106791588021.3701171875
tha,2004,1199918442950.3300781250
tha,2005,1413272691347.1101074219
tha,2006,1483274815755.5300292969
tha,2007,1555106678346.1999511719
tha,2008,1715900000000.0000000000
tha,2009,1573213240000.0000000000
tha,2010,1872782000000.0000000000
tha,2011,2109422966734.6499023438
tha,2012,2200365686334.1201171875
tha,2013,2514949708514.8901367188
tha,2014,2433426278746.6899414062
tha,2015,2631217570104.1201171875
tha,2016,2693747251765.9501953125
tha,2017,2756546512525.9599609375
tha,2018,2958167031960.5898437500
tls,2010,2420227932.5300002098
tls,2011,3596738644.5199999809
tls,2012,3919856284.7100000381
tls,2013,3474200000.0000000000
tls,2014,2292737897.0000000000
tls,2015,1479276440.0000000000
tls,2016,774636993.0239999294
tls,2017,956109908.0244580507
tls,2018,1067575565.1100000143
tgo,2004,162298698352.0000000000
tgo,2005,163461638324.0000000000
tgo,2006,183278457382.0000000000
tgo,2007,203289295353.0000000000
tgo,2008,220556834558.0000000000
tgo,2009,253157094869.0000000000
tgo,2010,296987206314.0000000000
tgo,2011,316630000000.0000000000
tgo,2012,357903977276.7399902344
tgo,2013,406048500000.0000000000
tgo,2014,451001696275.0000000000
tgo,2015,505119024779.0000000000
tgo,2016,528625088280.0000000000
tgo,2017,521784775731.6789550781
tgo,2018,604899483200.4329833984
tgo,2019,624492584493.8000488281
tto,1976,2340500000.0000000000
tto,1977,3037900000.0000000000
tto,1978,3153000000.0000000000
tto,1979,4118700000.0000000000
tto,1980,6463800000.0000000000
tto,1981,7200600000.0000000000
tto,1993,6721700000.0000000000
tto,1994,7505400000.0000000000
tto,1995,8455600000.0000000000
tto,1996,9536800000.0000000000
tto,1997,9125900000.0000000000
tto,1998,9945000000.0000000000
tto,1999,9998200000.0000000000
tto,2000,12133300000.0000000000
tto,2001,14146200000.0000000000
tto,2002,13825000000.0000000000
tto,2003,17346200000.0000000000
tto,2004,20878200000.0000000000
tto,2005,29638700000.0000000000
tto,2006,38906900000.0000000000
tto,2007,40034800000.0000000000
tun,1990,2825300000.0000000000
tun,1991,3009700000.0000000000
tun,1992,3466400000.0000000000
tun,1993,3843100000.0000000000
tun,1994,4085900000.0000000000
tun,1995,4211800000.0000000000
tun,1996,4557500000.0000000000
tun,1997,4860200000.0000000000
tun,1998,5382600000.0000000000
tun,1999,5826200000.0000000000
tur,2008,228502705635.7600097656
tur,2009,238129427109.5400085449
tur,2010,280414938726.3300170898
tur,2011,333693249474.1870117188
tur,2012,371006967753.7199707031
tur,2013,428408388944.8699951172
tur,2014,470489757066.6699829102
tur,2015,538453567061.5879516602
tur,2016,608149209829.2199707031
tur,2017,690880982383.5500488281
tur,2018,856666309397.8800048828
tur,2019,996570000000.0000000000
uga,2015,10602837009971.5996093750
uga,2016,12027236071186.4003906250
uga,2017,13419324376996.0000000000
uga,2018,15032291193928.1992187500
ukr,1999,18602100000.0000000000
ukr,2000,32688700000.0000000000
ukr,2001,34425700000.0000000000
ukr,2002,41748557300.0000000000
ukr,2003,51688549414.4499969482
ukr,2004,67476115155.6600036621
ukr,2005,102959300000.0000000000
ukr,2006,131237700000.0000000000
ukr,2007,159713100000.0000000000
ukr,2008,221760353000.0000000000
ukr,2009,200225700000.0000000000
ukr,2010,233097900000.0000000000
ukr,2011,310899220000.0000000000
ukr,2012,343257845000.0000000000
ukr,2013,335832442549.0000000000
ukr,2014,348695100000.0000000000
ukr,2015,520808600000.0000000000
ukr,2016,607810800000.0000000000
ukr,2017,785580000000.0000000000
ukr,2018,910795750560.6999511719
ukr,2019,988296900000.0000000000
are,2011,39663912502.8000030518
are,2012,40434466230.4199981689
are,2013,40576022240.0000000000
are,2014,40108850446.2699966431
are,2015,42407797087.6800003052
are,2016,47992255521.3199996948
are,2017,43811973094.4199981689
are,2018,47702278130.0599975586
are,2019,67018542397.4400024414
gbr,1972,21291000000.0000000000
gbr,1973,23129000000.0000000000
gbr,1974,29401000000.0000000000
gbr,1975,37605000000.0000000000
gbr,1976,44094000000.0000000000
gbr,1977,50030000000.0000000000
gbr,1978,54891000000.0000000000
gbr,1979,64147000000.0000000000
gbr,1980,81414000000.0000000000
gbr,1981,91383000000.0000000000
gbr,1982,106060000000.0000000000
gbr,1983,112212000000.0000000000
gbr,1984,120304000000.0000000000
gbr,1985,133447000000.0000000000
gbr,1986,139338000000.0000000000
gbr,1987,148688000000.0000000000
gbr,1988,165288000000.0000000000
gbr,1989,178680000000.0000000000
gbr,1990,200769000000.0000000000
gbr,1991,213926000000.0000000000
gbr,1992,218135000000.0000000000
gbr,1993,216530000000.0000000000
gbr,1994,235538000000.0000000000
gbr,1995,263067000000.0000000000
gbr,1996,278476000000.0000000000
gbr,1997,297064000000.0000000000
gbr,1998,323716000000.0000000000
gbr,1999,343776000000.0000000000
gbr,2000,370832000000.0000000000
gbr,2001,382484000000.0000000000
gbr,2002,387095000000.0000000000
gbr,2003,408501000000.0000000000
gbr,2004,444479000000.0000000000
gbr,2005,485485000000.0000000000
gbr,2006,507904000000.0000000000
gbr,2007,538414000000.0000000000
gbr,2008,566179000000.0000000000
gbr,2009,517124000000.0000000000
gbr,2010,550838000000.0000000000
gbr,2011,576459000000.0000000000
gbr,2012,583476000000.0000000000
gbr,2013,622539000000.0000000000
gbr,2014,636135000000.0000000000
gbr,2015,659263000000.0000000000
gbr,2016,695844000000.0000000000
gbr,2017,732823000000.0000000000
gbr,2018,757488000000.0000000000
usa,1989,680100000000.0000000000
usa,1990,698510000000.0000000000
usa,1991,712910000000.0000000000
usa,1992,728580000000.0000000000
usa,1993,798880000000.0000000000
usa,1994,855900000000.0000000000
usa,1995,934610000000.0000000000
usa,1996,1005050000000.0000000000
usa,1997,1110030000000.0000000000
usa,1998,1208780000000.0000000000
usa,1999,1276340000000.0000000000
usa,2000,1439250000000.0000000000
usa,2001,1341786400000.0000000000
usa,2002,1161685300000.0000000000
usa,2003,1159697500000.0000000000
usa,2004,1249228700000.0000000000
usa,2005,1484766300000.0000000000
usa,2006,1668381200000.0000000000
usa,2007,1753593500000.0000000000
usa,2008,1642539000000.0000000000
usa,2009,1318417900000.0000000000
usa,2010,1498535600000.0000000000
usa,2011,1691629900000.0000000000
usa,2012,1784825800000.0000000000
usa,2013,2075759500000.0000000000
usa,2014,2180088700000.0000000000
usa,2015,2287440400000.0000000000
usa,2016,2271428600000.0000000000
usa,2017,2526137900000.0000000000
usa,2018,2259460500000.0000000000
usa,2019,2338882400000.0000000000
ury,2001,51325774000.0000000000
ury,2002,55365073933.8399963379
ury,2003,67684647549.3779983521
ury,2004,82008360000.0000000000
ury,2005,88734042000.0000000000
ury,2006,101982433261.8990020752
ury,2007,115288526078.3769989014
ury,2008,131627844694.0459899902
ury,2009,146866322293.0419921875
ury,2010,169926233408.7219848633
ury,2011,193658037879.2460021973
ury,2012,211302300000.0000000000
ury,2013,247826895640.4310302734
ury,2014,271083200000.0000000000
ury,2015,292496874848.7810058594
ury,2016,406870992808.0900268555
ury,2017,370073458257.3590087891
ury,2018,407611464097.4120483398
uzb,2011,17449248700000.0000000000
uzb,2012,24056470284410.0000000000
uzb,2013,23501035705690.0000000000
uzb,2014,27246747629340.0000000000
uzb,2015,30919902913531.3984375000
uzb,2016,35677081898113.2968750000
uzb,2017,37667681985618.0000000000
uzb,2018,64638692719012.3984375000
uzb,2019,82909927997502.4062500000
vut,1990,4845300000.0000000000
vut,1995,6158000000.0000000000
vut,1996,6352000000.0000000000
vut,1997,6205000000.0000000000
vut,1998,6675000000.0000000000
vut,1999,6721000000.0000000000
vut,2009,12290000000.0000000000
vut,2010,12186300000.0000000000
vut,2011,13130900000.0000000000
vut,2012,13612412700.0000000000
vut,2013,14583374548.0000000000
vut,2014,15310376300.0000000000
vut,2015,16676012000.0000000000
vut,2016,19633649000.0000000000
vut,2017,22922200000.0000000000
vut,2018,30508118153.0000000000
pse,2005,351350787.9314569831
pse,2006,273032900.9381029606
pse,2007,284559772.1574450135
pse,2008,497960363.7513940334
pse,2009,426671380.7771529555
pse,2010,582660716.7916259766
pse,2011,581282012.3864619732
pse,2012,517701168.1527009606
pse,2013,632103472.6376429796
pse,2014,782980476.4215240479
pse,2015,755382689.9197280407
pse,2016,919567662.0033329725
pse,2017,1006700391.3682399988
pse,2018,3384614627.1132197380
zmb,1990,23130400.0000000000
zmb,1991,41505300.0000000000
zmb,1992,113488200.0000000000
zmb,1993,266212600.0000000000
zmb,1994,468256600.0000000000
zmb,1995,600678000.0000000000
zmb,1996,745100000.0000000000
zmb,1997,945300000.0000000000
zmb,1998,1097400000.0000000000
zmb,1999,1430200000.0000000000
zmb,2001,2580806747.4889998436
zmb,2002,2902680924.9940004349
zmb,2003,3557933022.0149998665
zmb,2004,4672374568.2150001526
zmb,2005,5651954391.3350000381
zmb,2006,6542300000.0000000000
zmb,2007,8566145947.8699998856
zmb,2008,10062920084.6590003967
zmb,2009,10214485323.9489994049
zmb,2010,13962721028.0100002289
zmb,2011,19919132000.0000000000
zmb,2012,21880518000.0000000000
zmb,2013,24570418000.0000000000
zmb,2014,29631250000.0000000000
zmb,2015,33550969000.0000000000
zmb,2016,39183831000.0000000000
zmb,2017,41496447560.6699981689
zmb,2018,53414019896.0000000000
zwe,2009,944426772.6900000572
zwe,2010,2336960466.1100001335
zwe,2011,2915262118.2600002289
zwe,2012,3490581979.0000000000
zwe,2015,3793672116.8800001144
zwe,2016,3533287488.0000000000
zwe,2017,3814076415.0000000000
zwe,2018,5650495250.0000000000
