economy,year,sl_uem_advn_fe_zs
ceb,1998,3.1908937509
ceb,1999,3.7862406701
ceb,2000,5.2389224848
ceb,2001,6.1108900631
ceb,2002,6.5143400194
ceb,2003,6.3067827045
ceb,2004,6.4739531357
ceb,2005,6.2735706784
ceb,2006,5.1608326066
ceb,2007,4.3098320056
ceb,2008,3.6786988591
ceb,2009,4.5020813862
ceb,2010,5.4050869580
ceb,2011,5.5982454348
ceb,2012,6.0725414358
ceb,2013,6.2918051475
ceb,2014,5.6231052578
ceb,2015,4.7495467232
ceb,2016,4.0032822064
ceb,2017,3.1702253500
ceb,2018,2.6166225174
ceb,2019,2.4032517034
ear,2005,13.7212137905
ear,2010,13.5592707832
ear,2012,14.1753547349
ear,2018,16.9613236681
emu,1998,10.7773154257
emu,1999,9.5738384491
emu,2000,8.2531719622
emu,2001,6.6354446427
emu,2002,6.9783052994
emu,2003,6.9518186186
emu,2004,7.0040038769
emu,2005,6.6362037054
emu,2006,5.9388970733
emu,2007,5.4093804852
emu,2008,5.3353054007
emu,2009,6.6576132976
emu,2010,7.5692717100
emu,2011,8.5013195788
emu,2012,10.3989242222
emu,2013,11.4396814298
emu,2014,10.8277643592
emu,2015,10.1182212452
emu,2016,9.2504962686
emu,2017,8.2633311550
emu,2018,7.5251723719
emu,2019,6.9895772313
ecs,1998,9.2376915931
ecs,2002,8.1352970834
ecs,2003,8.1676953354
ecs,2004,6.7066786280
ecs,2006,5.9374660074
ecs,2007,5.4854699835
ecs,2008,5.5886689659
ecs,2009,6.7396372723
ecs,2010,7.6339545886
ecs,2011,8.1435127097
ecs,2012,9.1484720985
ecs,2013,9.7371646886
ecs,2014,9.5973814358
ecs,2015,9.2983950193
ecs,2016,8.8708591676
ecs,2017,8.3440626401
ecs,2018,7.9429836855
ecs,2019,8.5476893239
eca,2009,8.3495541001
eca,2010,9.7731028019
eca,2011,9.5629801489
eca,2012,9.6197616335
eca,2013,9.7243485363
eca,2014,10.3875994296
eca,2015,10.6835280650
eca,2016,10.6119795106
eca,2017,10.4453095125
eca,2018,10.4436627799
tec,2006,6.8166444979
tec,2007,6.4719549821
tec,2008,6.7606668611
tec,2009,7.7577788053
tec,2010,8.9326242387
tec,2011,8.9101965593
tec,2012,9.0026367660
tec,2013,9.1163064922
tec,2014,9.5050189281
tec,2015,9.7293005940
tec,2016,9.7174549066
tec,2017,9.6043992995
tec,2018,9.6504447817
euu,1998,9.3411576680
euu,1999,8.3449890663
euu,2000,7.3883291242
euu,2001,6.4758947032
euu,2002,6.8276418529
euu,2003,6.7484805694
euu,2004,6.8257652883
euu,2005,6.5308266609
euu,2006,5.7529750304
euu,2007,5.1315776555
euu,2008,4.9764681934
euu,2009,6.1780102907
euu,2010,7.0075581807
euu,2011,7.8151744856
euu,2012,9.4586161234
euu,2013,10.3550862514
euu,2014,9.8066138929
euu,2015,9.1456290113
euu,2016,8.4124827679
euu,2017,7.5268542184
euu,2018,6.8870978453
euu,2019,6.4133683601
hic,1998,7.1394753252
hic,1999,6.4962024041
hic,2000,5.8506254397
hic,2001,5.1595419014
hic,2002,5.4083080340
hic,2003,5.4268629964
hic,2004,5.5434947741
hic,2005,5.2269667541
hic,2006,4.6191760629
hic,2007,4.2410280739
hic,2008,4.1342803208
hic,2009,5.7105026982
hic,2010,5.8877751177
hic,2011,6.4514066767
hic,2012,7.1846500733
hic,2013,7.6066626768
hic,2014,8.1294989424
hic,2015,6.7331925280
hic,2016,6.2579572571
hic,2017,5.7269532259
hic,2018,5.2994786502
hic,2019,5.0646877783
lcn,2002,6.4100457053
lcn,2003,6.5812572679
lcn,2004,5.1757718243
lcn,2005,5.3784567456
lcn,2006,5.0037853281
lcn,2007,4.9779969981
lcn,2008,4.7880352228
lcn,2009,6.3435477495
lcn,2011,6.1472573911
lcn,2012,5.9216904139
lcn,2013,4.7592073674
lcn,2014,4.5017516600
lcn,2015,6.5055393897
lcn,2016,7.3794962520
lcn,2017,7.7700223663
lcn,2018,7.6999802090
lcn,2019,7.8124854186
lac,2002,6.4344566095
lac,2003,6.6262394733
lac,2004,5.1502802913
lac,2005,5.3725901539
lac,2006,4.9412439331
lac,2007,4.8189920745
lac,2008,4.7881193372
lac,2009,6.3243893855
lac,2011,6.1551422199
lac,2012,5.9337925078
lac,2013,4.7718495274
lac,2014,4.5038675809
lac,2015,6.6130606959
lac,2016,7.4994738419
lac,2017,7.8385345563
lac,2018,7.7641845826
lac,2019,7.8883806621
tla,2002,6.4100457053
tla,2003,6.5817044278
tla,2004,5.1757718243
tla,2005,5.3784567456
tla,2006,5.0271609191
tla,2007,5.0022760333
tla,2008,4.8131542656
tla,2009,6.3679519326
tla,2011,6.1472573911
tla,2012,5.9216904139
tla,2013,4.7592073674
tla,2014,4.5017516600
tla,2015,6.5055393897
tla,2016,7.3794962520
tla,2017,7.7700223663
tla,2018,7.6999802090
tla,2019,7.8124854186
lmc,2010,17.7352788157
nac,1994,3.8040508981
nac,1995,3.6025763098
nac,1996,3.5271933971
nac,1997,3.1183707860
nac,1998,2.8210489584
nac,1999,2.6284809863
nac,2000,2.4823754815
nac,2001,2.9411903613
nac,2002,3.4403200735
nac,2003,3.5336337168
nac,2004,3.3388047958
nac,2005,3.0685776414
nac,2006,2.7915749527
nac,2007,2.7241935123
nac,2008,3.2304402236
nac,2009,5.0457578662
nac,2010,5.2807661271
nac,2011,5.1843668389
nac,2012,5.0107463575
nac,2013,4.5008980976
nac,2014,3.9453705887
nac,2015,3.3752070922
nac,2016,3.2453626210
nac,2017,3.0811204354
nac,2018,2.7864212954
nac,2019,2.6850593764
oed,1998,7.1705846912
oed,1999,6.4668868746
oed,2000,5.8004204331
oed,2001,5.1570725295
oed,2002,5.7600663478
oed,2003,5.8221860682
oed,2004,6.0833463915
oed,2005,5.5443753423
oed,2006,4.8168342586
oed,2007,4.5505059170
oed,2008,4.5114051655
oed,2009,6.3899549224
oed,2010,6.7014762305
oed,2011,7.1307793113
oed,2012,7.6692777656
oed,2013,8.0445305018
oed,2014,8.1498511168
oed,2015,7.5588405393
oed,2016,7.4116688360
oed,2017,7.1874606568
oed,2018,6.9301403839
oed,2019,7.3862533644
pst,1998,7.6212857207
pst,1999,6.8581440283
pst,2000,6.0091380890
pst,2001,5.0410381565
pst,2002,5.2575593371
pst,2003,5.2193957822
pst,2004,5.2728467333
pst,2005,4.9079895748
pst,2006,4.4164207603
pst,2007,4.1523998419
pst,2008,4.2423424965
pst,2009,5.4360153271
pst,2010,5.9919944291
pst,2011,6.5866526394
pst,2012,7.3751154886
pst,2013,7.8070132337
pst,2014,7.8953415565
pst,2015,7.1083738544
pst,2016,6.6540053039
pst,2017,6.0213402730
pst,2018,5.5367985254
pst,2019,5.2649100619
sas,1994,21.0876007080
sas,2000,21.1198997498
sas,2005,20.1697006226
sas,2010,15.8071725711
sas,2012,16.4377532457
sas,2018,23.4121212569
tsa,1994,21.0876007080
tsa,2000,21.1198997498
tsa,2005,20.1697006226
tsa,2010,15.8071725711
tsa,2012,16.4377532457
tsa,2018,23.4121212569
afg,2017,30.4887008667
alb,2007,15.3052997589
alb,2008,15.3816995621
alb,2009,18.5335998535
alb,2010,14.3870000839
alb,2011,18.6825008392
alb,2012,19.2094001770
alb,2013,16.2161998749
alb,2014,18.6019992828
alb,2015,21.6117992401
alb,2016,17.7080993652
alb,2017,14.0352001190
alb,2018,15.1442003250
alb,2019,15.8269996643
dza,2004,35.4300003052
ago,2004,25.6158008575
ago,2009,5.5763001442
ago,2011,20.8078002930
arg,2002,14.5000000000
arg,2003,13.6899995804
arg,2004,6.7491002083
arg,2005,5.6552000046
arg,2006,4.3916997910
arg,2008,4.4292998314
arg,2009,4.6261000633
arg,2010,3.5257000923
arg,2011,3.7639000416
arg,2012,3.8013999462
arg,2013,3.8907001019
arg,2014,3.9175000191
arg,2017,3.9714999199
arg,2018,4.2012000084
arg,2019,4.3951001167
arm,2007,31.4400005341
arm,2008,21.2856006622
arm,2009,20.6532993317
arm,2010,22.9153003693
arm,2011,21.4249992371
arm,2012,20.0874996185
arm,2013,20.3911991119
arm,2014,19.8432006836
arm,2015,20.4122009277
arm,2016,17.6805992126
arm,2017,17.9139003754
arm,2018,22.9958992004
aus,1995,2.8699998856
aus,1997,4.5700001717
aus,1998,3.8299999237
aus,2000,3.4100000858
aus,2001,3.2599999905
aus,2002,3.4200000763
aus,2003,3.3399999142
aus,2004,3.1199998856
aus,2005,2.9900000095
aus,2006,2.4700000286
aus,2007,2.6700000763
aus,2008,2.5399999619
aus,2009,3.3099999428
aus,2010,2.9600000381
aus,2011,3.4300000668
aus,2012,3.4100000858
aus,2013,3.2599999905
aut,1994,2.1900000572
aut,1999,1.8257999420
aut,2000,2.4774999619
aut,2001,2.3526999950
aut,2002,1.8667999506
aut,2003,2.3559999466
aut,2004,3.2932999134
aut,2005,3.3048999310
aut,2006,3.6184999943
aut,2007,3.3771998882
aut,2008,2.1482999325
aut,2009,3.2581999302
aut,2010,2.8280999660
aut,2011,3.1566998959
aut,2012,2.8132998943
aut,2013,4.1795997620
aut,2014,4.1701002121
aut,2015,3.7272000313
aut,2016,3.3736999035
aut,2017,3.2307000160
aut,2018,3.3422000408
aut,2019,3.3747999668
aze,2007,3.6300001144
aze,2008,1.3600000143
aze,2009,8.3500003815
aze,2010,10.3699998856
aze,2011,7.7699999809
aze,2012,6.8400001526
bhs,1994,9.1999998093
bgd,2006,10.4131002426
bgd,2010,7.9320001602
bgd,2013,15.3443002701
bgd,2016,16.7800006866
bgd,2017,20.8255004883
brb,1997,3.6300001144
brb,2003,6.2100000381
blr,2016,3.0799999237
bel,1998,4.6173000336
bel,1999,4.5858998299
bel,2000,3.1373000145
bel,2001,3.4040999413
bel,2002,3.6454000473
bel,2003,3.6949000359
bel,2004,3.7795000076
bel,2005,4.5640001297
bel,2006,4.9544000626
bel,2007,3.8715999126
bel,2008,3.6858999729
bel,2009,4.6044998169
bel,2010,4.6347999573
bel,2011,3.8136999607
bel,2012,3.9159998894
bel,2013,5.1742000580
bel,2014,4.7153000832
bel,2015,4.3003997803
bel,2016,4.3899998665
bel,2017,4.6798000336
bel,2018,3.3313999176
bel,2019,3.0494999886
blz,2005,6.9600000381
blz,2012,10.1899995804
blz,2013,7.8933000565
blz,2014,7.7635002136
blz,2015,6.1989002228
blz,2016,7.0970001221
blz,2017,4.9482998848
ben,2011,16.1758003235
bmu,2000,1.8099999428
bmu,2009,1.6100000143
bmu,2010,2.4100000858
bmu,2012,5.3899998665
btn,2012,10.2399997711
btn,2013,29.2900009155
bol,1996,13.2500000000
bol,1997,8.7399997711
bol,2000,14.5900001526
bol,2005,8.0322999954
bol,2006,6.7838997841
bol,2007,12.2904996872
bol,2008,6.3485999107
bol,2009,6.4065999985
bol,2011,3.0190000534
bol,2012,5.0288000107
bol,2013,5.0195999146
bol,2014,3.3773999214
bol,2015,4.9170999527
bol,2016,7.4126000404
bol,2017,7.5369000435
bol,2018,6.5288000107
bih,2007,11.2980003357
bih,2008,14.9335002899
bih,2009,11.1072998047
bih,2010,18.3542995453
bih,2011,15.9677000046
bih,2012,22.5368003845
bih,2013,19.7236995697
bih,2014,24.5310001373
bih,2015,23.4290008545
bih,2016,27.3136005402
bih,2017,21.7609004974
bih,2018,17.0921993256
bih,2019,16.1944007874
bwa,2006,7.7912998199
bwa,2009,3.9367001057
bwa,2010,7.8699998856
bra,1995,3.0587000847
bra,1996,3.7859001160
bra,1997,3.7711999416
bra,1998,4.4763998985
bra,1999,5.1795001030
bra,2001,4.6814999580
bra,2002,3.8322999477
bra,2003,4.8580999374
bra,2004,4.1749000549
bra,2005,4.5398998260
bra,2006,4.6454000473
bra,2007,4.4376001358
bra,2008,4.6771998405
bra,2009,4.6104001999
bra,2011,4.3640999794
bra,2012,1.6588000059
bra,2013,2.2743999958
bra,2014,1.6141999960
bra,2015,5.7536997795
bra,2016,7.1300001144
bra,2017,8.0900001526
bra,2018,7.8582000732
bra,2019,7.8701000214
brn,2014,4.8951001167
brn,2017,8.2124996185
brn,2018,10.8840999603
brn,2019,7.5794000626
bgr,2000,6.4966998100
bgr,2001,9.1565999985
bgr,2002,8.7276000977
bgr,2003,7.3526000977
bgr,2004,6.2225999832
bgr,2005,4.2333002090
bgr,2006,4.1261000633
bgr,2007,2.4851999283
bgr,2008,2.5274000168
bgr,2009,3.0367999077
bgr,2010,4.5433001518
bgr,2011,4.9636001587
bgr,2012,5.5384998322
bgr,2013,6.3836002350
bgr,2014,4.8236999512
bgr,2015,3.8940999508
bgr,2016,3.2737998962
bgr,2017,2.8629000187
bgr,2018,2.2197999954
bgr,2019,1.9560999870
bfa,2014,17.9016990662
bfa,2018,9.2990999222
bdi,2014,23.2614002228
cpv,2015,21.2511997223
cpv,2017,12.3699998856
cpv,2018,6.9200000763
khm,2000,4.8319997787
khm,2007,2.6638998985
khm,2012,1.6499999762
khm,2014,1.3052999973
cmr,2007,16.5478992462
cmr,2014,20.0680999756
can,1990,5.5911002159
can,1991,6.8775000572
can,1992,7.0945000648
can,1993,7.7916998863
can,1994,7.3496999741
can,1995,6.7937002182
can,1996,7.1451001167
can,1997,6.5654997826
can,1998,5.6673998833
can,1999,5.2291002274
can,2000,4.6290001869
can,2001,5.0868000984
can,2002,5.2657999992
can,2003,5.4425997734
can,2004,5.1921000481
can,2005,4.9054999352
can,2006,4.5489997864
can,2007,4.2149000168
can,2008,4.2898001671
can,2009,5.2112998962
can,2010,5.5174999237
can,2011,5.3252000809
can,2012,5.2383999825
can,2013,4.9324998856
can,2014,4.8800997734
can,2015,4.8579998016
can,2016,4.9932999611
can,2017,4.7635998726
can,2018,4.4618000984
can,2019,4.1585001945
cym,2011,4.3800001144
cym,2012,4.7199997902
cym,2013,3.2699999809
cym,2014,3.4300000668
cym,2015,4.2500000000
chl,1998,4.5826001167
chl,2000,2.7614998817
chl,2003,5.0251998901
chl,2006,6.4000000954
chl,2007,8.4700002670
chl,2009,7.5164999962
chl,2010,7.1293001175
chl,2011,7.2122001648
chl,2012,6.8618001938
chl,2013,5.4264001846
chl,2014,5.3607001305
chl,2015,5.1255998611
chl,2016,5.2681999207
chl,2017,7.3475999832
chl,2018,7.3404002190
chl,2019,6.9678997993
col,2009,14.1700000763
col,2010,13.7531995773
col,2011,13.2129001617
col,2012,13.0585002899
col,2013,12.5103998184
col,2014,11.9341001511
col,2015,11.8207998276
col,2016,12.8327999115
col,2017,12.4525003433
col,2018,12.9507999420
col,2019,13.3629999161
com,2014,15.9111995697
cod,2005,15.7188997269
cod,2012,20.2770996094
cog,2005,31.3143997192
cri,1996,5.4800000191
cri,1997,4.0500001907
cri,1998,3.2000000477
cri,1999,3.8900001049
cri,2000,2.6600000858
cri,2001,4.5900001526
cri,2002,3.8900001049
cri,2003,3.4000000954
cri,2004,3.5399999619
cri,2005,5.9899997711
cri,2006,2.9300000668
cri,2007,2.6900000572
cri,2008,3.2599999905
cri,2010,5.2279000282
cri,2011,6.7003998756
cri,2012,7.2876000404
cri,2013,4.7259001732
cri,2014,6.2659001350
cri,2015,6.1838002205
cri,2016,6.3453998566
cri,2017,5.4001002312
cri,2018,6.0889000893
cri,2019,6.9906997681
civ,2012,37.7630996704
civ,2013,13.1800003052
civ,2016,18.3108997345
civ,2017,22.1965999603
hrv,2002,10.0074996948
hrv,2003,8.4781999588
hrv,2004,7.6616997719
hrv,2005,6.4601998329
hrv,2006,6.8920998573
hrv,2007,7.3997998238
hrv,2008,5.7059998512
hrv,2009,7.0166001320
hrv,2010,8.7776002884
hrv,2011,9.5874004364
hrv,2012,11.2481002808
hrv,2013,11.8690004349
hrv,2014,10.1918001175
hrv,2015,9.2941999435
hrv,2016,8.6196002960
hrv,2017,6.9697999954
hrv,2018,6.4928002357
hrv,2019,5.9022002220
cub,2006,0.5799999833
cub,2007,0.5000000000
cub,2008,0.4399999976
cub,2009,0.5799999833
cub,2010,1.4500000477
cyp,2000,3.6110999584
cyp,2001,4.0817999840
cyp,2002,3.0408000946
cyp,2003,4.6008000374
cyp,2004,3.9152998924
cyp,2005,5.5931000710
cyp,2006,5.2760000229
cyp,2007,4.2607002258
cyp,2008,3.3701999187
cyp,2009,5.3414998055
cyp,2010,6.6339001656
cyp,2011,7.6071000099
cyp,2012,11.4525003433
cyp,2013,14.3985004425
cyp,2014,14.0516996384
cyp,2015,13.7451000214
cyp,2016,11.5279998779
cyp,2017,10.6794996262
cyp,2018,7.9805002213
cyp,2019,7.4640002251
cze,1996,1.5299999714
cze,1997,1.9400000572
cze,1998,2.4637000561
cze,1999,3.7485001087
cze,2000,3.9769001007
cze,2001,3.2560000420
cze,2002,1.8248000145
cze,2003,2.3984999657
cze,2004,2.0720000267
cze,2005,2.7328000069
cze,2006,2.7464001179
cze,2007,1.6864999533
cze,2008,1.8170000315
cze,2009,2.3194000721
cze,2010,2.9484999180
cze,2011,3.2209000587
cze,2012,3.3880000114
cze,2013,3.3612999916
cze,2014,3.3673999310
cze,2015,2.7581000328
cze,2016,2.3373000622
cze,2017,1.7972999811
cze,2018,1.4340000153
cze,2019,1.1378999949
dnk,1998,3.6610999107
dnk,1999,3.5046000481
dnk,2000,2.5638000965
dnk,2001,3.2088999748
dnk,2002,3.5171000957
dnk,2003,5.1500000954
dnk,2004,3.6903998852
dnk,2005,3.8001999855
dnk,2006,3.7829000950
dnk,2007,3.1547999382
dnk,2008,2.2534000874
dnk,2009,3.4600000381
dnk,2010,4.4583001137
dnk,2011,5.3896999359
dnk,2012,5.2740998268
dnk,2013,4.7610001564
dnk,2014,5.0415000916
dnk,2015,4.9948000908
dnk,2016,4.6985998154
dnk,2017,4.7193999290
dnk,2018,4.5453000069
dnk,2019,4.1472997665
dom,2000,5.8717999458
dom,2001,6.2375001907
dom,2002,7.4848999977
dom,2003,5.9217000008
dom,2004,5.6750001907
dom,2005,5.6996002197
dom,2006,5.2708997726
dom,2007,4.2581000328
dom,2008,4.0517001152
dom,2009,3.4008998871
dom,2010,3.5350000858
dom,2011,5.1561999321
dom,2012,4.8724999428
dom,2013,5.0725998878
dom,2014,6.1241002083
dom,2015,6.6848001480
dom,2016,5.4717998505
dom,2017,5.6234998703
dom,2018,4.7174000740
dom,2019,6.7800998688
ecu,2000,5.7184000015
ecu,2001,5.2056999207
ecu,2002,10.6899995804
ecu,2003,5.5960998535
ecu,2004,5.3723998070
ecu,2005,5.1584000587
ecu,2006,4.6827998161
ecu,2007,5.2632999420
ecu,2008,5.4022998810
ecu,2009,7.9335999489
ecu,2010,5.9187998772
ecu,2011,4.9144001007
ecu,2012,4.6515002251
ecu,2013,4.2821998596
ecu,2014,5.0419001579
ecu,2015,5.7101998329
ecu,2016,7.2818999290
ecu,2017,6.8920001984
ecu,2018,6.0956001282
ecu,2019,5.9917998314
egy,2008,24.6847991943
egy,2009,29.7310009003
egy,2010,33.0413017273
egy,2011,31.8850002289
egy,2012,32.3270988464
egy,2013,34.1063995361
egy,2014,31.4559001923
egy,2015,32.7939987183
egy,2016,30.7803993225
egy,2017,31.1366004944
egy,2018,34.5884017944
slv,1996,2.9500000477
slv,2010,5.4749999046
slv,2011,4.2423000336
slv,2012,6.6357002258
slv,2013,4.8095998764
slv,2014,3.6580998898
slv,2015,5.0131998062
slv,2016,8.8579998016
slv,2017,5.6437001228
slv,2018,5.2877001762
est,1995,10.3800001144
est,1998,5.3042998314
est,1999,6.4383997917
est,2001,7.2637000084
est,2002,4.7627000809
est,2003,5.8088998795
est,2004,6.9829001427
est,2005,3.9674999714
est,2006,3.1740999222
est,2007,2.2392001152
est,2008,2.8599998951
est,2009,5.7958002090
est,2010,7.8024997711
est,2011,8.5819997787
est,2012,6.2185997963
est,2013,5.8696999550
est,2014,4.7455000877
est,2015,4.2189002037
est,2016,3.7388999462
est,2017,3.0030999184
est,2018,3.4189999104
est,2019,2.9372999668
swz,2016,12.8254003525
eth,1999,9.9579000473
eth,2005,13.9399995804
eth,2013,7.1219000816
fji,2011,7.0612001419
fji,2016,6.2582998276
fin,1998,7.3709001541
fin,1999,5.9966001511
fin,2000,6.0151000023
fin,2001,4.6536002159
fin,2002,4.1937999725
fin,2003,3.9981999397
fin,2004,5.4004998207
fin,2005,4.7729997635
fin,2006,4.0675997734
fin,2007,3.8394000530
fin,2008,3.6301000118
fin,2009,4.0875000954
fin,2010,4.2579002380
fin,2011,3.7125000954
fin,2012,3.4993000031
fin,2013,4.0616998672
fin,2014,4.5752000809
fin,2015,5.6620998383
fin,2016,5.6862001419
fin,2017,5.2537999153
fin,2018,4.2290000916
fin,2019,3.6991999149
fra,1998,8.3052997589
fra,1999,7.9232997894
fra,2000,6.1696000099
fra,2001,5.4477000237
fra,2002,5.4038000107
fra,2003,6.0302000046
fra,2004,6.6742000580
fra,2005,6.1112999916
fra,2006,5.5631999969
fra,2007,5.2638001442
fra,2008,4.5047998428
fra,2009,5.3151001930
fra,2010,5.2642998695
fra,2011,5.3464999199
fra,2012,5.4461002350
fra,2013,5.8880000114
fra,2014,6.2828998566
fra,2015,6.1009001732
fra,2016,5.8502998352
fra,2017,5.4428000450
fra,2018,5.4365000725
fra,2019,4.9061999321
gmb,2018,9.1688003540
geo,1999,9.7299995422
geo,2002,15.5600004196
geo,2011,24.2227001190
geo,2012,24.1749000549
geo,2013,21.3379001617
geo,2014,18.9209995270
geo,2015,17.0321998596
geo,2016,15.7026996613
geo,2017,14.6707000732
geo,2018,11.3867998123
deu,1998,6.6399998665
deu,1999,5.7509999275
deu,2000,5.1953001022
deu,2001,4.8652000427
deu,2002,4.7937002182
deu,2003,5.7114000320
deu,2004,5.8689999580
deu,2005,6.0191998482
deu,2006,5.2855000496
deu,2007,4.4664998055
deu,2008,3.9435000420
deu,2009,3.7205998898
deu,2010,3.2393000126
deu,2011,2.6600000858
deu,2012,2.5962998867
deu,2013,2.5906000137
deu,2014,2.7481999397
deu,2015,2.5399999619
deu,2016,2.2590999603
deu,2017,1.9812999964
deu,2018,1.9270000458
deu,2019,1.8409999609
gha,2006,4.8473000526
gha,2013,3.9075999260
gha,2015,5.8937001228
gha,2017,4.7596998215
grc,1998,11.1162996292
grc,1999,12.5825996399
grc,2000,11.9076004028
grc,2001,11.0263004303
grc,2002,10.5640001297
grc,2003,9.7069997787
grc,2004,11.8814001083
grc,2005,11.7277002335
grc,2006,10.3330001831
grc,2007,10.0711002350
grc,2008,8.3854999542
grc,2009,9.9428997040
grc,2010,12.9517002106
grc,2011,17.6987991333
grc,2012,22.1578006744
grc,2013,24.4860000610
grc,2014,23.0125999451
grc,2015,23.1427993774
grc,2016,22.2313995361
grc,2017,20.3955993652
grc,2018,18.4043006897
grc,2019,15.8641004562
gtm,2003,7.6364998817
gtm,2004,7.2852001190
gtm,2006,0.8759999871
gtm,2010,3.6533999443
gtm,2012,6.9010000229
gtm,2013,2.7269999981
gtm,2014,3.6245000362
gtm,2015,1.5295000076
gtm,2016,2.1821999550
gtm,2017,4.1475000381
gin,2002,17.0314006805
guy,2018,5.3921999931
hti,2012,30.6732006073
hnd,2005,6.0468997955
hnd,2006,5.6336998940
hnd,2007,4.0267000198
hnd,2008,4.5618000031
hnd,2009,4.6613001823
hnd,2010,7.2453999519
hnd,2011,5.8972997665
hnd,2012,5.3264999390
hnd,2013,8.0564002991
hnd,2014,8.8712997437
hnd,2015,10.0586996078
hnd,2016,6.1121001244
hnd,2017,10.6613998413
hnd,2018,9.3940000534
hkg,2002,3.1400001049
hkg,2004,2.6199998856
hkg,2005,2.7400000095
hkg,2006,2.2999999523
hkg,2007,2.4300000668
hkg,2008,2.1099998951
hkg,2009,3.2799999714
hkg,2010,2.9800000191
hkg,2011,2.2500000000
hkg,2012,2.1600000858
hkg,2013,2.1099998951
hkg,2014,2.1600000858
hkg,2015,2.4900000095
hkg,2016,2.3499999046
hun,1998,1.8288999796
hun,1999,1.0271999836
hun,2000,1.2779999971
hun,2001,1.3438999653
hun,2002,2.1910998821
hun,2003,1.4235999584
hun,2004,2.8368999958
hun,2005,3.0464999676
hun,2006,2.6573998928
hun,2007,3.1668000221
hun,2008,3.1082999706
hun,2009,4.0587000847
hun,2010,4.2955999374
hun,2011,4.3666000366
hun,2012,4.7076001167
hun,2013,4.2829999924
hun,2014,3.4342000484
hun,2015,2.6015000343
hun,2016,1.8307000399
hun,2017,1.8015999794
hun,2018,1.7075999975
hun,2019,1.5765000582
isl,1995,0.6499999762
isl,1996,1.3500000238
isl,1997,1.3600000143
isl,1998,1.2999999523
isl,2006,1.2815999985
isl,2007,1.1880999804
isl,2008,1.6763000488
isl,2009,3.3824000359
isl,2010,2.9869999886
isl,2011,4.0418000221
isl,2012,2.2939999104
isl,2013,4.0769000053
isl,2014,4.4959001541
isl,2015,3.2471001148
isl,2016,1.9172999859
isl,2017,1.5324000120
isl,2018,1.7043999434
isl,2019,2.2681000233
ind,1994,21.0876007080
ind,2000,21.1198997498
ind,2005,20.1697006226
ind,2010,16.7819995880
ind,2012,16.6089000702
ind,2018,24.6868991852
idn,1990,11.5975999832
idn,1991,13.5103998184
idn,1992,14.2898998260
idn,1993,16.2633991241
idn,1994,19.1102008820
idn,1996,19.0732994080
idn,1997,15.4716997147
idn,1998,16.3787002563
idn,1999,16.3034992218
idn,2000,14.2305002213
idn,2001,16.6644992828
idn,2002,14.0626001358
idn,2003,16.7572002411
idn,2004,17.9426002502
idn,2005,15.7263002396
idn,2006,13.2312002182
idn,2007,17.2098999023
idn,2008,15.4834995270
idn,2009,11.3690996170
idn,2010,11.5537004471
idn,2011,9.6770000458
idn,2012,7.0313000679
idn,2013,5.8527002335
idn,2014,5.3994998932
idn,2015,6.2392001152
idn,2016,5.4468002319
idn,2017,4.5536999702
idn,2018,6.0409998894
idn,2019,4.7357997894
irn,2016,30.9899997711
irq,2007,10.0600996017
irq,2012,17.1784992218
irl,1998,4.0399999619
irl,1999,2.5006999969
irl,2000,1.9634000063
irl,2001,1.7704000473
irl,2002,1.8366999626
irl,2003,2.4772999287
irl,2004,2.3515000343
irl,2005,2.4800000191
irl,2006,2.5766000748
irl,2007,3.0248000622
irl,2008,3.8966000080
irl,2009,7.0822000504
irl,2010,7.7667999268
irl,2011,8.0638999939
irl,2012,7.9120998383
irl,2013,7.7035999298
irl,2014,7.0785999298
irl,2015,5.8612999916
irl,2016,4.9821000099
irl,2017,4.1621999741
irl,2018,3.8708999157
irl,2019,3.2139999866
isr,1996,5.4699997902
isr,1998,6.7100000381
isr,1999,6.6900000572
isr,2000,5.6199998856
isr,2001,6.0300002098
isr,2002,6.8800001144
isr,2003,7.3099999428
isr,2004,6.7300000191
isr,2005,5.7100000381
isr,2006,4.6199998856
isr,2007,4.3899998665
isr,2008,3.9000000954
isr,2009,5.3899998665
isr,2010,4.6300001144
isr,2011,4.3400001526
isr,2012,4.1206002235
isr,2013,3.8745000362
isr,2014,3.7646999359
isr,2015,3.7039000988
isr,2016,2.8682000637
isr,2017,2.7311000824
ita,1998,9.8997001648
ita,1999,9.7610998154
ita,2000,8.5690002441
ita,2001,7.4707999229
ita,2002,7.6181998253
ita,2003,7.5352001190
ita,2004,6.4609999657
ita,2005,7.6881999969
ita,2006,6.4746999741
ita,2007,5.5899000168
ita,2008,5.7392997742
ita,2009,6.6704001427
ita,2010,6.8470997810
ita,2011,6.5665998459
ita,2012,7.7642002106
ita,2013,8.6092996597
ita,2014,9.1920003891
ita,2015,8.4959001541
ita,2016,8.0297002792
ita,2017,7.4600000381
ita,2018,7.0241999626
ita,2019,6.5679001808
jpn,2002,4.8299999237
jpn,2003,4.4899997711
jpn,2005,3.9900000095
jpn,2006,3.2699999809
jpn,2007,3.4600000381
jpn,2008,3.5099999905
jpn,2009,4.0100002289
jpn,2010,3.9300000668
jpn,2012,3.5000000000
jpn,2013,3.3299999237
jpn,2015,2.6300001144
jpn,2016,2.5499999523
jpn,2017,2.3199999332
jpn,2018,2.5099999905
kaz,2009,5.7199997902
kaz,2010,4.9800000191
kaz,2011,4.6700000763
kaz,2012,4.7199997902
kaz,2013,4.0900001526
kaz,2017,3.7300000191
ken,1999,25.5732002258
ken,2006,13.8094997406
ken,2016,10.0307998657
kir,2015,1.9891999960
kor,1991,4.4699997902
kor,1992,4.6500000954
kor,1993,4.7800002098
kor,1994,4.2800002098
kor,1995,1.6000000238
kor,1996,1.4500000477
kor,1997,1.8700000048
kor,1998,3.0699999332
kor,1999,2.5199999809
kor,2015,4.5016999245
kor,2016,4.5297999382
kor,2017,4.4425001144
kor,2018,4.4169001579
kor,2019,4.1451997757
xkx,2012,24.3766002655
xkx,2014,27.0599994659
xkx,2015,27.9599990845
xkx,2016,8.1899995804
xkx,2019,31.8318996429
kgz,2004,5.5599999428
kgz,2005,65.0899963379
kgz,2006,40.4599990845
kgz,2011,6.5900001526
kgz,2012,5.5500001907
kgz,2013,6.7300000191
lao,2010,2.3334999084
lao,2017,7.2383999825
lva,1998,6.7316999435
lva,1999,5.3274002075
lva,2000,7.2793002129
lva,2001,5.4272999763
lva,2002,6.6848001480
lva,2003,6.8118000031
lva,2004,4.0195999146
lva,2005,4.8196997643
lva,2006,4.3800997734
lva,2007,3.6802000999
lva,2008,4.4176998138
lva,2009,7.5956997871
lva,2010,10.1312999725
lva,2011,6.4615001678
lva,2012,5.8709001541
lva,2013,6.2649002075
lva,2014,5.8772001266
lva,2015,5.3696999550
lva,2016,4.0742998123
lva,2017,3.9042000771
lva,2018,3.2976000309
lva,2019,3.2672998905
lbn,2007,11.3900003433
lbr,2010,5.0282001495
lbr,2016,9.5743999481
ltu,1997,2.5499999523
ltu,1998,7.5687999725
ltu,1999,9.5423002243
ltu,2000,8.1492996216
ltu,2001,5.5538997650
ltu,2002,7.1168999672
ltu,2003,6.1623997688
ltu,2004,6.7223000526
ltu,2005,3.9616000652
ltu,2006,2.6036000252
ltu,2007,2.1709001064
ltu,2008,3.0153000355
ltu,2009,4.4239997864
ltu,2010,6.8701000214
ltu,2011,5.1479997635
ltu,2012,5.1634998322
ltu,2013,5.2501997948
ltu,2014,4.2919001579
ltu,2015,3.9419000149
ltu,2016,2.8089001179
ltu,2017,2.7620999813
ltu,2018,2.6933999062
ltu,2019,2.6103000641
lux,1999,1.6769000292
lux,2000,2.0109000206
lux,2001,1.8399000168
lux,2002,1.5642999411
lux,2003,5.3941998482
lux,2004,5.4116997719
lux,2005,4.2348999977
lux,2006,3.8987998962
lux,2007,3.8805999756
lux,2008,3.4707000256
lux,2009,4.8798999786
lux,2010,4.6876001358
lux,2011,4.6090002060
lux,2012,4.4351000786
lux,2013,4.1545000076
lux,2014,3.8361001015
lux,2015,5.1704001427
lux,2016,3.6949000359
lux,2017,4.1599998474
lux,2018,4.3618998528
lux,2019,3.5280001163
mac,1996,1.2699999809
mac,1997,3.6600000858
mac,1998,3.2300000191
mac,1999,3.5099999905
mac,2000,3.1700000763
mac,2001,2.4000000954
mac,2002,1.4600000381
mac,2003,3.0299999714
mac,2005,2.0199999809
mac,2006,2.6099998951
mac,2007,1.7500000000
mac,2008,2.6199998856
mac,2009,1.7899999619
mac,2010,1.6100000143
mac,2011,1.9299999475
mac,2012,1.6399999857
mac,2013,1.2400000095
mac,2014,1.6100000143
mac,2015,1.7999999523
mac,2016,1.2000000477
mdg,2003,10.6800003052
mdg,2005,10.6499996185
mdg,2012,3.0039999485
mdg,2015,9.8594999313
mwi,2013,13.0815000534
mwi,2017,18.3561992645
mys,2008,4.3600001335
mys,2009,3.4400000572
mys,2010,3.7400000095
mys,2015,4.0399999619
mys,2016,4.4600000381
mdv,2009,18.0123996735
mdv,2016,4.4872999191
mli,2013,14.5074996948
mli,2014,30.4174995422
mli,2015,23.9652004242
mli,2016,32.7621002197
mli,2017,37.7780990601
mli,2018,33.6654014587
mlt,2002,4.0777001381
mlt,2003,2.8805000782
mlt,2006,2.9637999535
mlt,2007,2.5190999508
mlt,2008,1.4219000340
mlt,2009,3.0527000427
mlt,2010,1.8789999485
mlt,2011,2.2116000652
mlt,2012,2.5285000801
mlt,2013,2.4844000340
mlt,2014,2.7576000690
mlt,2015,2.7402000427
mlt,2016,2.2244000435
mlt,2017,2.1026999950
mlt,2018,2.0948998928
mlt,2019,2.3801999092
mrt,2012,38.5168991089
mrt,2017,25.5962009430
mus,2001,13.2096996307
mus,2002,11.1319999695
mus,2003,4.7983999252
mus,2004,6.4545001984
mus,2005,9.0696001053
mus,2006,5.0651998520
mus,2007,6.1654000282
mus,2008,2.9811999798
mus,2009,4.6971998215
mus,2010,6.3854999542
mus,2012,9.3142995834
mus,2013,8.7197999954
mus,2014,10.1370000839
mus,2015,10.7225999832
mus,2016,10.2112998962
mus,2017,8.5601997375
mus,2018,9.0437002182
mex,1995,6.9899997711
mex,1996,8.3599996567
mex,1997,5.7600002289
mex,1998,5.9499998093
mex,1999,3.4400000572
mex,2000,2.8499999046
mex,2001,4.3000001907
mex,2002,5.1350002289
mex,2003,5.9611001015
mex,2004,6.6669001579
mex,2005,4.3317999840
mex,2006,4.4935002327
mex,2007,4.7891998291
mex,2008,4.4285998344
mex,2009,5.0914001465
mex,2010,5.7479000092
mex,2011,5.3699002266
mex,2012,5.1658000946
mex,2013,5.3558001518
mex,2014,5.4112000465
mex,2015,5.1626000404
mex,2016,4.8979997635
mex,2017,4.5185999870
mex,2018,4.3901000023
mex,2019,4.5500001907
fsm,2014,9.0079002380
mda,2010,5.9372000694
mda,2011,5.6382999420
mda,2012,4.3373999596
mda,2013,4.0075998306
mda,2014,3.2506000996
mda,2015,3.1886000633
mda,2016,3.8096001148
mda,2017,3.0927999020
mda,2018,3.4749000072
mda,2019,2.7170000076
mng,2008,4.6079001427
mng,2009,7.8358998299
mng,2010,6.3664999008
mng,2011,4.5686001778
mng,2012,3.8510999680
mng,2013,5.8502998352
mng,2014,4.5103998184
mng,2015,5.3295001984
mng,2016,6.0093998909
mng,2017,7.0487999916
mng,2018,4.8923997879
mng,2019,6.5394001007
mne,2011,13.5657997131
mne,2012,11.0128002167
mne,2013,9.3791999817
mne,2014,9.8607997894
mne,2015,10.6407003403
mne,2016,11.3625001907
mne,2017,11.3021001816
mne,2018,9.7469997406
mne,2019,9.8141002655
mar,1995,40.8699989319
mar,2002,38.8100013733
mar,2003,41.3199996948
moz,2015,12.9507999420
mmr,2015,4.7498998642
mmr,2017,3.1626000404
mmr,2018,2.0897998810
mmr,2019,0.8837000132
nam,2012,2.5710999966
nam,2013,5.2508001328
nam,2014,7.2381000519
nam,2016,12.7110996246
nam,2018,13.3009004593
npl,2008,5.9028000832
npl,2017,7.7930998802
nld,1995,5.7500000000
nld,1998,2.9138000011
nld,1999,2.0539999008
nld,2000,2.1357998848
nld,2001,1.6088999510
nld,2002,1.6809999943
nld,2003,2.0171999931
nld,2004,2.5869998932
nld,2005,4.2087998390
nld,2006,3.4956998825
nld,2007,2.9403998852
nld,2008,2.6926999092
nld,2009,3.1884000301
nld,2010,3.4879000187
nld,2011,3.4093000889
nld,2012,3.7325000763
nld,2013,4.2880997658
nld,2014,4.2821002007
nld,2015,4.1012997627
nld,2016,3.7788999081
nld,2017,2.9911000729
nld,2018,2.4897000790
nld,2019,2.2607998848
nzl,1995,1.9099999666
nzl,1997,1.4500000477
nzl,1999,1.7400000095
nzl,2000,2.0499999523
nzl,2001,2.2000000477
nzl,2002,2.3099999428
nzl,2004,4.6300001144
nzl,2005,3.7200000286
nzl,2006,3.1600000858
nzl,2007,2.8399999142
nzl,2008,3.0999999046
nzl,2009,4.1100001335
nzl,2010,4.5599999428
nzl,2011,4.4200000763
nzl,2012,4.9600000381
nzl,2013,4.2300000191
nic,1995,10.6199998856
nic,2012,7.5626997948
nic,2014,8.6351995468
ner,2017,10.9365997314
nga,2016,18.2532005310
nga,2019,16.6854991913
mkd,2006,22.9438991547
mkd,2007,23.2315006256
mkd,2008,23.7138996124
mkd,2009,24.8069992065
mkd,2010,24.7985992432
mkd,2011,26.2581996918
mkd,2012,26.0298995972
mkd,2013,26.7427997589
mkd,2014,24.6343002319
mkd,2015,22.5473003387
mkd,2016,20.9612998962
mkd,2017,21.6555004120
mkd,2018,20.1154003143
mkd,2019,15.0359001160
nor,1998,2.8800001144
nor,1999,2.0766000748
nor,2000,2.1681001186
nor,2001,2.1461999416
nor,2002,2.4979000092
nor,2003,2.8778998852
nor,2004,2.9784998894
nor,2005,2.4593999386
nor,2006,1.7400000095
nor,2007,1.4986000061
nor,2008,1.3454999924
nor,2009,1.6636999846
nor,2010,1.8539999723
nor,2011,1.7540999651
nor,2012,1.3581000566
nor,2013,1.8803000450
nor,2014,2.3640000820
nor,2015,2.4934000969
nor,2016,2.6154000759
nor,2017,2.1387999058
nor,2018,2.1366000175
nor,2019,2.0348999500
omn,1996,2.9600000381
pak,2002,20.6800003052
pak,2004,20.2199993134
pak,2006,2.7267000675
pak,2007,1.6940000057
pak,2008,3.5178000927
pak,2009,1.9594999552
pak,2010,4.3119001389
pak,2011,3.7212998867
pak,2013,17.4288005829
pak,2014,16.5888996124
pak,2015,40.1874008179
pak,2018,13.3459997177
plw,2000,2.3849000931
pan,2003,16.9099998474
pan,2004,16.2700004578
pan,2005,14.5900001526
pan,2006,11.0500001907
pan,2007,7.9000000954
pan,2008,6.7899999619
pan,2010,3.9560999870
pan,2011,1.6869000196
pan,2012,1.8795000315
pan,2013,1.4530999660
pan,2014,2.6946001053
pan,2015,1.9416999817
pan,2016,3.2852001190
pan,2017,2.6101999283
pan,2018,3.0483999252
pan,2019,4.1173000336
png,2010,1.7426999807
pry,2002,5.7831001282
pry,2003,6.5699000359
pry,2004,5.9937000275
pry,2005,5.7137999535
pry,2006,3.9433999062
pry,2007,2.4079999924
pry,2008,3.9877998829
pry,2009,3.8271000385
pry,2010,2.7653999329
pry,2011,2.5021998882
pry,2012,3.6644001007
pry,2013,3.3197000027
pry,2014,3.9398000240
pry,2015,3.2932000160
pry,2016,4.4798998833
pry,2017,3.0246000290
per,1997,8.6700000763
per,1998,9.5799999237
per,1999,11.1400003433
per,2000,8.6300001144
per,2001,9.5600004196
per,2002,7.3770999908
per,2003,6.0088000298
per,2004,8.2749996185
per,2005,7.8842000961
per,2006,6.2277002335
per,2007,5.5054001808
per,2008,5.7697000504
per,2009,4.0367999077
per,2010,5.2961001396
per,2011,4.3586997986
per,2012,3.2934000492
per,2013,4.0809998512
per,2014,3.7490000725
per,2015,3.9031999111
per,2016,4.1192002296
per,2017,4.3902001381
per,2018,5.1676001549
per,2019,3.7885000706
phl,2004,14.4700002670
phl,2006,10.0000000000
phl,2007,9.0500001907
phl,2008,9.5000000000
phl,2009,9.8299999237
phl,2010,9.3199996948
phl,2011,8.8999996185
phl,2012,8.0799999237
phl,2014,8.1499996185
phl,2015,7.2800002098
phl,2016,6.5100002289
pol,1994,5.9600000381
pol,1995,4.9200000763
pol,1996,5.1500000954
pol,1998,2.4869000912
pol,1999,3.5027999878
pol,2000,5.8970999718
pol,2001,6.8906998634
pol,2002,7.4398999214
pol,2003,7.6946001053
pol,2004,8.1212997437
pol,2005,7.9904999733
pol,2006,6.3994998932
pol,2007,5.2537999153
pol,2008,4.2283000946
pol,2009,4.7223000526
pol,2010,5.3257999420
pol,2011,5.8253002167
pol,2012,6.2221999168
pol,2013,6.3566999435
pol,2014,5.3017001152
pol,2015,4.3263001442
pol,2016,3.5569000244
pol,2017,2.6380000114
pol,2018,1.9688999653
pol,2019,2.1561999321
prt,1998,3.1737000942
prt,1999,3.1414000988
prt,2000,2.9416999817
prt,2001,3.1647999287
prt,2002,5.2965998650
prt,2003,6.2273998260
prt,2004,4.4704999924
prt,2005,6.7154002190
prt,2006,7.2361001968
prt,2007,8.7056999207
prt,2008,8.0587997437
prt,2009,6.4741001129
prt,2010,7.6357998848
prt,2011,8.6296997070
prt,2012,11.9645996094
prt,2013,13.8853998184
prt,2014,11.1682996750
prt,2015,9.6272001266
prt,2016,8.5874004364
prt,2017,6.4650001526
prt,2018,5.5276999474
prt,2019,5.6244001389
qat,2013,1.8700000048
rou,1995,1.3700000048
rou,1996,1.8999999762
rou,1998,3.5940001011
rou,1999,3.0151998997
rou,2000,3.1117000580
rou,2001,4.2143998146
rou,2002,4.3080000877
rou,2003,2.8643999100
rou,2004,2.9632999897
rou,2005,4.2480998039
rou,2006,4.2734999657
rou,2007,3.1135001183
rou,2008,2.8656001091
rou,2009,4.3453998566
rou,2010,4.8611998558
rou,2011,5.1069002151
rou,2012,5.3956999779
rou,2013,5.6540999413
rou,2014,5.8912000656
rou,2015,4.3509001732
rou,2016,3.1561999321
rou,2017,2.0611999035
rou,2018,2.0236999989
rou,2019,1.5483000278
rus,1998,10.0699996948
rus,2002,12.3000001907
rus,2003,12.7200002670
rus,2004,5.1100001335
rus,2006,4.4899997711
rus,2007,3.7699999809
rus,2008,4.0500001907
rus,2009,5.2800002098
rus,2010,6.7824997902
rus,2011,6.0047998428
rus,2012,5.1065001488
rus,2013,5.1793999672
rus,2014,4.7262997627
rus,2015,5.2048997879
rus,2016,5.4025001526
rus,2017,4.9057998657
rus,2018,4.8081002235
rwa,2014,12.9639997482
rwa,2017,23.9137992859
rwa,2018,21.9570999146
wsm,2012,3.8136000633
wsm,2017,8.0668001175
smr,2009,10.3000001907
smr,2010,11.8800001144
smr,2016,10.9700002670
sau,2009,31.0599994659
sau,2014,31.1299991608
sen,2015,20.5039997101
srb,2008,9.7187004089
srb,2009,10.6801996231
srb,2010,12.8620996475
srb,2011,15.9624996185
srb,2012,17.8838005066
srb,2013,18.7793998718
srb,2014,16.8113994598
srb,2015,16.3887004852
srb,2016,14.7774000168
srb,2017,13.2559995651
srb,2018,12.2554998398
srb,2019,8.9355001450
syc,2014,3.0880000591
syc,2015,4.4388999939
syc,2016,3.5906000137
syc,2017,3.5157999992
syc,2018,2.6791999340
sle,2014,11.8717002869
sgp,1994,4.0100002289
sgp,1995,3.1500000954
sgp,1996,4.3800001144
sgp,1997,0.9599999785
sgp,1998,1.2000000477
sgp,2001,1.0900000334
sgp,2002,2.2000000477
sgp,2003,2.4100000858
sgp,2006,4.2800002098
sgp,2007,4.3200001717
sgp,2008,4.6599998474
sgp,2009,3.5299999714
sgp,2010,2.6600000858
sgp,2011,2.9900000095
sgp,2012,3.0899999142
sgp,2013,2.8699998856
sgp,2015,4.0500001907
sgp,2017,4.5999999046
svk,1994,1.0900000334
svk,1995,0.8700000048
svk,1997,0.9100000262
svk,1998,4.1933999062
svk,1999,4.3393998146
svk,2000,4.3210000992
svk,2001,4.3744001389
svk,2002,4.4531998634
svk,2003,5.0838999748
svk,2004,6.0253000259
svk,2005,5.6943998337
svk,2006,4.3186998367
svk,2007,5.1816000938
svk,2008,4.2670001984
svk,2009,4.6406002045
svk,2010,5.5116000175
svk,2011,6.5834999084
svk,2012,7.6233000755
svk,2013,8.1925001144
svk,2014,7.6610999107
svk,2015,6.9194002151
svk,2016,6.3281002045
svk,2017,4.9022998810
svk,2018,3.5694999695
svk,2019,2.7414999008
svn,1998,2.1951000690
svn,1999,2.9258999825
svn,2000,2.8863999844
svn,2001,2.2253000736
svn,2002,2.8896000385
svn,2003,3.6775999069
svn,2004,3.2076001167
svn,2005,3.1522998810
svn,2006,3.8373000622
svn,2007,3.8385999203
svn,2008,3.6259999275
svn,2009,3.3297998905
svn,2010,4.4418997765
svn,2011,4.9388999939
svn,2012,7.0735998154
svn,2013,7.0050001144
svn,2014,7.6073999405
svn,2015,6.6489000320
svn,2016,6.5023999214
svn,2017,5.9846000671
svn,2018,4.3516001701
svn,2019,3.6040000916
zaf,2000,6.6535000801
zaf,2001,8.2091999054
zaf,2002,8.8112001419
zaf,2003,6.5324997902
zaf,2004,4.7479000092
zaf,2005,3.4244999886
zaf,2006,2.8025000095
zaf,2007,4.7318000793
zaf,2008,6.8182001114
zaf,2009,6.8263998032
zaf,2010,7.6107001305
zaf,2011,6.8689999580
zaf,2013,8.4988002777
zaf,2014,9.6111001968
zaf,2015,9.5754995346
zaf,2016,11.2218999863
zaf,2017,14.5906000137
zaf,2018,13.1681995392
zaf,2019,15.0307998657
esp,1998,21.7105998993
esp,1999,18.3040008545
esp,2000,15.2917003632
esp,2001,10.8796997070
esp,2002,12.1773004532
esp,2003,10.6178998947
esp,2004,10.6688003540
esp,2005,8.1840000153
esp,2006,7.5282001495
esp,2007,6.4674000740
esp,2008,7.5451998711
esp,2009,10.4476995468
esp,2010,12.1479997635
esp,2011,13.5693998337
esp,2012,16.3297996521
esp,2013,17.5470008850
esp,2014,16.3040008545
esp,2015,14.9539003372
esp,2016,13.2112998962
esp,2017,11.5179996490
esp,2018,10.1527996063
esp,2019,9.7567996979
lka,2009,10.2700004578
lka,2010,16.3064002991
lka,2011,12.3971004486
lka,2012,10.7500000000
lka,2013,5.6209001541
lka,2014,5.5833997726
lka,2015,8.7538995743
lka,2016,8.7294998169
lka,2017,9.0460996628
lca,2017,18.4286003113
lca,2018,9.0747995377
lca,2019,11.6634998322
sdn,2011,48.9101982117
swe,1998,3.7890000343
swe,1999,2.9900999069
swe,2000,2.3078000546
swe,2001,2.1424000263
swe,2002,2.1061000824
swe,2003,2.4958999157
swe,2004,3.3317000866
swe,2005,4.0314998627
swe,2006,4.2231001854
swe,2007,3.3494999409
swe,2008,3.3197999001
swe,2009,4.0974998474
swe,2010,4.4119000435
swe,2011,3.9007000923
swe,2012,3.9186000824
swe,2013,4.1536998749
swe,2014,4.0004000664
swe,2015,3.8304998875
swe,2016,3.5114998817
swe,2017,3.5566000938
swe,2018,3.1830999851
swe,2019,3.3931999207
che,1991,1.6399999857
che,1992,3.7699999809
che,1993,3.9300000668
che,1994,5.5700001717
che,1995,2.7999999523
che,1998,5.4407000542
che,1999,3.4719998837
che,2000,2.0146999359
che,2001,3.1631999016
che,2002,2.6147000790
che,2003,3.2140998840
che,2004,3.4674999714
che,2005,3.8571000099
che,2006,3.1514999866
che,2007,2.9440999031
che,2008,2.4214000702
che,2009,3.4844999313
che,2010,3.5977001190
che,2011,3.8477001190
che,2012,3.5669999123
che,2013,3.8596999645
che,2014,3.6424000263
che,2015,3.7314000130
che,2016,3.6235001087
che,2017,4.6332001686
che,2018,4.2553000450
che,2019,4.0082998276
tjk,2009,6.1296000481
tza,2006,14.3467998505
tza,2011,4.0500001907
tza,2013,7.9099998474
tza,2014,8.4572000504
tha,2010,1.9373999834
tha,2011,1.8600000143
tha,2012,1.3999999762
tha,2013,0.9459999800
tha,2014,1.3327000141
tha,2015,1.4757000208
tha,2016,1.6368000507
tha,2017,1.7333999872
tha,2018,1.6991000175
tha,2019,1.6076999903
tls,2013,3.4881999493
tls,2016,9.2239999771
tgo,2006,15.5260000229
tgo,2011,10.7046003342
tgo,2015,12.0642004013
tgo,2017,18.5112991333
ton,2018,3.7832999229
tto,2010,1.9519000053
tto,2011,1.6876000166
tto,2012,2.1705000401
tto,2013,2.4094998837
tto,2014,1.8195999861
tto,2015,2.1157999039
tto,2016,2.3364999294
tun,1994,5.0199999809
tun,1997,9.9799995422
tun,2005,20.9680004120
tun,2006,25.4888992310
tun,2007,26.3603000641
tun,2008,28.9178009033
tun,2009,30.8276004791
tun,2010,32.3665008545
tun,2011,41.8186988831
tun,2012,39.1048011780
tun,2013,42.0041007996
tun,2015,37.3566017151
tur,2002,15.1400003433
tur,2003,15.2899999619
tur,2004,16.9599990845
tur,2005,14.2100000381
tur,2006,10.7950000763
tur,2007,11.9210996628
tur,2008,12.5763998032
tur,2009,14.3971996307
tur,2010,14.1305999756
tur,2011,13.6674003601
tur,2012,13.0376996994
tur,2013,13.3959999084
tur,2014,15.1550998688
tur,2015,15.9814996719
tur,2016,16.6196002960
tur,2017,17.9130001068
tur,2018,16.8045997620
tur,2019,18.2555007935
uga,2012,14.6328001022
ukr,2011,6.5199999809
ukr,2012,6.1199998856
ukr,2013,6.4000000954
ukr,2014,6.7199997902
ukr,2015,7.6599998474
ukr,2016,7.0399999619
ukr,2017,6.7600002289
ukr,2018,6.8092999458
are,1995,3.6600000858
are,2005,9.4899997711
are,2017,9.4678001404
are,2018,9.0727996826
gbr,1998,3.4600000381
gbr,1999,2.4851000309
gbr,2000,2.1900999546
gbr,2001,1.9991999865
gbr,2002,2.1054000854
gbr,2003,1.9589999914
gbr,2004,2.0083000660
gbr,2005,2.2973001003
gbr,2006,2.6147000790
gbr,2007,2.3687000275
gbr,2008,2.7107000351
gbr,2009,3.4191000462
gbr,2010,3.6524000168
gbr,2011,4.1510000229
gbr,2012,4.2625999451
gbr,2013,3.6691999435
gbr,2014,3.1814999580
gbr,2015,2.9386000633
gbr,2016,3.0806000233
gbr,2017,2.9145998955
gbr,2018,2.4856998920
gbr,2019,2.3910999298
usa,1994,3.1744000912
usa,1995,3.0425000191
usa,1996,2.8592998981
usa,1997,2.4618000984
usa,1998,2.2830998898
usa,1999,2.1480998993
usa,2000,2.0945000648
usa,2001,2.5871999264
usa,2002,3.1735999584
usa,2003,3.2499001026
usa,2004,3.0597000122
usa,2005,2.7938001156
usa,2006,2.5169999599
usa,2007,2.4990000725
usa,2008,3.0973999500
usa,2009,5.0282998085
usa,2010,5.2562999725
usa,2011,5.1698999405
usa,2012,4.9861998558
usa,2013,4.4499998093
usa,2014,3.8213000298
usa,2015,3.1489000320
usa,2016,2.9588000774
usa,2017,2.7931001186
usa,2018,2.4832000732
usa,2019,2.4112000465
ury,1998,7.2396998405
ury,1999,7.8509998322
ury,2000,9.8634004593
ury,2001,4.8482999802
ury,2002,5.2859997749
ury,2003,5.5597000122
ury,2004,4.1406002045
ury,2005,3.4309000969
ury,2006,3.5280001163
ury,2007,3.1703999043
ury,2008,4.0826997757
ury,2009,2.3540000916
ury,2010,1.8385000229
ury,2011,2.0011999607
ury,2012,2.2156999111
ury,2013,2.0171999931
ury,2014,1.8896000385
ury,2015,2.4776999950
ury,2016,2.5850999355
ury,2017,2.4040999413
ury,2018,3.0608000755
ury,2019,3.3108000755
ven,2005,11.6140003204
ven,2006,9.8250999451
ven,2007,8.8699998856
ven,2008,7.5120000839
ven,2009,7.2428998947
ven,2010,8.7472000122
ven,2011,9.4904003143
ven,2012,8.9898996353
vnm,2010,2.6545000076
vnm,2011,2.9028000832
vnm,2012,3.0961999893
vnm,2013,4.1694998741
vnm,2014,4.4050002098
vnm,2015,5.0595998764
vnm,2016,5.0641999245
vnm,2017,4.4541997910
vnm,2018,2.3113000393
vnm,2019,2.7964000702
pse,2000,16.3255996704
pse,2001,20.6508007050
pse,2002,19.3568992615
pse,2003,25.3448009491
pse,2004,25.2656002045
pse,2005,28.0956001282
pse,2006,24.6678009033
pse,2007,28.6758003235
pse,2008,31.3621997833
pse,2009,30.3448009491
pse,2010,31.1511001587
pse,2011,32.3997993469
pse,2012,36.6575012207
pse,2013,39.0470008850
pse,2014,38.6794013977
pse,2015,45.3385009766
pse,2016,47.8227005005
pse,2017,52.3194999695
pse,2018,49.6325988770
pse,2019,46.9418983459
yem,2010,33.2299995422
yem,2014,31.9235000610
zmb,2017,11.4565000534
zmb,2018,12.0141000748
zwe,2011,9.4231004715
zwe,2014,15.7655000687
