economy,year,sh_med_numw_p3
afe,2010,0.6356975885
afe,2017,0.9156768626
afw,2010,0.9734183252
afw,2017,1.1494481483
arb,2017,2.2405882187
css,2010,2.1132474929
css,2017,2.5476532477
ceb,1990,6.4764477648
ceb,2000,6.0406579342
ceb,2010,6.4331420823
ceb,2017,6.6136119928
ear,2000,1.6768310598
ear,2017,2.3750207935
eas,1990,1.2534395985
eas,2000,1.8788219147
eas,2017,3.6616168801
eap,1990,0.7930837045
eap,2000,1.1574646318
eap,2017,2.8773052413
tea,1990,0.7930837045
tea,2000,1.1574646318
tea,2017,2.8578593381
emu,2000,7.6694955669
emu,2010,8.8825984779
emu,2017,9.6286279034
ecs,2000,7.2073686338
ecs,2010,7.9705365997
ecs,2017,7.7595260410
eca,2010,6.6035022417
eca,2017,5.4102232781
tec,2010,6.4869541896
tec,2017,5.5703370403
euu,2000,7.3278998857
euu,2010,8.4148237633
euu,2017,9.0859728367
fcs,2010,1.4468803082
fcs,2017,1.4194249077
hpc,2010,0.5497218483
hpc,2017,0.8011609686
hic,2000,8.1133000832
hic,2010,9.7124651406
hic,2017,11.4286588880
ibd,1990,0.9198947903
ibd,2000,1.6828128943
ibd,2017,3.0688955544
ibt,2000,1.6698112156
ibt,2017,2.5905260623
idb,2010,1.5866686406
idb,2017,1.6696877749
idx,2010,0.6577777128
idx,2017,0.8971775309
ida,2010,0.9958150826
ida,2017,1.1508717121
lte,1990,1.1928520499
lte,2000,1.6066755426
lte,2017,3.5477540455
lcn,2000,2.8044406947
lcn,2017,4.5394828482
lac,2000,2.9105236165
lac,2017,4.3630740780
tla,2000,2.6751208088
tla,2017,4.4800643994
ldc,2010,0.5530290635
ldc,2017,0.7521846575
lmy,2000,1.6223470975
lmy,2017,2.5342944340
lic,2010,0.7998704860
lic,2017,0.9056866716
lmc,2017,2.2704747856
mea,2017,2.4944114636
mna,2017,1.9033866942
tmn,2017,1.9033866942
mic,1990,0.9228342192
mic,2000,1.6398442931
mic,2017,2.7164292314
nac,2000,9.5206778919
nac,2010,12.2688863918
nac,2017,15.2936467480
oed,2000,7.3463245631
oed,2010,8.9357096303
oed,2017,10.4242373284
oss,2010,3.0961406880
oss,2017,3.3094677031
pss,2000,2.0186815456
pss,2010,2.3303067203
pss,2017,3.0947906446
pst,2000,8.3588414949
pst,2010,10.1023184624
pst,2017,11.7777571759
pre,2010,0.8454881553
pre,2017,0.9538497830
sst,2010,2.8517575280
sst,2017,3.1473851347
sas,1990,0.3763494645
sas,2000,1.0788951076
sas,2017,1.9638529517
tsa,1990,0.3763494645
tsa,2000,1.0788951076
tsa,2017,1.9638529517
ssf,2010,0.7958343377
ssf,2017,1.0078575995
ssa,2010,0.7953659249
ssa,2017,1.0078575995
tss,2010,0.7958343377
tss,2017,1.0078575995
umc,1990,1.1334818149
umc,2000,1.6836540750
umc,2017,3.3034403780
wld,2000,3.0793695945
wld,2017,3.9615106901
afg,2005,0.5820000000
afg,2006,0.4400000000
afg,2007,0.4956000000
afg,2008,0.4971000000
afg,2009,0.6078000000
afg,2013,0.2495000000
afg,2014,0.1476000000
afg,2015,0.1299000000
afg,2016,0.1482000000
afg,2017,0.1755000000
afg,2018,0.4461000000
alb,1990,4.4993000000
alb,1993,4.9487000000
alb,1994,5.1514000000
alb,1995,4.5996000000
alb,1996,4.6097000000
alb,1997,4.6082000000
alb,1998,4.0923000000
alb,1999,4.0766000000
alb,2000,4.0170000000
alb,2001,3.8320000000
alb,2002,3.6690000000
alb,2003,3.6042000000
alb,2004,3.5866000000
alb,2005,3.6076000000
alb,2006,4.1613000000
alb,2007,4.2011000000
alb,2009,4.1894000000
alb,2010,4.0183000000
alb,2011,4.1761000000
alb,2012,4.4192000000
alb,2013,4.2892000000
alb,2016,3.6495000000
alb,2019,5.0880000000
dza,2002,2.1896000000
dza,2007,1.9293000000
dza,2016,2.2430000000
dza,2017,2.2228000000
dza,2018,1.5477000000
and,1995,2.4570000000
and,1997,2.7061000000
and,1998,2.9173000000
and,1999,3.1677000000
and,2000,3.3180000000
and,2001,3.1798000000
and,2002,3.1286000000
and,2003,2.9372000000
and,2004,2.9096000000
and,2005,3.3714000000
and,2006,3.1975000000
and,2007,3.3857000000
and,2009,3.6805000000
and,2015,4.0128000000
ago,1997,0.9163000000
ago,2004,0.9854000000
ago,2009,1.3144000000
ago,2013,0.0012000000
ago,2018,0.4075000000
atg,1999,3.1191000000
atg,2007,3.2976000000
atg,2013,4.6011000000
atg,2014,4.6868000000
atg,2015,4.5085000000
atg,2016,4.4868000000
atg,2017,4.4969000000
atg,2018,4.5171000000
arg,1992,2.0579000000
arg,1994,2.1510000000
arg,2016,2.5821000000
arg,2017,2.5996000000
arm,2000,5.9089000000
arm,2001,5.4519000000
arm,2002,5.1295000000
arm,2003,4.9382000000
arm,2004,4.8609000000
arm,2005,4.9884000000
arm,2006,5.1117000000
arm,2007,5.1419000000
arm,2008,5.1981000000
arm,2009,5.1799000000
arm,2010,5.2396000000
arm,2011,5.2988000000
arm,2012,5.2888000000
arm,2013,5.2009000000
arm,2014,5.1552000000
arm,2015,4.9535000000
arm,2016,4.5213000000
arm,2017,4.8516000000
arm,2018,4.3683000000
aus,2000,10.0871000000
aus,2001,10.5956000000
aus,2002,9.9917000000
aus,2003,9.9864000000
aus,2004,10.2374000000
aus,2005,9.7628000000
aus,2007,10.1586000000
aus,2008,10.2627000000
aus,2009,10.7496000000
aus,2010,10.4017000000
aus,2011,10.8124000000
aus,2012,10.1433000000
aus,2013,11.9398000000
aus,2014,12.1107000000
aus,2015,12.2016000000
aus,2016,12.4053000000
aus,2017,14.5413000000
aus,2018,12.8134000000
aus,2019,13.2416000000
aut,1990,4.0247000000
aut,1991,4.1562000000
aut,1992,4.3510000000
aut,1993,4.6025000000
aut,1994,4.9151000000
aut,1995,5.1019000000
aut,1996,5.2092000000
aut,1997,5.3303000000
aut,1998,5.4156000000
aut,1999,5.5684000000
aut,2000,5.6942000000
aut,2001,5.7417000000
aut,2002,5.8430000000
aut,2003,5.8487000000
aut,2004,6.0964000000
aut,2005,6.1789000000
aut,2006,6.3420000000
aut,2007,6.4122000000
aut,2008,6.5626000000
aut,2009,6.6734000000
aut,2010,6.7211000000
aut,2011,6.8065000000
aut,2012,6.8288000000
aut,2013,6.8740000000
aut,2014,6.9807000000
aut,2015,7.0138000000
aut,2016,7.0183000000
aut,2017,7.0899000000
aut,2018,7.0891000000
aze,1990,11.1770000000
aze,1991,11.2828000000
aze,1992,10.8643000000
aze,1993,10.9107000000
aze,1994,10.5421000000
aze,1995,10.1528000000
aze,1996,9.8660000000
aze,1997,9.4125000000
aze,1998,8.9810000000
aze,1999,8.8796000000
aze,2000,8.6612000000
aze,2001,8.5509000000
aze,2002,8.3524000000
aze,2003,8.2922000000
aze,2004,8.1916000000
aze,2005,8.2422000000
aze,2006,8.2576000000
aze,2007,8.2338000000
aze,2008,8.1608000000
aze,2009,8.1077000000
aze,2010,7.3513000000
aze,2011,6.9594000000
aze,2012,6.8002000000
aze,2013,7.2630000000
aze,2014,6.4338000000
bhs,1998,4.5526000000
bhs,2008,4.0471000000
bhs,2011,4.0545000000
bhs,2018,4.5669000000
bhr,2000,2.9807000000
bhr,2001,3.1049000000
bhr,2002,2.8717000000
bhr,2003,2.8252000000
bhr,2005,2.6867000000
bhr,2006,2.7181000000
bhr,2008,2.5624000000
bhr,2009,2.5230000000
bhr,2010,2.4595000000
bhr,2011,2.4973000000
bhr,2012,2.4802000000
bhr,2013,2.5042000000
bhr,2014,2.4923000000
bhr,2015,2.4944000000
bgd,2003,0.2754000000
bgd,2005,0.2839000000
bgd,2006,0.2841000000
bgd,2007,0.1625000000
bgd,2008,0.1623000000
bgd,2009,0.1714000000
bgd,2010,0.1830000000
bgd,2011,0.1932000000
bgd,2012,0.2067000000
bgd,2013,0.2100000000
bgd,2014,0.2560000000
bgd,2015,0.2750000000
bgd,2016,0.2639000000
bgd,2017,0.3163000000
bgd,2018,0.4123000000
bgd,2019,0.3916000000
brb,1995,5.1128000000
brb,2000,5.8269000000
brb,2001,5.7982000000
brb,2005,4.7448000000
brb,2018,3.0600000000
blr,1990,7.5223000000
blr,1991,7.1493000000
blr,1992,7.3861000000
blr,1993,7.7530000000
blr,1994,7.4595000000
blr,1995,7.8804000000
blr,1996,7.9521000000
blr,1997,8.0398000000
blr,1998,9.4230000000
blr,1999,9.6499000000
blr,2000,9.6648000000
blr,2001,9.7776000000
blr,2002,9.8952000000
blr,2003,9.7846000000
blr,2004,9.9291000000
blr,2005,10.0416000000
blr,2006,10.0877000000
blr,2007,10.1012000000
blr,2008,10.3691000000
blr,2009,10.5014000000
blr,2010,10.6145000000
blr,2011,10.6038000000
blr,2012,10.9154000000
blr,2013,10.8534000000
blr,2014,10.9823000000
blr,2015,11.0027000000
bel,2003,5.8290000000
bel,2004,9.1810000000
bel,2005,9.4046000000
bel,2006,9.5324000000
bel,2007,9.6536000000
bel,2008,9.7552000000
bel,2009,9.8818000000
bel,2010,10.0931000000
bel,2011,10.3901000000
bel,2012,10.6260000000
bel,2013,10.9082000000
bel,2014,11.1914000000
bel,2015,11.8080000000
blz,2000,1.2252000000
blz,2009,1.8112000000
blz,2012,1.1036000000
blz,2013,1.9555000000
blz,2014,2.0232000000
blz,2015,2.0948000000
blz,2016,2.1444000000
blz,2017,2.3922000000
blz,2018,2.3414000000
ben,2004,0.7470000000
ben,2008,0.8197000000
ben,2010,0.4520000000
ben,2011,0.4247000000
ben,2012,0.6802000000
ben,2013,0.5820000000
ben,2016,0.7596000000
ben,2018,0.3888000000
ben,2019,0.3029000000
btn,2004,0.8062000000
btn,2007,0.8197000000
btn,2008,0.9917000000
btn,2012,1.0490000000
btn,2013,1.1250000000
btn,2014,1.3308000000
btn,2015,1.4700000000
btn,2016,1.5325000000
btn,2017,1.6349000000
btn,2018,1.8518000000
btn,2019,1.8294000000
bol,2001,2.1085000000
bol,2007,0.6084000000
bol,2010,0.8326000000
bol,2011,0.9928000000
bol,2013,0.6961000000
bol,2015,1.1914000000
bol,2016,1.1179000000
bol,2017,1.5589000000
bih,1990,5.0450000000
bih,1991,5.0216000000
bih,1999,4.5141000000
bih,2000,4.4687000000
bih,2001,4.3968000000
bih,2002,4.4664000000
bih,2003,4.8341000000
bih,2004,4.8093000000
bih,2005,4.8687000000
bih,2006,4.9394000000
bih,2007,5.0221000000
bih,2008,5.1898000000
bih,2009,5.3096000000
bih,2010,5.4867000000
bih,2011,5.6085000000
bih,2012,5.8921000000
bih,2013,5.9005000000
bih,2014,6.1319000000
bih,2015,6.1798000000
bih,2016,5.4726000000
bih,2017,5.5647000000
bih,2018,5.7333000000
bwa,1998,2.7066000000
bwa,1999,3.1000000000
bwa,2000,2.6282000000
bwa,2001,2.3849000000
bwa,2002,2.4322000000
bwa,2003,2.5657000000
bwa,2004,2.6922000000
bwa,2005,2.4835000000
bwa,2006,2.7267000000
bwa,2007,3.0738000000
bwa,2008,2.9317000000
bwa,2009,2.9772000000
bwa,2010,2.9269000000
bwa,2011,2.8858000000
bwa,2012,2.8515000000
bra,1990,0.9495000000
bra,1992,1.1451000000
bra,1993,1.2642000000
bra,1994,1.4166000000
bra,1995,1.5762000000
bra,1996,1.8444000000
bra,1997,2.0555000000
bra,1998,2.2744000000
bra,1999,2.5418000000
bra,2000,3.7709000000
bra,2001,2.9897000000
bra,2002,3.3770000000
bra,2003,3.6596000000
bra,2004,3.7286000000
bra,2013,7.5635000000
bra,2014,8.7880000000
bra,2015,9.1081000000
bra,2016,9.3510000000
bra,2017,9.7370000000
bra,2018,10.1190000000
bra,2019,7.4008000000
brn,2000,3.8896000000
brn,2002,6.1130000000
brn,2004,5.3561000000
brn,2005,5.4944000000
brn,2006,5.3200000000
brn,2007,5.1067000000
brn,2008,5.1160000000
brn,2009,5.1211000000
brn,2014,6.2958000000
brn,2015,6.6426000000
brn,2016,6.4721000000
brn,2017,6.0989000000
brn,2018,5.8974000000
bgr,1990,6.9393000000
bgr,1991,6.5851000000
bgr,1992,6.5985000000
bgr,1993,6.8728000000
bgr,1994,6.7840000000
bgr,1995,6.8845000000
bgr,1996,6.9554000000
bgr,1997,6.4976000000
bgr,1998,6.5337000000
bgr,1999,6.2906000000
bgr,2000,4.4524000000
bgr,2001,4.1972000000
bgr,2002,4.0605000000
bgr,2003,4.2420000000
bgr,2004,4.2851000000
bgr,2005,4.5128000000
bgr,2006,4.5902000000
bgr,2007,4.7046000000
bgr,2008,4.7381000000
bgr,2009,4.7167000000
bgr,2010,4.7182000000
bgr,2011,4.7270000000
bgr,2012,4.8200000000
bgr,2013,4.9013000000
bgr,2014,4.8554000000
bgr,2015,4.8156000000
bgr,2016,4.3314000000
bgr,2017,4.3585000000
bgr,2018,4.7853000000
bfa,2004,0.5032000000
bfa,2008,0.3705000000
bfa,2009,0.4045000000
bfa,2010,0.5540000000
bfa,2011,0.4564000000
bfa,2012,0.6312000000
bfa,2013,0.4561000000
bfa,2014,0.4607000000
bfa,2015,0.6698000000
bfa,2016,0.6586000000
bfa,2017,0.8829000000
bfa,2019,0.9272000000
bdi,2004,0.1890000000
bdi,2010,0.6885000000
bdi,2011,0.6667000000
bdi,2012,0.7032000000
bdi,2013,0.6926000000
bdi,2014,0.6951000000
bdi,2015,0.6660000000
bdi,2017,0.8526000000
bdi,2019,0.6628000000
cpv,2004,0.8740000000
cpv,2009,1.0191000000
cpv,2010,1.1023000000
cpv,2011,1.0884000000
cpv,2012,1.0907000000
cpv,2013,0.7876000000
cpv,2014,0.9184000000
cpv,2015,0.9491000000
cpv,2016,1.1523000000
cpv,2017,1.2800000000
cpv,2018,1.2983000000
khm,1996,1.0589000000
khm,1998,1.0076000000
khm,2000,0.9152000000
khm,2008,0.8453000000
khm,2009,0.8544000000
khm,2010,0.8560000000
khm,2011,0.8733000000
khm,2012,0.9230000000
khm,2013,1.2942000000
khm,2014,0.9622000000
khm,2015,0.5889000000
khm,2016,0.7195000000
khm,2017,0.7007000000
khm,2018,0.6855000000
khm,2019,1.0076000000
cmr,2005,0.3781000000
cmr,2007,0.4392000000
cmr,2009,0.3853000000
cmr,2010,0.5267000000
can,1998,10.1846000000
can,2001,10.0115000000
can,2002,9.4707000000
can,2004,9.9067000000
can,2005,9.9467000000
can,2006,10.0236000000
can,2007,10.1208000000
can,2008,10.2890000000
can,2009,10.3743000000
can,2010,9.3233000000
can,2011,9.2368000000
can,2012,9.3473000000
can,2013,9.4788000000
can,2014,9.7475000000
can,2015,9.8188000000
can,2016,9.9194000000
can,2017,9.9491000000
can,2018,9.9874000000
can,2019,11.8120000000
caf,2004,0.4073000000
caf,2008,0.1954000000
caf,2009,0.2529000000
caf,2013,0.1156000000
caf,2015,0.2063000000
tcd,1997,0.0478000000
tcd,1998,0.0561000000
tcd,1999,0.0596000000
tcd,2000,0.1246000000
tcd,2004,0.2567000000
tcd,2006,0.1808000000
tcd,2012,0.2782000000
tcd,2013,0.3383000000
tcd,2014,0.2639000000
tcd,2015,0.2525000000
tcd,2016,0.2133000000
tcd,2017,0.2322000000
tcd,2019,0.1377000000
chl,2014,9.2305000000
chl,2015,10.9776000000
chl,2016,11.2447000000
chl,2017,12.1372000000
chl,2018,13.3248000000
chn,1990,0.8238000000
chn,1995,0.9024000000
chn,1996,0.9240000000
chn,1997,0.9445000000
chn,1998,0.9531000000
chn,1999,0.9662000000
chn,2000,0.9763000000
chn,2002,0.9483000000
chn,2003,0.9573000000
chn,2004,0.9836000000
chn,2013,1.9886000000
chn,2014,2.1349000000
chn,2015,2.2914000000
chn,2016,2.4665000000
chn,2017,2.6621000000
col,1990,0.4235000000
col,1991,0.4352000000
col,1992,0.4458000000
col,1993,0.4561000000
col,1994,0.4681000000
col,1995,0.4794000000
col,1996,0.4904000000
col,1997,0.4984000000
col,1998,0.5211000000
col,1999,0.5370000000
col,2001,0.5614000000
col,2002,0.5857000000
col,2003,0.5834000000
col,2004,0.5946000000
com,2004,0.9846000000
com,2005,0.5625000000
com,2009,0.7025000000
com,2012,0.9214000000
com,2013,0.3978000000
com,2016,0.6285000000
cod,2004,0.5290000000
cod,2013,0.8600000000
cod,2015,0.9479000000
cod,2017,0.8974000000
cod,2018,1.1101000000
cog,2004,1.0460000000
cog,2006,1.4021000000
cog,2007,0.9009000000
cog,2010,0.4369000000
cog,2011,1.7898000000
cog,2013,0.9888000000
cog,2014,0.7300000000
cog,2015,0.7932000000
cog,2016,0.9311000000
cri,2013,2.1666000000
cri,2014,2.3940000000
cri,2015,2.6577000000
cri,2016,3.0053000000
cri,2017,3.1798000000
cri,2018,3.4144000000
civ,2004,0.5665000000
civ,2005,0.4897000000
civ,2008,0.4708000000
civ,2011,0.4619000000
civ,2013,0.5719000000
civ,2014,0.6256000000
civ,2015,0.4689000000
civ,2016,0.5093000000
civ,2017,0.5558000000
civ,2018,0.6048000000
civ,2019,0.6556000000
hrv,1990,5.0567000000
hrv,1991,4.5727000000
hrv,1992,4.7083000000
hrv,1993,4.6331000000
hrv,1994,4.5305000000
hrv,1995,4.1743000000
hrv,1996,4.3450000000
hrv,1997,4.5960000000
hrv,1998,4.7514000000
hrv,1999,4.8712000000
hrv,2000,5.0037000000
hrv,2001,5.0328000000
hrv,2002,5.0701000000
hrv,2003,5.0974000000
hrv,2004,5.2006000000
hrv,2005,5.2475000000
hrv,2006,5.3434000000
hrv,2007,5.4676000000
hrv,2008,5.6826000000
hrv,2009,5.5746000000
hrv,2010,5.7761000000
hrv,2011,5.9087000000
hrv,2012,6.0216000000
hrv,2013,6.1762000000
hrv,2014,6.1417000000
hrv,2015,6.1920000000
cub,2002,7.4895000000
cub,2007,8.6925000000
cub,2010,9.1765000000
cub,2012,8.1843000000
cub,2013,8.0977000000
cub,2016,7.8581000000
cub,2017,7.7286000000
cub,2018,7.5614000000
cyp,1990,3.2325000000
cyp,1991,3.1618000000
cyp,1992,3.1526000000
cyp,1993,3.2413000000
cyp,1994,3.2565000000
cyp,1995,3.2979000000
cyp,1996,3.2631000000
cyp,1997,3.2552000000
cyp,1998,3.2321000000
cyp,1999,3.1857000000
cyp,2000,3.1072000000
cyp,2001,3.0855000000
cyp,2002,3.0645000000
cyp,2003,3.0888000000
cyp,2004,3.2136000000
cyp,2005,3.0126000000
cyp,2006,3.3257000000
cyp,2007,3.3750000000
cyp,2008,3.2997000000
cyp,2009,3.4651000000
cyp,2010,3.5466000000
cyp,2011,3.6878000000
cyp,2012,3.6176000000
cyp,2013,3.8648000000
cyp,2014,3.9130000000
cyp,2015,4.0345000000
cze,1990,7.7714000000
cze,1991,7.7167000000
cze,1992,7.7534000000
cze,1993,7.7192000000
cze,1994,7.7156000000
cze,1995,7.8741000000
cze,1996,7.8204000000
cze,1997,7.7847000000
cze,1998,7.7705000000
cze,1999,7.8120000000
cze,2000,8.0392000000
cze,2001,8.2856000000
cze,2002,8.4313000000
cze,2003,8.4144000000
cze,2004,8.5046000000
cze,2005,8.4960000000
cze,2006,8.4375000000
cze,2007,8.3986000000
cze,2008,8.3518000000
cze,2009,8.4737000000
cze,2010,8.4689000000
cze,2011,8.4046000000
cze,2012,8.4264000000
cze,2013,8.3526000000
cze,2014,8.2883000000
cze,2015,8.3710000000
cze,2018,8.4246000000
dnk,1992,8.8992000000
dnk,1993,8.9770000000
dnk,1994,8.9124000000
dnk,1995,8.9499000000
dnk,1996,9.0428000000
dnk,1997,9.2912000000
dnk,1998,9.4002000000
dnk,1999,9.3575000000
dnk,2000,9.5406000000
dnk,2001,9.5780000000
dnk,2002,9.6931000000
dnk,2003,9.5342000000
dnk,2004,9.6891000000
dnk,2005,9.8279000000
dnk,2006,9.7904000000
dnk,2007,9.5406000000
dnk,2008,9.8167000000
dnk,2009,10.0744000000
dnk,2010,10.0978000000
dnk,2011,10.1437000000
dnk,2012,10.2296000000
dnk,2013,10.2323000000
dnk,2014,10.2216000000
dnk,2015,10.2414000000
dnk,2016,10.3195000000
dnk,2017,10.4389000000
dnk,2018,10.5515000000
dji,1999,0.7043000000
dji,2002,0.7364000000
dji,2004,0.3836000000
dji,2005,0.5746000000
dji,2014,0.7288000000
dma,1997,4.4901000000
dma,2001,6.2841000000
dma,2013,6.6056000000
dma,2014,6.7651000000
dma,2015,6.6994000000
dma,2016,6.6900000000
dma,2017,6.0979000000
dom,2000,1.8122000000
dom,2009,1.3247000000
dom,2011,1.3629000000
dom,2013,1.4353000000
dom,2014,1.4497000000
dom,2015,1.4547000000
dom,2016,1.2069000000
dom,2017,1.1697000000
dom,2018,1.3731000000
dom,2019,1.4594000000
ecu,1990,1.5984000000
ecu,1991,1.6652000000
ecu,1992,1.6878000000
ecu,1993,1.4427000000
ecu,1994,1.6389000000
ecu,1995,1.6036000000
ecu,1996,1.6994000000
ecu,1997,1.7069000000
ecu,1998,1.6330000000
ecu,1999,1.6530000000
ecu,2000,1.6234000000
ecu,2001,1.5832000000
ecu,2002,1.6273000000
ecu,2003,1.5237000000
ecu,2009,1.8792000000
ecu,2010,1.6594000000
ecu,2011,2.0753000000
ecu,2013,1.9461000000
ecu,2014,2.1932000000
ecu,2015,2.5124000000
ecu,2016,2.8540000000
ecu,2017,2.8265000000
ecu,2018,2.5059000000
egy,2004,1.9787000000
egy,2006,2.3362000000
egy,2013,1.9744000000
egy,2014,1.9549000000
egy,2015,1.9412000000
egy,2016,1.9252000000
egy,2017,1.9271000000
egy,2018,1.9262000000
slv,1999,0.6755000000
slv,2002,0.8590000000
slv,2005,0.3457000000
slv,2007,1.3676000000
slv,2013,1.7749000000
slv,2014,1.7591000000
slv,2015,1.7582000000
slv,2016,1.8039000000
slv,2017,1.8375000000
slv,2018,1.8344000000
gnq,2004,0.3780000000
gnq,2017,0.5024000000
eri,2004,0.9210000000
eri,2013,1.2988000000
eri,2014,1.2478000000
eri,2015,1.1852000000
eri,2016,1.4393000000
eri,2017,1.3267000000
eri,2018,1.4397000000
est,1990,8.8232000000
est,1991,7.1877000000
est,1992,7.0312000000
est,1993,7.0358000000
est,1994,6.9480000000
est,1995,6.9421000000
est,1996,6.7130000000
est,1997,6.5290000000
est,1998,6.4384000000
est,1999,6.3307000000
est,2001,6.1098000000
est,2002,6.3036000000
est,2003,6.4207000000
est,2004,6.5378000000
est,2005,6.5759000000
est,2006,6.5992000000
est,2007,6.6838000000
est,2008,6.7002000000
est,2009,6.4404000000
est,2010,6.3989000000
est,2011,6.5256000000
est,2012,6.4578000000
est,2013,5.9579000000
est,2014,6.0723000000
est,2015,6.3522000000
est,2016,6.4330000000
est,2017,6.5272000000
est,2018,6.6316000000
swz,2000,3.3270000000
swz,2013,3.4367000000
swz,2014,3.5132000000
swz,2015,3.6014000000
swz,2016,3.7702000000
swz,2017,3.9394000000
swz,2018,4.1415000000
eth,2003,0.2154000000
eth,2004,0.2094000000
eth,2005,0.2464000000
eth,2006,0.2274000000
eth,2007,0.2249000000
eth,2008,0.2022000000
eth,2009,0.2521000000
eth,2017,0.8286000000
eth,2018,0.7135000000
fji,1999,1.9546000000
fji,2003,2.0341000000
fji,2008,2.1102000000
fji,2009,2.2926000000
fji,2013,2.9032000000
fji,2015,3.0175000000
fji,2018,3.3752000000
fji,2019,3.9596000000
fin,1999,15.0208000000
fin,2000,14.9291000000
fin,2001,14.7015000000
fin,2002,15.0386000000
fin,2003,14.9884000000
fin,2004,16.4797000000
fin,2005,17.1306000000
fin,2006,17.9113000000
fin,2007,18.3081000000
fin,2008,17.8562000000
fin,2009,18.4576000000
fin,2010,19.3664000000
fin,2011,19.6063000000
fin,2012,19.5152000000
fin,2013,18.9836000000
fin,2014,18.7051000000
fin,2015,14.1182000000
fin,2016,14.5677000000
fin,2017,14.8773000000
fra,2000,7.1139000000
fra,2001,7.3127000000
fra,2002,7.4886000000
fra,2003,7.6822000000
fra,2004,7.8869000000
fra,2005,8.1181000000
fra,2006,8.3198000000
fra,2007,8.1853000000
fra,2008,8.4741000000
fra,2009,8.7688000000
fra,2010,9.0124000000
fra,2011,9.2860000000
fra,2012,9.6880000000
fra,2013,9.9817000000
fra,2014,10.2792000000
fra,2015,10.5952000000
fra,2016,10.8898000000
fra,2017,11.1620000000
fra,2018,11.4707000000
gab,2004,5.0066000000
gab,2016,2.5444000000
gab,2017,2.9460000000
gmb,2003,1.2973000000
gmb,2004,0.4644000000
gmb,2005,0.4742000000
gmb,2006,0.4732000000
gmb,2007,0.7702000000
gmb,2008,0.8353000000
gmb,2017,0.6997000000
gmb,2019,0.6061000000
geo,1996,4.6511000000
geo,1997,4.8605000000
geo,1998,4.9257000000
geo,1999,4.9999000000
geo,2000,4.7013000000
geo,2001,4.3074000000
geo,2002,4.2638000000
geo,2003,4.2329000000
geo,2004,4.1649000000
geo,2005,4.1414000000
geo,2006,3.9943000000
geo,2007,3.9067000000
geo,2008,3.9374000000
geo,2009,3.8959000000
geo,2010,3.9499000000
geo,2011,3.9363000000
geo,2012,3.7221000000
geo,2013,3.7837000000
geo,2014,3.8203000000
geo,2015,4.0174000000
geo,2016,4.0002000000
geo,2017,4.8564000000
geo,2018,4.7293000000
geo,2019,5.2162000000
deu,2000,11.7198000000
deu,2001,11.8226000000
deu,2002,11.9703000000
deu,2003,12.2037000000
deu,2004,12.3337000000
deu,2005,12.4996000000
deu,2006,12.6423000000
deu,2007,12.8448000000
deu,2008,13.1005000000
deu,2009,13.4734000000
deu,2010,13.6093000000
deu,2011,13.7900000000
deu,2012,13.9183000000
deu,2013,14.3395000000
deu,2014,12.7562000000
deu,2015,12.9115000000
deu,2016,12.8599000000
deu,2017,13.1142000000
deu,2018,13.4858000000
gha,2004,0.9264000000
gha,2008,0.9690000000
gha,2009,1.1920000000
gha,2010,1.0608000000
gha,2014,1.3739000000
gha,2015,2.0017000000
gha,2016,2.1160000000
gha,2017,2.3406000000
gha,2019,2.7110000000
grc,2000,4.2990000000
grc,2001,4.6024000000
grc,2002,5.1543000000
grc,2003,5.1639000000
grc,2004,5.1526000000
grc,2005,5.1797000000
grc,2006,4.9862000000
grc,2007,4.9388000000
grc,2008,5.0386000000
grc,2009,5.2086000000
grc,2010,5.4107000000
grc,2011,5.4437000000
grc,2012,5.2146000000
grc,2013,5.1126000000
grc,2014,4.9750000000
grc,2015,4.9059000000
grc,2016,3.5534000000
grc,2017,3.6331000000
grc,2018,3.7019000000
grd,1999,3.8477000000
grd,2000,3.5603000000
grd,2001,3.5465000000
grd,2002,3.5328000000
grd,2003,3.5192000000
grd,2006,3.7941000000
grd,2017,3.0568000000
gtm,2009,0.8698000000
gtm,2014,0.9435000000
gtm,2015,0.9646000000
gtm,2016,1.0054000000
gtm,2017,1.2025000000
gtm,2018,1.2829000000
gin,2000,0.4617000000
gin,2004,0.4939000000
gin,2015,0.4168000000
gin,2016,0.1238000000
gnb,2004,0.8161000000
gnb,2008,0.6586000000
gnb,2009,0.7022000000
gnb,2011,0.5624000000
gnb,2013,0.5339000000
gnb,2014,0.5229000000
gnb,2015,0.5549000000
gnb,2016,0.5936000000
gnb,2018,0.6851000000
guy,2013,0.7164000000
guy,2014,0.6275000000
guy,2015,0.6972000000
guy,2016,0.7324000000
guy,2017,0.7869000000
hti,1998,0.1020000000
hti,2015,0.2822000000
hti,2018,0.3977000000
hnd,2010,0.8598000000
hnd,2013,0.6985000000
hnd,2014,0.6767000000
hnd,2015,0.6626000000
hnd,2016,0.7324000000
hnd,2017,0.7305000000
hnd,2018,0.7287000000
hun,1990,5.4445000000
hun,1991,5.0843000000
hun,1992,5.3703000000
hun,1993,5.6911000000
hun,1994,5.6941000000
hun,1995,5.5699000000
hun,1996,5.6370000000
hun,1997,5.5446000000
hun,1998,5.6825000000
hun,1999,5.5852000000
hun,2000,6.9860000000
hun,2001,7.2791000000
hun,2002,7.3429000000
hun,2003,7.5556000000
hun,2004,7.4653000000
hun,2005,7.6217000000
hun,2006,7.8142000000
hun,2007,7.6479000000
hun,2008,7.8760000000
hun,2009,7.9266000000
hun,2010,7.9226000000
hun,2011,7.7470000000
hun,2012,8.0109000000
hun,2013,8.1905000000
hun,2014,8.1225000000
hun,2015,8.2345000000
hun,2016,6.6427000000
hun,2017,6.8037000000
hun,2018,7.1669000000
hun,2019,5.2593000000
isl,2000,19.3474000000
isl,2001,19.0315000000
isl,2002,19.2709000000
isl,2003,19.5764000000
isl,2004,19.5706000000
isl,2005,20.2644000000
isl,2006,20.0434000000
isl,2007,20.4391000000
isl,2008,22.4284000000
isl,2009,23.1129000000
isl,2010,21.3768000000
isl,2011,21.5425000000
isl,2012,21.7230000000
isl,2013,22.1424000000
isl,2014,22.1424000000
isl,2015,22.4379000000
isl,2016,15.1565000000
isl,2017,15.7087000000
isl,2018,16.6914000000
isl,2019,17.1888000000
ind,1991,0.3754000000
ind,2000,1.1654000000
ind,2001,1.1817000000
ind,2003,1.2441000000
ind,2004,1.2592000000
ind,2005,1.2907000000
ind,2017,2.1079000000
ind,2018,1.7271000000
ind,2019,2.3885000000
idn,1992,0.6265000000
idn,2003,0.8168000000
idn,2015,1.2990000000
idn,2017,2.0532000000
idn,2019,3.8070000000
irn,2004,1.3961000000
irn,2005,1.4051000000
irn,2006,1.6890000000
irn,2011,1.9971000000
irn,2014,1.5641000000
irn,2015,1.8907000000
irn,2017,2.6286000000
irn,2018,2.0766000000
irq,2005,1.3200000000
irq,2007,1.0490000000
irq,2013,2.0850000000
irq,2014,1.8776000000
irq,2015,1.6498000000
irq,2016,1.7152000000
irq,2017,1.8126000000
irq,2018,2.0448000000
irl,2000,14.0287000000
irl,2001,14.8502000000
irl,2002,15.3746000000
irl,2003,14.8190000000
irl,2004,12.3703000000
irl,2005,12.2670000000
irl,2006,12.6696000000
irl,2007,13.8683000000
irl,2008,13.7798000000
irl,2009,13.0434000000
irl,2010,13.4653000000
irl,2011,13.3650000000
irl,2012,12.9606000000
irl,2013,12.5775000000
irl,2014,12.2598000000
irl,2015,12.4774000000
irl,2016,11.7073000000
irl,2017,14.5415000000
irl,2018,13.0118000000
isr,2000,7.7566000000
isr,2001,7.7925000000
isr,2002,7.6822000000
isr,2003,7.3372000000
isr,2004,7.0968000000
isr,2005,6.9713000000
isr,2006,6.8244000000
isr,2007,6.5566000000
isr,2008,6.1774000000
isr,2009,5.9231000000
isr,2010,5.8028000000
isr,2011,5.8637000000
isr,2012,5.8316000000
isr,2013,5.8643000000
isr,2014,5.9075000000
isr,2015,5.9576000000
isr,2016,5.5055000000
isr,2017,5.6214000000
isr,2018,5.5830000000
isr,2019,6.6047000000
ita,2000,5.7658000000
ita,2001,5.7987000000
ita,2002,5.8410000000
ita,2003,5.4702000000
ita,2004,5.3483000000
ita,2005,5.2102000000
ita,2006,5.3714000000
ita,2007,5.5091000000
ita,2008,5.5295000000
ita,2009,5.5396000000
ita,2010,5.5160000000
ita,2011,5.4829000000
ita,2012,5.3825000000
ita,2013,5.3357000000
ita,2014,5.5676000000
ita,2015,5.7152000000
ita,2016,5.8359000000
ita,2017,6.0605000000
ita,2018,5.9998000000
ita,2019,5.8867000000
jam,2003,1.6144000000
jam,2008,1.0532000000
jam,2012,1.5119000000
jam,2013,1.4349000000
jam,2014,1.4271000000
jam,2015,1.4507000000
jam,2016,1.6066000000
jam,2017,1.4674000000
jpn,1990,6.3729000000
jpn,1992,6.7448000000
jpn,1994,7.2509000000
jpn,1996,7.7699000000
jpn,1998,8.2161000000
jpn,2000,8.6546000000
jpn,2002,8.5725000000
jpn,2004,8.9341000000
jpn,2006,9.2821000000
jpn,2008,9.7394000000
jpn,2010,10.2738000000
jpn,2012,10.6891000000
jpn,2014,11.5129000000
jpn,2016,11.9502000000
jpn,2018,12.6978000000
jor,1998,2.8095000000
jor,1999,2.9170000000
jor,2000,3.0391000000
jor,2001,3.0499000000
jor,2002,2.8220000000
jor,2003,2.9788000000
jor,2004,3.2608000000
jor,2005,3.0228000000
jor,2006,3.3070000000
jor,2007,3.0176000000
jor,2008,2.9568000000
jor,2009,3.4992000000
jor,2010,3.5338000000
jor,2013,3.4346000000
jor,2014,3.4352000000
jor,2017,3.3598000000
jor,2018,2.8212000000
jor,2019,3.3470000000
kaz,1990,10.0502000000
kaz,1991,10.9714000000
kaz,1992,10.8360000000
kaz,1993,10.3315000000
kaz,1994,9.7529000000
kaz,1995,9.4374000000
kaz,1996,8.6196000000
kaz,1997,7.4614000000
kaz,1998,6.9987000000
kaz,1999,6.6292000000
kaz,2000,6.1736000000
kaz,2001,6.4542000000
kaz,2002,6.6463000000
kaz,2003,6.6749000000
kaz,2004,6.7799000000
kaz,2005,6.8810000000
kaz,2006,7.2726000000
kaz,2007,7.3840000000
kaz,2008,7.1010000000
kaz,2009,7.6328000000
kaz,2010,7.7215000000
kaz,2011,7.9204000000
kaz,2012,8.0644000000
kaz,2013,8.0253000000
kaz,2014,7.2002000000
kaz,2015,7.2936000000
ken,2004,0.4531000000
ken,2008,0.3537000000
ken,2009,0.3899000000
ken,2010,0.7061000000
ken,2013,0.8851000000
ken,2014,0.9274000000
ken,2015,0.8650000000
ken,2016,1.0362000000
ken,2017,1.0587000000
ken,2018,1.1656000000
kir,1998,2.3407000000
kir,2004,2.8729000000
kir,2008,3.6538000000
kir,2010,3.9261000000
kir,2011,3.9351000000
kir,2018,3.8256000000
prk,2003,3.9679000000
prk,2008,4.1451000000
prk,2017,4.4489000000
kor,2000,2.9610000000
kor,2001,3.3570000000
kor,2002,3.5859000000
kor,2003,3.5425000000
kor,2004,3.7944000000
kor,2005,3.8306000000
kor,2006,3.9704000000
kor,2007,4.1363000000
kor,2008,4.3392000000
kor,2009,4.4777000000
kor,2010,4.6385000000
kor,2011,4.7459000000
kor,2012,4.8621000000
kor,2013,5.2258000000
kor,2014,5.6097000000
kor,2015,5.9843000000
kor,2016,7.0232000000
kor,2017,7.1482000000
kor,2018,7.4625000000
kwt,2001,4.3727000000
kwt,2006,4.1530000000
kwt,2007,4.3259000000
kwt,2008,4.6762000000
kwt,2009,4.8047000000
kwt,2010,6.5293000000
kwt,2011,6.5011000000
kwt,2012,6.4206000000
kwt,2013,6.2055000000
kwt,2014,6.6610000000
kwt,2015,7.1514000000
kwt,2016,7.0899000000
kwt,2017,7.3489000000
kwt,2018,7.4145000000
kgz,1990,10.2861000000
kgz,1991,10.4559000000
kgz,1992,10.3895000000
kgz,1993,9.9601000000
kgz,1994,9.6997000000
kgz,1995,9.4812000000
kgz,1996,9.1928000000
kgz,1997,8.7220000000
kgz,1998,8.5130000000
kgz,1999,8.3802000000
kgz,2000,7.9535000000
kgz,2001,7.4228000000
kgz,2002,7.0097000000
kgz,2003,6.8256000000
kgz,2004,6.5979000000
kgz,2005,6.3380000000
kgz,2006,6.0151000000
kgz,2007,5.8821000000
kgz,2008,5.7050000000
kgz,2009,5.6802000000
kgz,2010,5.6459000000
kgz,2011,5.8392000000
kgz,2012,5.9339000000
kgz,2013,5.9737000000
kgz,2014,5.9446000000
kgz,2019,5.6026000000
lao,1995,1.2566000000
lao,2000,1.0243000000
lao,2004,0.9890000000
lao,2005,0.9952000000
lao,2009,0.8656000000
lao,2010,0.8572000000
lao,2012,0.8660000000
lao,2013,0.9584000000
lao,2014,1.2787000000
lao,2015,1.2206000000
lao,2016,1.2630000000
lao,2017,1.2106000000
lao,2018,1.1878000000
lao,2019,0.7171000000
lva,1990,6.2675000000
lva,1991,6.3272000000
lva,1992,5.8684000000
lva,1993,5.4966000000
lva,1994,4.9068000000
lva,1995,5.2043000000
lva,1996,5.1807000000
lva,1997,5.0132000000
lva,1998,4.7616000000
lva,1999,4.8819000000
lva,2000,4.7496000000
lva,2001,4.6729000000
lva,2002,4.7215000000
lva,2003,4.8803000000
lva,2004,5.0494000000
lva,2005,5.1758000000
lva,2006,5.8155000000
lva,2007,5.7563000000
lva,2008,5.7862000000
lva,2009,5.0956000000
lva,2010,5.1546000000
lva,2011,5.0683000000
lva,2012,4.9700000000
lva,2013,5.0005000000
lva,2014,4.9525000000
lva,2015,4.8361000000
lva,2018,4.5569000000
lva,2019,4.6174000000
lbn,2001,1.0416000000
lbn,2005,1.0045000000
lbn,2007,1.4539000000
lbn,2009,1.7218000000
lbn,2010,1.7748000000
lbn,2013,1.5314000000
lbn,2014,1.6686000000
lbn,2015,1.5416000000
lbn,2016,1.5720000000
lbn,2017,1.6418000000
lbn,2018,1.6735000000
lso,2003,0.5564000000
lso,2010,0.6655000000
lso,2018,3.2567000000
lbr,2004,0.3301000000
lbr,2008,0.2711000000
lbr,2009,0.9041000000
lbr,2010,0.4638000000
lbr,2018,0.5321000000
lby,1997,3.4738000000
lby,2004,4.7564000000
lby,2008,5.5276000000
lby,2009,7.0072000000
lby,2013,6.9602000000
lby,2014,6.7928000000
lby,2017,6.5305000000
ltu,1991,9.4694000000
ltu,1992,9.4667000000
ltu,1993,9.3669000000
ltu,1994,9.4840000000
ltu,1995,9.4499000000
ltu,1996,9.4731000000
ltu,1997,9.2765000000
ltu,1998,9.1874000000
ltu,1999,8.3316000000
ltu,2000,8.0193000000
ltu,2001,7.9540000000
ltu,2002,7.7900000000
ltu,2003,7.6564000000
ltu,2004,7.5609000000
ltu,2005,7.5546000000
ltu,2006,7.6000000000
ltu,2007,7.5944000000
ltu,2008,7.7229000000
ltu,2009,7.6324000000
ltu,2010,7.5940000000
ltu,2011,7.6905000000
ltu,2012,7.7440000000
ltu,2013,7.7191000000
ltu,2014,7.8048000000
ltu,2015,7.9034000000
ltu,2016,7.9665000000
ltu,2017,7.9795000000
ltu,2018,8.5046000000
ltu,2019,9.4452000000
lux,1995,7.1380000000
lux,1996,7.3599000000
lux,1997,7.5048000000
lux,1998,7.4307000000
lux,1999,7.5122000000
lux,2000,7.6061000000
lux,2001,7.7033000000
lux,2002,8.0392000000
lux,2003,9.2801000000
lux,2004,9.4931000000
lux,2005,11.4788000000
lux,2006,11.4369000000
lux,2007,11.2887000000
lux,2008,11.5225000000
lux,2009,11.5005000000
lux,2010,11.3920000000
lux,2011,11.6137000000
lux,2012,12.2886000000
lux,2013,12.3185000000
lux,2014,12.3571000000
lux,2015,12.3346000000
lux,2016,12.1647000000
lux,2017,12.1744000000
mdg,2002,0.3129000000
mdg,2003,0.3035000000
mdg,2004,0.2854000000
mdg,2005,0.3500000000
mdg,2006,0.3022000000
mdg,2007,0.2941000000
mdg,2008,0.2811000000
mdg,2009,0.2430000000
mdg,2010,0.2233000000
mdg,2011,0.2179000000
mdg,2012,0.2174000000
mdg,2013,0.2978000000
mdg,2018,0.2980000000
mwi,2004,0.5905000000
mwi,2008,0.2838000000
mwi,2009,0.3406000000
mwi,2013,0.2268000000
mwi,2016,0.2988000000
mwi,2018,0.4386000000
mys,2000,1.6745000000
mys,2002,1.7919000000
mys,2008,2.6747000000
mys,2010,3.1976000000
mys,2011,3.3875000000
mys,2012,3.8141000000
mys,2013,3.9058000000
mys,2014,4.0069000000
mys,2015,4.1829000000
mys,2016,4.1958000000
mys,2017,4.2229000000
mys,2019,3.4843000000
mdv,1991,0.6530000000
mdv,1993,0.7749000000
mdv,1996,1.3927000000
mdv,2004,2.8461000000
mdv,2007,4.5913000000
mdv,2009,5.2235000000
mdv,2010,5.1080000000
mdv,2014,5.3701000000
mdv,2015,6.5729000000
mdv,2017,6.4927000000
mdv,2018,6.4282000000
mli,2004,0.6741000000
mli,2007,0.2111000000
mli,2009,0.4437000000
mli,2010,0.4462000000
mli,2011,0.3677000000
mli,2012,0.3772000000
mli,2013,0.1192000000
mli,2016,0.4131000000
mli,2018,0.4408000000
mlt,2002,5.4728000000
mlt,2003,5.4727000000
mlt,2004,5.6107000000
mlt,2005,5.7944000000
mlt,2006,5.9340000000
mlt,2007,6.2270000000
mlt,2008,6.7961000000
mlt,2009,6.5889000000
mlt,2010,6.8501000000
mlt,2011,7.0649000000
mlt,2012,7.0460000000
mlt,2013,7.3950000000
mlt,2014,8.3752000000
mlt,2015,8.3695000000
mlt,2018,9.4833000000
mhl,2000,2.9800000000
mhl,2007,3.3571000000
mhl,2010,2.2518000000
mhl,2011,3.4513000000
mhl,2012,3.2981000000
mhl,2018,3.3390000000
mrt,2004,0.6441000000
mrt,2009,0.6787000000
mrt,2010,0.8022000000
mrt,2014,0.9784000000
mrt,2015,1.0224000000
mrt,2017,1.0673000000
mrt,2018,0.9252000000
mus,2004,3.7871000000
mus,2007,2.6744000000
mus,2008,2.7435000000
mus,2009,2.8135000000
mus,2010,2.8846000000
mus,2011,2.9334000000
mus,2012,2.9813000000
mus,2013,3.1565000000
mus,2014,3.2806000000
mus,2015,3.3831000000
mus,2016,3.2760000000
mus,2017,3.5152000000
mex,2000,3.1277000000
mex,2001,2.2265000000
mex,2002,2.2229000000
mex,2003,2.1370000000
mex,2004,2.1126000000
mex,2005,2.2053000000
mex,2006,2.2215000000
mex,2007,2.2832000000
mex,2008,2.3066000000
mex,2009,2.3624000000
mex,2010,2.4118000000
mex,2011,2.5093000000
mex,2012,2.5488000000
mex,2013,2.8044000000
mex,2014,2.6798000000
mex,2015,2.4177000000
mex,2016,2.5103000000
mex,2017,2.5078000000
mex,2018,3.1490000000
mex,2019,2.3646000000
fsm,2000,3.8827000000
fsm,2003,2.3408000000
fsm,2005,2.3446000000
fsm,2008,2.6794000000
fsm,2009,3.6058000000
fsm,2010,3.3190000000
fsm,2018,2.0426000000
fsm,2019,2.1529000000
mda,1990,11.0658000000
mda,1991,11.2064000000
mda,1992,11.1689000000
mda,1993,11.1864000000
mda,1994,10.9489000000
mda,1995,10.4099000000
mda,1996,10.0646000000
mda,1997,10.4106000000
mda,1998,10.0543000000
mda,1999,8.7160000000
mda,2000,5.6652000000
mda,2001,5.5346000000
mda,2002,5.5414000000
mda,2003,5.3864000000
mda,2004,5.1823000000
mda,2005,5.6476000000
mda,2006,5.6163000000
mda,2007,5.6468000000
mda,2008,5.6211000000
mda,2009,5.6259000000
mda,2010,5.6482000000
mda,2011,5.6445000000
mda,2012,5.6055000000
mda,2013,5.4872000000
mda,2014,5.3110000000
mda,2015,5.0036000000
mda,2017,4.9235000000
mda,2019,3.9329000000
mco,1992,15.3846000000
mco,1995,15.1140000000
mco,2011,16.9444000000
mco,2012,18.0000000000
mco,2013,18.8076000000
mco,2014,20.1609000000
mng,2002,3.6123000000
mng,2008,3.6495000000
mng,2009,3.6222000000
mng,2010,3.6310000000
mng,2011,3.6612000000
mng,2012,3.7823000000
mng,2013,3.8046000000
mng,2014,4.0257000000
mng,2015,4.0932000000
mng,2016,4.0656000000
mng,2017,4.1406000000
mng,2018,4.2136000000
mne,2005,5.3683000000
mne,2006,5.3779000000
mne,2007,5.4729000000
mne,2008,5.5513000000
mne,2009,5.5900000000
mne,2010,5.2827000000
mne,2011,5.1239000000
mne,2012,4.9369000000
mne,2013,5.3920000000
mne,2014,5.4460000000
mne,2015,5.3461000000
mne,2018,5.2294000000
mar,2004,0.8078000000
mar,2009,0.9298000000
mar,2013,0.9725000000
mar,2014,0.9440000000
mar,2017,1.3887000000
moz,1999,0.2835000000
moz,2000,0.2867000000
moz,2001,0.2808000000
moz,2002,0.2996000000
moz,2003,0.2976000000
moz,2004,0.3265000000
moz,2005,0.3304000000
moz,2006,0.3383000000
moz,2007,0.3628000000
moz,2008,0.3883000000
moz,2009,0.3949000000
moz,2010,0.4040000000
moz,2011,0.3928000000
moz,2012,0.4057000000
moz,2013,0.5823000000
moz,2014,0.4184000000
moz,2015,0.4469000000
moz,2016,0.6785000000
moz,2017,0.6842000000
moz,2018,0.6847000000
moz,2019,0.4727000000
mmr,2005,0.7461000000
mmr,2006,0.7866000000
mmr,2007,0.8086000000
mmr,2008,0.8296000000
mmr,2009,0.8615000000
mmr,2010,0.8933000000
mmr,2011,0.9212000000
mmr,2012,0.9505000000
mmr,2016,1.0343000000
mmr,2018,0.9993000000
mmr,2019,1.0821000000
nam,2004,3.2212000000
nam,2007,2.8657000000
nam,2013,1.8402000000
nam,2014,1.8527000000
nam,2015,1.8856000000
nam,2016,2.0424000000
nam,2017,2.0199000000
nam,2018,1.9540000000
nru,1995,5.6604000000
nru,2004,6.3636000000
nru,2008,6.9697000000
nru,2011,6.9307000000
nru,2015,6.7308000000
nru,2018,7.8505000000
npl,2004,0.4652000000
npl,2012,1.5980000000
npl,2013,1.8729000000
npl,2014,2.1369000000
npl,2017,2.8479000000
npl,2018,3.1084000000
npl,2019,3.3047000000
nld,2002,7.9682000000
nld,2003,8.1362000000
nld,2004,8.2584000000
nld,2005,8.3058000000
nld,2006,8.2971000000
nld,2007,8.3820000000
nld,2008,8.4924000000
nld,2014,10.5295000000
nld,2015,10.7489000000
nld,2016,10.9279000000
nld,2017,11.2466000000
nld,2018,11.4851000000
nzl,2002,9.3604000000
nzl,2003,9.0783000000
nzl,2004,9.4314000000
nzl,2005,9.7067000000
nzl,2006,9.3877000000
nzl,2007,9.7730000000
nzl,2008,10.2845000000
nzl,2009,10.2551000000
nzl,2010,10.5760000000
nzl,2011,10.6167000000
nzl,2012,10.4545000000
nzl,2013,12.2541000000
nzl,2014,11.8172000000
nzl,2015,11.9905000000
nzl,2016,12.1280000000
nzl,2017,12.3207000000
nzl,2018,11.1421000000
nic,2003,1.1077000000
nic,2005,1.1573000000
nic,2006,1.1578000000
nic,2007,1.1824000000
nic,2008,1.2916000000
nic,2009,1.3028000000
nic,2010,1.2647000000
nic,2011,1.3657000000
nic,2012,1.3695000000
nic,2013,1.3597000000
nic,2014,1.3549000000
nic,2015,1.3667000000
nic,2016,1.4661000000
nic,2017,1.5524000000
ner,2004,0.2147000000
ner,2008,0.1387000000
ner,2009,0.2039000000
ner,2013,0.2229000000
ner,2014,0.3066000000
ner,2015,0.2038000000
ner,2016,0.2695000000
ner,2018,0.2234000000
nga,2003,1.5944000000
nga,2005,1.5369000000
nga,2006,1.5034000000
nga,2007,1.4993000000
nga,2008,1.4969000000
nga,2013,1.0258000000
nga,2016,1.7551000000
nga,2018,0.9258000000
nga,2019,1.5007000000
mkd,2000,2.8588000000
mkd,2001,2.8627000000
mkd,2002,2.9904000000
mkd,2003,2.8411000000
mkd,2004,2.8537000000
mkd,2005,2.7651000000
mkd,2006,2.8346000000
mkd,2007,3.1640000000
mkd,2008,3.4020000000
mkd,2009,3.5060000000
mkd,2010,3.6041000000
mkd,2011,3.6130000000
mkd,2012,3.5776000000
mkd,2013,3.6544000000
mkd,2015,3.7917000000
nor,2002,12.5950000000
nor,2003,13.2301000000
nor,2004,13.7075000000
nor,2005,14.1044000000
nor,2006,14.3749000000
nor,2007,14.4027000000
nor,2008,14.4993000000
nor,2009,16.4531000000
nor,2010,16.6659000000
nor,2011,16.9533000000
nor,2012,17.0854000000
nor,2013,17.2115000000
nor,2014,17.4255000000
nor,2015,17.8622000000
nor,2016,17.4315000000
nor,2017,17.6013000000
nor,2018,18.2079000000
nor,2019,18.3493000000
omn,1990,2.2884000000
omn,1995,2.7383000000
omn,1997,2.5745000000
omn,1998,2.8265000000
omn,1999,2.8551000000
omn,2000,3.4519000000
omn,2004,3.5764000000
omn,2005,3.6941000000
omn,2006,3.7256000000
omn,2007,3.9116000000
omn,2008,4.0832000000
omn,2009,4.2076000000
omn,2010,4.2300000000
omn,2011,4.3794000000
omn,2012,4.4674000000
omn,2013,4.4969000000
omn,2014,4.6669000000
omn,2015,4.5300000000
omn,2016,4.4115000000
omn,2017,4.2731000000
omn,2018,4.1965000000
omn,2019,4.0850000000
pak,1992,0.3254000000
pak,1993,0.3321000000
pak,1994,0.3421000000
pak,1995,0.3433000000
pak,1996,0.3647000000
pak,1997,0.3853000000
pak,1998,0.4082000000
pak,1999,0.4211000000
pak,2000,0.4219000000
pak,2001,0.4297000000
pak,2004,0.4581000000
pak,2008,0.5297000000
pak,2009,0.5443000000
pak,2010,0.5595000000
pak,2013,0.5279000000
pak,2017,0.5986000000
pak,2019,0.4832000000
plw,1998,6.1413000000
plw,2004,6.0302000000
plw,2006,6.0513000000
plw,2009,6.1202000000
plw,2010,6.6111000000
plw,2014,6.3068000000
plw,2018,7.2626000000
pan,1990,0.9956000000
pan,1991,0.9742000000
pan,1992,0.9639000000
pan,1993,1.0066000000
pan,1994,1.0253000000
pan,1995,1.0443000000
pan,1996,1.0779000000
pan,1997,1.1048000000
pan,1998,1.0936000000
pan,1999,1.1423000000
pan,2001,1.8413000000
pan,2002,1.9164000000
pan,2003,2.1984000000
pan,2004,1.9909000000
pan,2005,2.0044000000
pan,2006,2.0031000000
pan,2010,2.4765000000
pan,2011,2.3146000000
pan,2013,2.9306000000
pan,2014,2.9495000000
pan,2015,2.7620000000
pan,2016,2.9863000000
pan,2017,3.0866000000
pan,2018,3.0741000000
pan,2019,3.2055000000
png,2000,0.4858000000
png,2008,0.4077000000
png,2010,0.4983000000
png,2018,0.5430000000
png,2019,0.4529000000
pry,2013,0.5654000000
pry,2014,0.6143000000
pry,2015,0.6666000000
pry,2016,0.7038000000
pry,2017,0.7387000000
per,1999,0.6560000000
per,2007,3.5870000000
per,2009,1.3084000000
per,2012,1.5259000000
per,2013,2.2121000000
per,2014,2.0824000000
per,2015,2.0661000000
per,2016,2.1761000000
per,2017,2.2130000000
per,2018,2.9772000000
phl,2000,4.3165000000
phl,2001,4.2981000000
phl,2002,4.2675000000
phl,2003,4.2366000000
phl,2004,4.2386000000
phl,2005,4.2752000000
phl,2006,4.4048000000
phl,2007,4.6536000000
phl,2008,5.1221000000
phl,2009,5.6470000000
phl,2017,5.2744000000
phl,2018,4.9351000000
phl,2019,5.4439000000
pol,1990,6.1059000000
pol,1991,5.9808000000
pol,1992,5.9499000000
pol,1993,5.9436000000
pol,1994,6.0657000000
pol,1995,6.1376000000
pol,1996,6.2306000000
pol,1997,6.2789000000
pol,1998,6.1601000000
pol,1999,5.7000000000
pol,2000,5.4888000000
pol,2001,5.4071000000
pol,2002,5.3947000000
pol,2003,5.2656000000
pol,2004,5.4757000000
pol,2005,5.6090000000
pol,2006,5.6126000000
pol,2007,5.7181000000
pol,2008,5.7402000000
pol,2009,5.8059000000
pol,2010,5.8280000000
pol,2011,5.8392000000
pol,2013,5.8551000000
pol,2014,5.8168000000
pol,2015,5.7802000000
pol,2016,5.7575000000
pol,2017,5.7029000000
pol,2018,6.8926000000
prt,2002,4.0246000000
prt,2003,4.2043000000
prt,2004,4.3725000000
prt,2005,4.5825000000
prt,2006,4.8332000000
prt,2007,5.1147000000
prt,2008,5.3523000000
prt,2009,5.6206000000
prt,2010,5.8921000000
prt,2011,6.1004000000
prt,2012,6.2134000000
prt,2013,6.2837000000
prt,2014,6.3677000000
prt,2015,6.5324000000
prt,2017,6.9571000000
prt,2018,6.8987000000
qat,2001,4.9360000000
qat,2005,5.6390000000
qat,2006,6.0477000000
qat,2008,5.8662000000
qat,2009,4.5894000000
qat,2010,5.7184000000
qat,2014,5.5998000000
qat,2016,4.9548000000
qat,2017,6.0429000000
qat,2018,7.1970000000
rou,2000,5.3716000000
rou,2001,5.4561000000
rou,2002,5.6469000000
rou,2003,5.5411000000
rou,2004,5.6242000000
rou,2005,5.7613000000
rou,2006,5.9600000000
rou,2007,6.0275000000
rou,2008,5.9526000000
rou,2009,6.1269000000
rou,2010,5.7113000000
rou,2011,5.8087000000
rou,2012,5.9367000000
rou,2013,6.1353000000
rou,2016,6.0922000000
rus,2005,7.7325000000
rus,2006,7.8562000000
rus,2007,7.8493000000
rus,2008,7.6953000000
rus,2009,7.7276000000
rus,2010,7.6710000000
rus,2011,9.1455000000
rus,2012,4.1443000000
rus,2013,4.2551000000
rus,2014,4.5333000000
rwa,2004,0.4130000000
rwa,2005,0.4480000000
rwa,2008,0.6880000000
rwa,2009,0.6786000000
rwa,2011,0.6580000000
rwa,2014,0.9308000000
rwa,2015,0.9882000000
rwa,2016,1.0585000000
rwa,2018,1.2044000000
rwa,2019,0.9480000000
wsm,1999,2.0104000000
wsm,2003,1.7465000000
wsm,2008,1.8985000000
wsm,2010,1.5385000000
wsm,2012,1.7874000000
wsm,2014,1.8574000000
wsm,2018,2.4885000000
wsm,2019,3.4399000000
smr,2012,8.8474000000
smr,2013,8.7117000000
smr,2014,8.2067000000
stp,2004,2.0039000000
stp,2015,2.2166000000
stp,2018,1.9242000000
sau,2000,1.7661000000
sau,2008,3.9129000000
sau,2009,4.1629000000
sau,2010,4.7332000000
sau,2011,4.7628000000
sau,2012,4.7917000000
sau,2014,5.2014000000
sau,2016,5.6705000000
sau,2017,4.3990000000
sau,2018,5.4763000000
sau,2019,5.8174000000
sen,2004,0.3041000000
sen,2008,0.4377000000
sen,2013,0.2863000000
sen,2015,0.1919000000
sen,2016,0.2996000000
sen,2017,0.3127000000
sen,2019,0.5404000000
srb,2011,7.4011000000
srb,2012,7.0457000000
srb,2013,7.1633000000
srb,2014,7.3024000000
srb,2015,7.6174000000
srb,2016,6.0855000000
syc,2005,4.3968000000
syc,2006,4.6257000000
syc,2007,4.5616000000
syc,2008,4.4972000000
syc,2010,4.5126000000
syc,2012,4.5248000000
sle,2004,0.2229000000
sle,2008,0.1435000000
sle,2010,0.1437000000
sle,2011,0.2669000000
sle,2014,0.9538000000
sle,2015,0.8189000000
sle,2016,0.7468000000
sle,2017,0.7986000000
sle,2018,0.7525000000
sgp,1999,4.0324000000
sgp,2001,4.2671000000
sgp,2004,4.6273000000
sgp,2005,4.7277000000
sgp,2006,4.7537000000
sgp,2007,4.8775000000
sgp,2008,5.0691000000
sgp,2009,5.3944000000
sgp,2010,5.7180000000
sgp,2011,5.1218000000
sgp,2012,5.4778000000
sgp,2013,5.5727000000
sgp,2014,5.7453000000
sgp,2015,6.0092000000
sgp,2016,6.1678000000
sgp,2017,6.2432000000
svk,2000,7.4228000000
svk,2001,7.2357000000
svk,2002,7.1021000000
svk,2003,6.7723000000
svk,2004,6.6204000000
svk,2005,6.3045000000
svk,2006,6.3200000000
svk,2007,6.6125000000
svk,2008,6.5820000000
svk,2009,6.3833000000
svk,2010,6.4058000000
svk,2011,6.2638000000
svk,2012,6.1392000000
svk,2013,6.0688000000
svk,2014,6.0715000000
svk,2015,6.0093000000
svk,2016,6.0671000000
svk,2017,5.9597000000
svk,2018,6.0156000000
svn,2000,12.1638000000
svn,2001,12.6642000000
svn,2002,12.7087000000
svn,2003,13.0872000000
svn,2004,13.1469000000
svn,2005,13.2406000000
svn,2006,13.4234000000
svn,2007,13.6499000000
svn,2008,13.8482000000
svn,2009,14.1012000000
svn,2010,14.3425000000
svn,2011,14.5376000000
svn,2012,14.1671000000
svn,2013,14.3439000000
svn,2014,14.7125000000
svn,2015,14.9928000000
svn,2016,9.6972000000
svn,2017,9.9745000000
svn,2018,10.2248000000
slb,1999,0.8989000000
slb,2003,1.4094000000
slb,2005,1.4769000000
slb,2009,2.0963000000
slb,2011,1.7858000000
slb,2012,1.7371000000
slb,2013,1.9937000000
slb,2018,2.1642000000
som,1997,0.1910000000
som,2006,0.0897000000
som,2014,0.1119000000
zaf,1998,3.9765000000
zaf,1999,3.8994000000
zaf,2000,3.8171000000
zaf,2001,3.7817000000
zaf,2002,3.7457000000
zaf,2003,3.8040000000
zaf,2004,3.9005000000
zaf,2013,1.1881000000
zaf,2014,1.2264000000
zaf,2015,1.2693000000
zaf,2016,1.3315000000
zaf,2017,1.3078000000
esp,1990,2.6605000000
esp,1996,3.2574000000
esp,1997,3.3454000000
esp,1998,3.3241000000
esp,1999,3.3692000000
esp,2000,3.6744000000
esp,2001,3.9875000000
esp,2002,4.1837000000
esp,2003,4.4040000000
esp,2004,4.4171000000
esp,2005,4.4793000000
esp,2006,4.5773000000
esp,2007,4.7398000000
esp,2008,4.9669000000
esp,2009,5.0888000000
esp,2010,5.2726000000
esp,2011,5.3453000000
esp,2012,5.3802000000
esp,2013,5.1090000000
esp,2014,5.1164000000
esp,2015,5.4440000000
esp,2016,5.6851000000
esp,2017,5.9227000000
esp,2018,6.0795000000
lka,1990,0.7372000000
lka,1991,0.8016000000
lka,1992,0.8679000000
lka,1993,1.0299000000
lka,1994,0.9649000000
lka,1995,1.0849000000
lka,2000,1.1918000000
lka,2002,1.0622000000
lka,2004,1.7142000000
lka,2005,1.4077000000
lka,2006,1.6715000000
lka,2007,2.0501000000
lka,2010,1.7455000000
lka,2011,1.8234000000
lka,2012,1.8325000000
lka,2013,1.8401000000
lka,2014,1.9132000000
lka,2015,1.9606000000
lka,2016,1.9477000000
lka,2017,1.9966000000
lka,2018,2.1803000000
lka,2019,2.2604000000
kna,1990,7.0223000000
kna,1991,7.0297000000
kna,1992,7.0270000000
kna,1993,6.9586000000
kna,1994,6.0577000000
kna,1995,5.7482000000
kna,1996,5.9765000000
kna,1997,5.6643000000
kna,1998,5.7639000000
kna,1999,6.0550000000
kna,2001,6.5919000000
kna,2015,4.2188000000
lca,1999,2.1355000000
lca,2001,2.3451000000
lca,2003,3.0841000000
lca,2004,2.3177000000
lca,2005,1.9951000000
lca,2017,3.1547000000
vct,1997,2.5579000000
vct,2000,4.1466000000
vct,2001,4.4115000000
vct,2004,4.6452000000
vct,2013,9.0239000000
vct,2014,9.0358000000
vct,2015,9.5050000000
vct,2016,8.4110000000
vct,2017,6.3115000000
vct,2018,7.0145000000
sdn,2004,1.0424000000
sdn,2006,1.0534000000
sdn,2007,1.0043000000
sdn,2008,0.9812000000
sdn,2014,1.1992000000
sdn,2015,0.8245000000
sdn,2018,1.1455000000
sur,2000,1.4610000000
sur,2013,2.2967000000
sur,2014,2.0351000000
sur,2015,2.0873000000
sur,2016,1.9543000000
sur,2017,1.9281000000
sur,2018,2.7569000000
swe,1995,10.1095000000
swe,1996,10.0966000000
swe,1997,10.0237000000
swe,1998,10.2341000000
swe,1999,10.3663000000
swe,2000,10.2889000000
swe,2001,10.4535000000
swe,2002,10.6780000000
swe,2003,10.7933000000
swe,2004,10.9905000000
swe,2005,11.1716000000
swe,2006,11.3213000000
swe,2007,11.4345000000
swe,2008,11.4697000000
swe,2009,11.4890000000
swe,2010,11.5708000000
swe,2011,11.5933000000
swe,2012,11.6336000000
swe,2013,11.6651000000
swe,2014,11.6824000000
swe,2015,11.7297000000
swe,2016,11.7622000000
swe,2017,12.5813000000
che,2000,11.9413000000
che,2001,11.9857000000
che,2002,12.4190000000
che,2003,12.9689000000
che,2004,12.8353000000
che,2005,13.0032000000
che,2006,13.3815000000
che,2007,17.1303000000
che,2008,17.5731000000
che,2009,17.9576000000
che,2010,19.2040000000
che,2011,19.9989000000
che,2012,20.6223000000
che,2013,21.0636000000
che,2014,21.4844000000
che,2015,22.1898000000
che,2016,17.3278000000
che,2017,17.5357000000
che,2018,17.8949000000
syr,1997,2.2247000000
syr,1998,2.3188000000
syr,1999,1.9053000000
syr,2000,1.9544000000
syr,2002,1.9606000000
syr,2003,1.8506000000
syr,2004,1.9132000000
syr,2005,1.8846000000
syr,2007,1.8904000000
syr,2008,1.8423000000
syr,2009,1.8429000000
syr,2010,1.8749000000
syr,2014,2.3094000000
syr,2016,1.5406000000
tjk,1990,5.9902000000
tjk,1991,6.2184000000
tjk,1992,5.8995000000
tjk,1993,5.7869000000
tjk,1994,5.5254000000
tjk,1995,5.0172000000
tjk,1996,4.9486000000
tjk,1997,4.8681000000
tjk,1998,4.4507000000
tjk,1999,4.3613000000
tjk,2000,4.1816000000
tjk,2001,3.8946000000
tjk,2002,3.8600000000
tjk,2003,3.5649000000
tjk,2004,3.5267000000
tjk,2005,3.4640000000
tjk,2006,3.5069000000
tjk,2007,3.5224000000
tjk,2008,3.5568000000
tjk,2009,3.5968000000
tjk,2010,3.9512000000
tjk,2011,4.0568000000
tjk,2012,4.3959000000
tjk,2013,5.0150000000
tjk,2014,4.7534000000
tza,2002,0.3762000000
tza,2006,0.2387000000
tza,2012,0.4421000000
tza,2014,0.4314000000
tza,2017,0.5843000000
tha,1991,0.7109000000
tha,1993,0.8000000000
tha,1995,0.9125000000
tha,1997,0.9264000000
tha,1998,1.0345000000
tha,1999,1.0916000000
tha,2001,1.2282000000
tha,2002,1.3217000000
tha,2004,1.4879000000
tha,2006,1.5448000000
tha,2007,1.5283000000
tha,2008,1.5842000000
tha,2009,1.6420000000
tha,2010,2.0643000000
tha,2015,2.3683000000
tha,2016,2.7724000000
tha,2017,2.9573000000
tha,2018,2.7593000000
tha,2019,3.1522000000
tls,2004,1.8469000000
tls,2007,1.0199000000
tls,2008,1.0451000000
tls,2009,1.1319000000
tls,2010,1.1477000000
tls,2011,1.1525000000
tls,2014,1.4025000000
tls,2015,1.4821000000
tls,2017,1.7413000000
tls,2018,1.6680000000
tls,2019,1.7555000000
tgo,2004,0.3543000000
tgo,2007,0.4175000000
tgo,2008,0.2985000000
tgo,2015,0.3018000000
tgo,2016,0.3169000000
tgo,2017,0.4201000000
tgo,2018,0.4102000000
tgo,2019,0.4643000000
ton,2001,3.4619000000
ton,2002,3.5354000000
ton,2008,3.5203000000
ton,2009,3.6381000000
ton,2010,3.8462000000
ton,2013,4.0079000000
ton,2018,4.1570000000
ton,2019,4.3349000000
tto,1995,2.9796000000
tto,1996,2.2672000000
tto,1997,2.2948000000
tto,1998,2.7273000000
tto,1999,2.8871000000
tto,2000,2.5994000000
tto,2001,2.7776000000
tto,2002,2.9870000000
tto,2003,3.1007000000
tto,2006,3.5537000000
tto,2007,3.5743000000
tto,2009,3.4719000000
tto,2010,2.9403000000
tto,2011,3.2772000000
tto,2015,3.4832000000
tto,2016,4.2639000000
tun,2003,2.0788000000
tun,2004,2.8474000000
tun,2008,2.1757000000
tun,2009,2.1528000000
tun,2010,2.2412000000
tun,2014,2.6511000000
tun,2015,2.6700000000
tun,2016,2.6583000000
tun,2017,2.5136000000
tur,2000,1.7575000000
tur,2001,1.7806000000
tur,2002,1.7480000000
tur,2003,1.7574000000
tur,2004,1.7756000000
tur,2005,1.7926000000
tur,2006,1.8487000000
tur,2007,2.0384000000
tur,2008,2.0958000000
tur,2009,2.1667000000
tur,2010,2.2829000000
tur,2011,2.4085000000
tur,2012,2.5234000000
tur,2013,2.5416000000
tur,2014,2.5284000000
tur,2015,2.6218000000
tur,2016,2.5731000000
tur,2017,2.7107000000
tur,2018,3.0027000000
tkm,2000,8.0118000000
tkm,2001,7.9645000000
tkm,2002,6.7833000000
tkm,2003,7.2106000000
tkm,2004,5.2332000000
tkm,2005,4.9465000000
tkm,2006,4.7870000000
tkm,2007,4.6034000000
tkm,2008,4.5411000000
tkm,2009,4.5030000000
tkm,2010,4.5135000000
tkm,2011,4.5136000000
tkm,2012,4.4963000000
tkm,2013,4.4453000000
tkm,2014,4.4273000000
tuv,2002,4.0625000000
tuv,2003,5.1546000000
tuv,2008,6.2136000000
uga,2005,1.3591000000
uga,2012,1.1811000000
uga,2013,1.3209000000
uga,2014,1.2296000000
uga,2015,1.5565000000
uga,2016,1.6401000000
uga,2017,1.4686000000
uga,2018,1.2382000000
ukr,2000,6.5953000000
ukr,2001,6.5732000000
ukr,2002,6.5594000000
ukr,2003,6.5799000000
ukr,2004,6.6006000000
ukr,2005,6.6407000000
ukr,2006,6.6503000000
ukr,2007,6.6468000000
ukr,2008,6.6081000000
ukr,2009,7.5440000000
ukr,2010,7.4719000000
ukr,2011,7.4711000000
ukr,2012,7.5132000000
ukr,2013,7.5702000000
ukr,2014,6.6610000000
are,1990,2.8320000000
are,1991,3.8318000000
are,1992,4.0017000000
are,1993,3.8098000000
are,1994,3.7073000000
are,1995,3.5808000000
are,1996,3.5643000000
are,1997,3.5509000000
are,1998,4.3680000000
are,1999,3.6409000000
are,2000,3.4010000000
are,2001,3.7182000000
are,2002,3.7976000000
are,2003,3.9548000000
are,2004,3.3515000000
are,2005,2.9999000000
are,2006,2.7999000000
are,2007,2.9802000000
are,2008,2.8181000000
are,2009,2.9243000000
are,2010,2.6529000000
are,2011,2.8558000000
are,2012,3.0099000000
are,2013,3.3402000000
are,2014,3.9589000000
are,2015,4.9828000000
are,2016,5.5311000000
are,2017,5.6829000000
are,2018,5.7271000000
gbr,2000,10.7638000000
gbr,2001,11.0023000000
gbr,2002,11.3479000000
gbr,2003,11.6214000000
gbr,2004,11.7619000000
gbr,2005,11.8700000000
gbr,2006,11.5700000000
gbr,2007,11.0266000000
gbr,2008,10.9344000000
gbr,2009,10.6783000000
gbr,2010,10.4991000000
gbr,2011,10.1724000000
gbr,2012,9.8189000000
gbr,2013,9.7978000000
gbr,2014,9.7760000000
gbr,2015,9.7357000000
gbr,2016,8.2751000000
gbr,2017,8.2245000000
gbr,2018,8.1723000000
gbr,2019,10.2922000000
usa,1995,8.9400000000
usa,2000,9.4673000000
usa,2005,9.9177000000
usa,2010,12.5927000000
usa,2017,14.5812000000
usa,2018,15.6850000000
ury,2006,2.9915000000
ury,2008,5.8664000000
ury,2018,9.9913000000
ury,2019,7.2173000000
uzb,1990,11.4665000000
uzb,1991,11.8806000000
uzb,1992,11.9175000000
uzb,1993,11.8835000000
uzb,1994,10.3193000000
uzb,1995,10.5832000000
uzb,1996,10.9978000000
uzb,1997,11.0851000000
uzb,1998,10.9166000000
uzb,1999,10.9277000000
uzb,2000,10.9024000000
uzb,2001,10.8773000000
uzb,2002,10.8396000000
uzb,2003,10.7753000000
uzb,2004,10.6905000000
uzb,2005,10.9794000000
uzb,2006,10.7864000000
uzb,2007,10.8724000000
uzb,2008,11.1342000000
uzb,2009,11.1730000000
uzb,2010,11.3794000000
uzb,2011,11.4244000000
uzb,2012,11.3964000000
uzb,2013,11.3259000000
uzb,2014,11.2804000000
vut,1997,2.4471000000
vut,2004,1.7638000000
vut,2007,1.5672000000
vut,2008,1.6911000000
vut,2012,1.8397000000
vut,2018,1.4247000000
vut,2019,1.4205000000
ven,1997,0.6577000000
ven,2001,1.1361000000
ven,2017,2.0100000000
ven,2018,2.0663000000
vnm,2001,0.7332000000
vnm,2002,0.7581000000
vnm,2005,0.8310000000
vnm,2006,0.8797000000
vnm,2007,0.9500000000
vnm,2008,1.0207000000
vnm,2009,1.1081000000
vnm,2010,1.2327000000
vnm,2012,1.4524000000
vnm,2013,0.2867000000
vnm,2014,1.4299000000
vnm,2015,1.4228000000
vnm,2016,1.4463000000
yem,1997,0.4148000000
yem,2004,0.7035000000
yem,2010,0.7165000000
yem,2013,0.8649000000
yem,2014,0.8789000000
yem,2015,0.7242000000
yem,2016,0.7485000000
yem,2017,0.7682000000
yem,2018,0.7852000000
zmb,2005,0.7059000000
zmb,2006,0.6875000000
zmb,2008,0.7076000000
zmb,2009,0.7186000000
zmb,2010,0.7300000000
zmb,2017,0.9310000000
zmb,2018,1.0227000000
zwe,1990,1.4540000000
zwe,1995,1.5267000000
zwe,2009,0.9491000000
zwe,2010,0.8289000000
zwe,2011,1.3201000000
zwe,2012,1.1846000000
zwe,2013,1.4024000000
zwe,2014,1.5372000000
zwe,2015,1.3825000000
zwe,2016,1.4000000000
zwe,2017,2.5972000000
zwe,2018,1.9346000000
