economy,year,sh_xpd_ghed_gd_zs
afg,2002,0.0841806200
afg,2003,0.6509633700
afg,2004,0.5429256000
afg,2005,0.5291841000
afg,2006,0.4978400200
afg,2007,0.5599475500
afg,2008,0.6277998100
afg,2009,0.5319035100
afg,2010,0.4691573400
afg,2011,0.4799997800
afg,2012,0.3428867500
afg,2013,0.4433593200
afg,2014,0.4726569700
afg,2015,0.5226728300
afg,2016,0.5566334100
afg,2017,0.6001465900
afg,2018,0.4859748200
alb,2000,2.7662553800
alb,2001,2.7540576500
alb,2002,2.5892710700
alb,2003,2.6703534100
alb,2004,2.8208270100
alb,2005,2.6653177700
alb,2006,2.5593106700
alb,2007,2.4357140100
alb,2008,2.2712636000
alb,2009,2.3380677700
alb,2010,2.3787455600
alb,2011,2.3655569600
alb,2012,2.4551868400
alb,2013,2.5777506800
alb,2014,2.5936265000
alb,2015,2.7313540000
alb,2016,2.8037073600
alb,2017,2.6739835700
alb,2018,2.8415393800
dza,2000,2.5108277800
dza,2001,2.9254992000
dza,2002,2.8079257000
dza,2003,2.7617898000
dza,2004,2.5288202800
dza,2005,2.2416727500
dza,2006,2.2969956400
dza,2007,2.6668732200
dza,2008,3.0251605500
dza,2009,3.8000240300
dza,2010,3.5555195800
dza,2011,3.7201528500
dza,2012,4.3761396400
dza,2013,4.2883157700
dza,2014,4.7145690900
dza,2015,4.9169888500
dza,2016,4.4724516900
dza,2017,4.2083811800
dza,2018,4.0938534700
and,2000,3.8858521000
and,2001,3.9454805900
and,2002,4.1242232300
and,2003,3.5823509700
and,2004,3.3218703300
and,2005,3.6228890400
and,2006,2.9931836100
and,2007,2.9882950800
and,2008,3.8745305500
and,2009,4.2886767400
and,2010,4.6969690300
and,2011,4.2807230900
and,2012,4.1006531700
and,2013,4.0053548800
and,2014,4.0784754800
and,2015,4.2996039400
and,2016,4.3827776900
and,2017,4.5623250000
and,2018,4.5586490600
ago,2000,1.1109874200
ago,2001,2.0463147200
ago,2002,1.3086270100
ago,2003,1.4655966800
ago,2004,1.6866339400
ago,2005,1.2787581700
ago,2006,1.4441196900
ago,2007,1.7219877200
ago,2008,2.1384356000
ago,2009,2.6004579100
ago,2010,1.6740955100
ago,2011,1.7132177400
ago,2012,1.5633355400
ago,2013,1.6951670600
ago,2014,1.3181601800
ago,2015,1.2342406500
ago,2016,1.1975370600
ago,2017,1.2918700000
ago,2018,1.0687836400
atg,2000,2.7155191900
atg,2001,3.2114393700
atg,2002,3.0901610900
atg,2003,3.3466551300
atg,2004,2.9693727500
atg,2005,2.7781031100
atg,2006,2.4536376000
atg,2007,2.2842180700
atg,2008,2.1345374600
atg,2009,2.3007566900
atg,2010,3.1368830200
atg,2011,3.0994508300
atg,2012,3.0845382200
atg,2013,3.0896055700
atg,2014,3.4742765400
atg,2015,3.1565825900
atg,2016,2.8605775800
atg,2017,2.7378678300
atg,2018,2.9041159200
arg,2000,4.6341137900
arg,2001,4.7287769300
arg,2002,4.1717453000
arg,2003,3.8912859000
arg,2004,3.7443835700
arg,2005,3.9133997000
arg,2006,4.0189890900
arg,2007,4.2549161900
arg,2008,4.5085473100
arg,2009,5.6698284100
arg,2010,5.5683426900
arg,2011,5.6811733200
arg,2012,6.1348547900
arg,2013,6.2204227400
arg,2014,6.3273081800
arg,2015,6.8243732500
arg,2016,5.5911865200
arg,2017,6.6089348800
arg,2018,5.9101710300
arm,2000,0.9546821700
arm,2001,1.3390857000
arm,2002,1.1718406700
arm,2003,1.2063573600
arm,2004,1.2941149500
arm,2005,1.4784110800
arm,2006,1.5864076600
arm,2007,1.6138911200
arm,2008,1.4881336700
arm,2009,1.8116908100
arm,2010,1.6862883600
arm,2011,1.6728667000
arm,2012,1.5781698200
arm,2013,1.3756580400
arm,2014,1.5054800500
arm,2015,1.6102082700
arm,2016,1.6373432900
arm,2017,1.3725060200
arm,2018,1.2371436400
aus,2000,5.4694981600
aus,2001,5.4726715100
aus,2002,5.6782736800
aus,2003,5.6391658800
aus,2004,5.8134565400
aus,2005,5.7398743600
aus,2006,5.7257361400
aus,2007,5.8817467700
aus,2008,5.9714541400
aus,2009,6.2520132100
aus,2010,6.1003284500
aus,2011,6.2575564400
aus,2012,6.1800675400
aus,2013,5.9192056700
aus,2014,6.0815305700
aus,2015,6.3590989100
aus,2016,6.3112044300
aus,2017,6.3377323200
aus,2018,6.4124374400
aut,2000,6.8257865900
aut,2001,6.8264975500
aut,2002,6.8993406300
aut,2003,6.9826855700
aut,2004,6.9961028100
aut,2005,6.9941997500
aut,2006,6.9434433000
aut,2007,6.9392724000
aut,2008,7.1763200800
aut,2009,7.4491767900
aut,2010,7.3995790500
aut,2011,7.2878980600
aut,2012,7.4325108500
aut,2013,7.4231281300
aut,2014,7.5186386100
aut,2015,7.5118532200
aut,2016,7.4908599900
aut,2017,7.5139207800
aut,2018,7.5464735000
aze,2000,0.8668927600
aze,2001,0.7900677900
aze,2002,0.7344682800
aze,2003,0.7790041000
aze,2004,0.8643235000
aze,2005,0.9178650400
aze,2006,0.8660775400
aze,2007,0.9068911100
aze,2008,0.8637400300
aze,2009,1.1307280100
aze,2010,1.0107778300
aze,2011,0.9479098900
aze,2012,1.1136536600
aze,2013,1.0630719700
aze,2014,1.1279809500
aze,2015,1.3026182700
aze,2016,1.1633974300
aze,2017,1.0020126100
aze,2018,0.9321152000
bhs,2000,1.5059162400
bhs,2001,1.5661813000
bhs,2002,1.5094329100
bhs,2003,1.6284655300
bhs,2004,1.6116778900
bhs,2005,1.5876555400
bhs,2006,1.6572747200
bhs,2007,1.8002530300
bhs,2008,2.0845289200
bhs,2009,2.3472368700
bhs,2010,2.3692817700
bhs,2011,2.3749799700
bhs,2012,2.3136742100
bhs,2013,2.5525937100
bhs,2014,2.5500667100
bhs,2015,2.3102595800
bhs,2016,2.7326436000
bhs,2017,3.7975239800
bhs,2018,3.1381137400
bhr,2000,2.3516430900
bhr,2001,2.4621417500
bhr,2002,2.5719432800
bhr,2003,2.4901297100
bhr,2004,2.2566747700
bhr,2005,2.1472685300
bhr,2006,2.1113824800
bhr,2007,2.1646022800
bhr,2008,2.1703112100
bhr,2009,2.5924868600
bhr,2010,2.4198281800
bhr,2011,2.2369225000
bhr,2012,2.6834809800
bhr,2013,2.8083627200
bhr,2014,2.8672535400
bhr,2015,3.2280612000
bhr,2016,2.9812138100
bhr,2017,2.7528953600
bhr,2018,2.4318726100
bgd,2000,0.5743687200
bgd,2001,0.4384977800
bgd,2002,0.5317507400
bgd,2003,0.5480883700
bgd,2004,0.5409275900
bgd,2005,0.5050731900
bgd,2006,0.5360944300
bgd,2007,0.5460789800
bgd,2008,0.5005247600
bgd,2009,0.4892531300
bgd,2010,0.5248445300
bgd,2011,0.5368613000
bgd,2012,0.5266963200
bgd,2013,0.4939225900
bgd,2014,0.4751096100
bgd,2015,0.4342642700
bgd,2016,0.3794978300
bgd,2017,0.3796480300
bgd,2018,0.3977879000
brb,2000,2.7647612100
brb,2001,2.9443569200
brb,2002,3.1366906200
brb,2003,3.7588522400
brb,2004,4.3437790900
brb,2005,3.8717072000
brb,2006,3.7041220700
brb,2007,3.2979130700
brb,2008,3.5830385700
brb,2009,3.9028670800
brb,2010,3.6207563900
brb,2011,3.3458583400
brb,2012,4.3039045300
brb,2013,3.8064963800
brb,2014,3.2854676200
brb,2015,3.2003290700
brb,2016,3.1507828200
brb,2017,3.0033567000
brb,2018,2.9384310200
blr,2000,4.3043808900
blr,2001,4.4042282100
blr,2002,4.2182326300
blr,2003,4.5354843100
blr,2004,4.5489740400
blr,2005,4.6759629200
blr,2006,4.1207871400
blr,2007,4.1304125800
blr,2008,3.6003568200
blr,2009,3.4803841100
blr,2010,3.8492190800
blr,2011,3.0884151500
blr,2012,3.4436979300
blr,2013,3.5686817200
blr,2014,3.3728804600
blr,2015,3.6867420700
blr,2016,4.1929879200
blr,2017,3.9805471900
blr,2018,3.9742019200
bel,2000,5.9618592300
bel,2001,6.1394844100
bel,2002,6.1324567800
bel,2003,6.7920603800
bel,2004,6.9952755000
bel,2005,6.8989529600
bel,2006,6.8088359800
bel,2007,6.7770609900
bel,2008,7.2719583500
bel,2009,7.8767275800
bel,2010,7.7819609600
bel,2011,7.8981218300
bel,2012,8.0316152600
bel,2013,8.0243310900
bel,2014,7.9155535700
bel,2015,7.8978390700
bel,2016,7.8212604500
bel,2017,7.9011330600
bel,2018,7.8199439000
blz,2000,1.8519673300
blz,2001,2.3722426900
blz,2002,2.4417221500
blz,2003,2.3161253900
blz,2004,2.2647507200
blz,2005,2.3597848400
blz,2006,2.5793573900
blz,2007,3.1415672300
blz,2008,3.7017571900
blz,2009,3.6606662300
blz,2010,3.7245121000
blz,2011,3.6726360300
blz,2012,3.4987793000
blz,2013,3.6968398100
blz,2014,3.8335828800
blz,2015,3.9460034400
blz,2016,4.1544303900
blz,2017,3.9134767100
blz,2018,3.9039802600
ben,2000,0.8070660800
ben,2001,0.9271199100
ben,2002,0.7256529300
ben,2003,0.6647471800
ben,2004,0.7316609000
ben,2005,0.6828585900
ben,2006,0.7194643600
ben,2007,0.5959442900
ben,2008,0.5628997100
ben,2009,0.7473361500
ben,2010,0.7244271000
ben,2011,0.7959452300
ben,2012,0.7467217400
ben,2013,0.7646274600
ben,2014,0.5753282900
ben,2015,0.5854480300
ben,2016,0.5749130800
ben,2017,0.8144052000
ben,2018,0.4905096600
btn,2000,3.4337713700
btn,2001,3.4292671700
btn,2002,3.2254464600
btn,2003,2.7718334200
btn,2004,2.9494450100
btn,2005,2.5689153700
btn,2006,2.3982930200
btn,2007,2.6016032700
btn,2008,2.2817339900
btn,2009,2.5563278200
btn,2010,2.5027854400
btn,2011,2.4007554100
btn,2012,2.4590075000
btn,2013,2.4944908600
btn,2014,2.3939034900
btn,2015,2.7155344500
btn,2016,2.5744314200
btn,2017,2.4180605400
btn,2018,2.4321668100
bol,2000,2.4320163700
bol,2001,2.6140191600
bol,2002,2.6021459100
bol,2003,2.7548646900
bol,2004,2.5355176900
bol,2005,2.7536964400
bol,2006,2.6110627700
bol,2007,2.7755427400
bol,2008,2.7018880800
bol,2009,3.1583070800
bol,2010,3.0572929400
bol,2011,3.0206100900
bol,2012,2.9963541000
bol,2013,3.2624266100
bol,2014,3.6924076100
bol,2015,4.3064522700
bol,2016,4.4294467000
bol,2017,4.4475817700
bol,2018,4.4843430500
bih,2000,4.0867261900
bih,2001,4.3430109000
bih,2002,4.4333286300
bih,2003,5.4927196500
bih,2004,5.1620101900
bih,2005,4.9405345900
bih,2006,5.0046134000
bih,2007,5.2721939100
bih,2008,5.3958892800
bih,2009,6.1393461200
bih,2010,6.1379308700
bih,2011,6.2748565700
bih,2012,6.5138025300
bih,2013,6.5818095200
bih,2014,6.6620273600
bih,2015,6.4612045300
bih,2016,6.5352463700
bih,2017,6.2601990700
bih,2018,6.2131824500
bwa,2000,3.1947727200
bwa,2001,3.4867301000
bwa,2002,3.7331774200
bwa,2003,3.5800530900
bwa,2004,3.3818621600
bwa,2005,2.8412618600
bwa,2006,2.7308955200
bwa,2007,3.0230944200
bwa,2008,3.5962443400
bwa,2009,3.3608388900
bwa,2010,3.5649550000
bwa,2011,3.5479133100
bwa,2012,3.9614353200
bwa,2013,3.9791774700
bwa,2014,3.7986803100
bwa,2015,3.8800191900
bwa,2016,3.6989965400
bwa,2017,4.6413893700
bwa,2018,4.5309739100
bra,2000,3.4702467900
bra,2001,3.5131104000
bra,2002,3.6895308500
bra,2003,3.5130183700
bra,2004,3.4713707000
bra,2005,3.3488671800
bra,2006,3.5453364800
bra,2007,3.4871473300
bra,2008,3.5064764000
bra,2009,3.7108392700
bra,2010,3.5787992500
bra,2011,3.4657425900
bra,2012,3.3541929700
bra,2013,3.5514111500
bra,2014,3.6987788700
bra,2015,3.8066611300
bra,2016,3.9554905900
bra,2017,3.9656806000
bra,2018,3.9648194300
brn,2000,2.1406180900
brn,2001,2.1147217800
brn,2002,2.1147270200
brn,2003,2.1549112800
brn,2004,2.1163954700
brn,2005,1.8654813800
brn,2006,1.6237275600
brn,2007,1.6925774800
brn,2008,1.6806033800
brn,2009,2.1657393000
brn,2010,2.0900459300
brn,2011,1.7061734200
brn,2012,1.6871253300
brn,2013,1.7197314500
brn,2014,1.7739567800
brn,2015,2.2683653800
brn,2016,2.4213869600
brn,2017,2.1475052800
brn,2018,2.2956669300
bgr,2000,3.4715004000
bgr,2001,3.8459017300
bgr,2002,4.2019476900
bgr,2003,4.3713245400
bgr,2004,4.0950832400
bgr,2005,4.1045699100
bgr,2006,3.6334104500
bgr,2007,3.4342899300
bgr,2008,3.4833569500
bgr,2009,3.5505015900
bgr,2010,3.9444215300
bgr,2011,3.8663978600
bgr,2012,3.8501052900
bgr,2013,4.0560083400
bgr,2014,4.4900078800
bgr,2015,4.1438808400
bgr,2016,4.1239433300
bgr,2017,4.0647363700
bgr,2018,4.2343692800
bfa,2000,1.0809581300
bfa,2001,1.0929343700
bfa,2002,1.1895501600
bfa,2003,1.1027982200
bfa,2004,1.9123739000
bfa,2005,1.3749589900
bfa,2006,1.6138904100
bfa,2007,1.6107149100
bfa,2008,1.5308444500
bfa,2009,1.8465082600
bfa,2010,1.4692056200
bfa,2011,1.5144665200
bfa,2012,1.1975555400
bfa,2013,1.8132613900
bfa,2014,1.8300811100
bfa,2015,1.6529815200
bfa,2016,2.8170130300
bfa,2017,2.9929769000
bfa,2018,2.3925395000
bdi,2000,1.4650725100
bdi,2001,1.6924420600
bdi,2002,1.5355022000
bdi,2003,1.3550808400
bdi,2004,2.3683321500
bdi,2005,2.0624661400
bdi,2006,2.3640029400
bdi,2007,2.4639120100
bdi,2008,1.5595164300
bdi,2009,2.0812256300
bdi,2010,1.9852922000
bdi,2011,3.4710757700
bdi,2012,2.6694910500
bdi,2013,1.4696272600
bdi,2014,2.5698947900
bdi,2015,2.4996273500
bdi,2016,1.8034485600
bdi,2017,1.8578833300
bdi,2018,1.9024312500
cpv,2000,3.1613957900
cpv,2001,3.4698507800
cpv,2002,3.4620277900
cpv,2003,3.3008549200
cpv,2004,3.1233646900
cpv,2005,2.9531762600
cpv,2006,2.9746360800
cpv,2007,2.9769117800
cpv,2008,2.4524164200
cpv,2009,2.7768504600
cpv,2010,2.8310132000
cpv,2011,2.8650193200
cpv,2012,3.0749182700
cpv,2013,3.0559034300
cpv,2014,3.0434806300
cpv,2015,3.1743044900
cpv,2016,3.0803906900
cpv,2017,3.2810852500
cpv,2018,3.2248084500
khm,2000,1.2926054000
khm,2001,1.1849401000
khm,2002,1.4006600400
khm,2003,1.4853875600
khm,2004,1.3728840400
khm,2005,1.2205244300
khm,2006,0.9599137900
khm,2007,0.9719938000
khm,2008,1.0243121400
khm,2009,1.2173858900
khm,2010,1.3628325500
khm,2011,1.2798712300
khm,2012,1.4067030000
khm,2013,1.4195582900
khm,2014,1.2397720800
khm,2015,1.3446514600
khm,2016,1.3338146200
khm,2017,1.0907073000
khm,2018,1.2820390500
cmr,2000,0.6743059800
cmr,2001,0.8233603800
cmr,2002,0.9517914700
cmr,2003,0.9393584100
cmr,2004,0.7606453300
cmr,2005,0.7087048900
cmr,2006,0.6995305400
cmr,2007,0.6078852400
cmr,2008,0.5756103400
cmr,2009,0.4787049300
cmr,2010,0.4176919500
cmr,2011,0.5974438800
cmr,2012,0.6632318500
cmr,2013,0.5006951100
cmr,2014,0.6130204800
cmr,2015,0.3788302200
cmr,2016,0.3789710700
cmr,2017,0.1455091200
cmr,2018,0.2103716900
can,2000,6.0289673800
can,2001,6.3011951400
can,2002,6.4384608300
can,2003,6.6138811100
can,2004,6.6466169400
can,2005,6.6202240000
can,2006,6.7941894500
can,2007,6.8817720400
can,2008,7.0158391000
can,2009,7.8702344900
can,2010,7.8178367600
can,2011,7.6326327300
can,2012,7.7276415800
can,2013,7.6785907700
can,2014,7.5483093300
can,2015,7.9100427600
can,2016,8.0176553700
can,2017,7.8989796600
can,2018,7.9301104500
caf,2000,1.7156925200
caf,2001,1.5091910400
caf,2002,1.4225130100
caf,2003,1.5426212500
caf,2004,1.4737082700
caf,2005,1.0271253600
caf,2006,1.2099502100
caf,2007,1.2598409700
caf,2008,0.7357585400
caf,2009,0.6896175100
caf,2010,0.5709896100
caf,2011,0.3784723600
caf,2012,0.6224986900
caf,2013,0.9496533300
caf,2014,0.7107237600
caf,2015,0.4558520300
caf,2016,0.5995342700
caf,2017,0.7288199700
caf,2018,0.6883882300
tcd,2000,2.0750393900
tcd,2001,1.8451091100
tcd,2002,2.0957243400
tcd,2003,1.7368314300
tcd,2004,1.9179346600
tcd,2005,1.4299452300
tcd,2006,0.9952843200
tcd,2007,1.0225659600
tcd,2008,0.7947852000
tcd,2009,0.9254676100
tcd,2010,0.8517992500
tcd,2011,0.8374613500
tcd,2012,0.9554659100
tcd,2013,1.1361997100
tcd,2014,1.2344651200
tcd,2015,0.9619838600
tcd,2016,0.8224574900
tcd,2017,0.6961490500
tcd,2018,0.6968554900
chl,2000,2.5182218600
chl,2001,2.6004109400
chl,2002,2.7277994200
chl,2003,2.8048191100
chl,2004,2.7236371000
chl,2005,2.5921649900
chl,2006,2.4954757700
chl,2007,2.6096429800
chl,2008,2.9338076100
chl,2009,3.3783137800
chl,2010,3.1912798900
chl,2011,3.1934008600
chl,2012,3.3655207200
chl,2013,3.5473904600
chl,2014,3.7268831700
chl,2015,3.9866809800
chl,2016,4.2297625500
chl,2017,4.5703282400
chl,2018,4.6468858700
chn,2000,0.9830456400
chn,2001,0.9672049300
chn,2002,1.1038398700
chn,2003,1.2428616300
chn,2004,1.2874556800
chn,2005,1.3568959200
chn,2006,1.3770307300
chn,2007,1.4278416600
chn,2008,1.7262349100
chn,2009,2.1349082000
chn,2010,2.1842098200
chn,2011,2.3237559800
chn,2012,2.5356192600
chn,2013,2.6870818100
chn,2014,2.7883040900
chn,2015,2.9420826400
chn,2016,2.8945441200
chn,2017,2.9193527700
chn,2018,3.0188880000
col,2000,4.2001781500
col,2001,4.4598283800
col,2002,4.3678035700
col,2003,4.4687194800
col,2004,4.2640662200
col,2005,4.3574118600
col,2006,4.5669598600
col,2007,4.5860624300
col,2008,4.7456269300
col,2009,5.2679739000
col,2010,5.1072573700
col,2011,4.9838352200
col,2012,4.7128729800
col,2013,4.9020643200
col,2014,5.0589265800
col,2015,5.3288922300
col,2016,5.2966337200
col,2017,5.4549818000
col,2018,5.4712009400
com,2000,0.9488475300
com,2001,0.7253110400
com,2002,1.0434773000
com,2003,0.9523264200
com,2004,0.8826903100
com,2005,0.7840052200
com,2006,0.7424746800
com,2007,0.6674422600
com,2008,0.5530096900
com,2009,0.4820338500
com,2010,0.4654198900
com,2011,0.9931451700
com,2012,0.5109545000
com,2013,0.5638361600
com,2014,0.5527646500
com,2015,0.7431261500
com,2016,0.6685267700
com,2017,0.5144081100
com,2018,0.4249519700
cod,2000,0.0618290000
cod,2001,0.1060419700
cod,2002,0.1039288700
cod,2003,0.2287525200
cod,2004,0.1855432800
cod,2005,0.2173065700
cod,2006,0.2255552000
cod,2007,0.2424000100
cod,2008,0.2906416700
cod,2009,0.3105248800
cod,2010,0.3964677500
cod,2011,0.3542347000
cod,2012,0.5326095200
cod,2013,0.4982188300
cod,2014,0.5509029000
cod,2015,0.6620494700
cod,2016,0.5513347400
cod,2017,0.4136087900
cod,2018,0.4977006300
cog,2000,0.5793023100
cog,2001,1.0492688400
cog,2002,0.4763036100
cog,2003,0.5527131000
cog,2004,0.4768521500
cog,2005,0.4719162300
cog,2006,0.5788861500
cog,2007,0.6918697400
cog,2008,1.2534207100
cog,2009,0.6405524600
cog,2010,0.8860282900
cog,2011,0.6881974900
cog,2012,1.0610616200
cog,2013,1.1993088700
cog,2014,1.2033751000
cog,2015,1.5554302900
cog,2016,1.5713237500
cog,2017,1.2017730500
cog,2018,0.7859768300
cri,2000,4.2804660800
cri,2001,4.2609524700
cri,2002,4.6133871100
cri,2003,4.6461610800
cri,2004,4.3962578800
cri,2005,4.2820000600
cri,2006,4.6077661500
cri,2007,4.6567745200
cri,2008,5.0963769000
cri,2009,5.6096849400
cri,2010,5.8672061000
cri,2011,5.7685036700
cri,2012,5.5933055900
cri,2013,5.5865364100
cri,2014,5.5977377900
cri,2015,5.6877026600
cri,2016,5.5238323200
cri,2017,5.3873443600
cri,2018,5.4754152300
civ,2000,0.8112601000
civ,2001,0.7046649500
civ,2002,0.7509873500
civ,2003,0.7125566000
civ,2004,0.7739841900
civ,2005,0.7313525100
civ,2006,0.7710359100
civ,2007,0.8131909400
civ,2008,0.8340375400
civ,2009,0.9236782800
civ,2010,0.8122253400
civ,2011,0.8014969800
civ,2012,1.0312843300
civ,2013,1.0060647700
civ,2014,1.0748678400
civ,2015,1.0831732700
civ,2016,1.1538461400
civ,2017,1.2673425700
civ,2018,1.2072671700
hrv,2000,6.5485382100
hrv,2001,5.9151029600
hrv,2002,4.9024210000
hrv,2003,5.1701073600
hrv,2004,5.2436480500
hrv,2005,5.8696513200
hrv,2006,5.9067344700
hrv,2007,6.4503231000
hrv,2008,6.4766669300
hrv,2009,6.7721567200
hrv,2010,6.7591676700
hrv,2011,6.3866639100
hrv,2012,6.4433140800
hrv,2013,5.5567765200
hrv,2014,5.6304225900
hrv,2015,5.6391582500
hrv,2016,5.6525540400
hrv,2017,5.6155204800
hrv,2018,5.6807222400
cub,2000,5.5088434200
cub,2001,5.6706562000
cub,2002,5.7278099100
cub,2003,5.6491146100
cub,2004,5.4684186000
cub,2005,7.4301538500
cub,2006,7.0804901100
cub,2007,9.8824482000
cub,2008,10.2924909600
cub,2009,11.2829341900
cub,2010,9.7024965300
cub,2011,10.0671005200
cub,2012,8.0629234300
cub,2013,9.1383667000
cub,2014,10.9575710300
cub,2015,11.5749635700
cub,2016,10.9480161700
cub,2017,10.4748611500
cub,2018,9.9462337500
cyp,2000,2.1802735300
cyp,2001,2.2335310000
cyp,2002,2.4922118200
cyp,2003,2.4770717600
cyp,2004,2.2318084200
cyp,2005,2.2543015500
cyp,2006,2.3401067300
cyp,2007,2.3124260900
cyp,2008,2.5026631400
cyp,2009,2.7496507200
cyp,2010,2.9815375800
cyp,2011,3.0571618100
cyp,2012,3.0096478500
cyp,2013,3.1639576000
cyp,2014,2.9596638700
cyp,2015,2.8625867400
cyp,2016,2.8037028300
cyp,2017,2.7712268800
cyp,2018,2.8975887300
cze,2000,5.0717034300
cze,2001,5.1486377700
cze,2002,5.4596052200
cze,2003,5.7339558600
cze,2004,5.5938329700
cze,2005,5.4382963200
cze,2006,5.2973618500
cze,2007,5.0409927400
cze,2008,5.1510653500
cze,2009,6.0446066900
cze,2010,5.7591433500
cze,2011,5.8392643900
cze,2012,5.8718638400
cze,2013,6.5112524000
cze,2014,6.3191628500
cze,2015,5.9559335700
cze,2016,5.8539714800
cze,2017,5.9115400300
cze,2018,6.3239545800
dnk,2000,6.7353396400
dnk,2001,7.0463838600
dnk,2002,7.2932081200
dnk,2003,7.4710221300
dnk,2004,7.5256266600
dnk,2005,7.6128125200
dnk,2006,7.6898922900
dnk,2007,7.8059272800
dnk,2008,7.9914183600
dnk,2009,9.0153980300
dnk,2010,8.6674261100
dnk,2011,8.4892158500
dnk,2012,8.6006670000
dnk,2013,8.5690088300
dnk,2014,8.5636787400
dnk,2015,8.6095552400
dnk,2016,8.5338506700
dnk,2017,8.4357042300
dnk,2018,8.4473724400
dji,2000,1.4109472000
dji,2001,1.2518507200
dji,2002,1.2866325400
dji,2003,1.5041719700
dji,2004,1.4389967900
dji,2005,1.3976439200
dji,2006,1.7263062000
dji,2007,1.7355521900
dji,2008,1.8316139000
dji,2009,1.9051395700
dji,2010,1.8576946300
dji,2011,2.1438858500
dji,2012,1.8901659300
dji,2013,1.8073501600
dji,2014,1.7638063400
dji,2015,1.6929758800
dji,2016,1.3222856500
dji,2017,1.1444875000
dji,2018,1.1520702800
dma,2000,3.3602378400
dma,2001,2.5710046300
dma,2002,2.4065275200
dma,2003,2.6903340800
dma,2004,2.5589079900
dma,2005,2.7912697800
dma,2006,2.6950173400
dma,2007,2.5205073400
dma,2008,2.6149225200
dma,2009,2.6725866800
dma,2010,2.9594957800
dma,2011,3.1510670200
dma,2012,3.4805614900
dma,2013,3.2571978600
dma,2014,3.1907255600
dma,2015,3.2526876900
dma,2016,3.3348035800
dma,2017,3.7535867700
dma,2018,4.2720928200
dom,2000,1.7105132300
dom,2001,1.7034113400
dom,2002,1.6795551800
dom,2003,1.1599065100
dom,2004,1.1476725300
dom,2005,1.3930892900
dom,2006,1.4017192100
dom,2007,1.6847914500
dom,2008,2.1208324400
dom,2009,2.3301568000
dom,2010,2.5163848400
dom,2011,2.7252113800
dom,2012,2.7637133600
dom,2013,2.7781701100
dom,2014,2.4608883900
dom,2015,2.3679752300
dom,2016,2.6646654600
dom,2017,2.6822028200
dom,2018,2.5401179800
ecu,2000,0.9610240500
ecu,2001,1.2551087100
ecu,2002,1.4128340500
ecu,2003,1.6680541000
ecu,2004,1.7326190500
ecu,2005,1.6827616700
ecu,2006,1.8175663900
ecu,2007,2.2309145900
ecu,2008,2.2854111200
ecu,2009,2.6548407100
ecu,2010,3.1923406100
ecu,2011,3.7274055500
ecu,2012,4.1797637900
ecu,2013,4.3886032100
ecu,2014,4.4486327200
ecu,2015,4.2411398900
ecu,2016,4.2366113700
ecu,2017,4.3616461800
ecu,2018,4.2304620700
egy,2000,1.7320690200
egy,2001,1.8480025500
egy,2002,1.8990774200
egy,2003,1.6676878900
egy,2004,1.5791299300
egy,2005,1.5893116000
egy,2006,1.7442729500
egy,2007,1.5685594100
egy,2008,1.5361136200
egy,2009,1.5346106300
egy,2010,1.3676873400
egy,2011,1.4746011500
egy,2012,1.3523018400
egy,2013,1.4390454300
egy,2014,1.4845539300
egy,2015,1.6673296700
egy,2016,1.6556836400
egy,2017,1.7446686000
egy,2018,1.4215319200
slv,2000,3.9431481400
slv,2001,3.8334186100
slv,2002,4.0032615700
slv,2003,3.8891925800
slv,2004,4.0165090600
slv,2005,4.2482481000
slv,2006,4.5603642500
slv,2007,4.1511297200
slv,2008,4.1380577100
slv,2009,4.1698274600
slv,2010,4.4435305600
slv,2011,4.8678641300
slv,2012,4.5167918200
slv,2013,4.8367967600
slv,2014,4.7782211300
slv,2015,4.9062991100
slv,2016,4.9752202000
slv,2017,4.6072526000
slv,2018,4.5394344300
gnq,2000,0.3189595300
gnq,2001,0.1898161200
gnq,2002,0.1585201600
gnq,2003,0.1675783200
gnq,2004,0.2304458500
gnq,2005,0.2067157500
gnq,2006,0.2612515400
gnq,2007,0.2897463700
gnq,2008,0.2977960400
gnq,2009,0.5879650700
gnq,2010,0.4537107100
gnq,2011,0.4049454900
gnq,2012,0.5242336400
gnq,2013,0.4272111400
gnq,2014,0.4709379700
gnq,2015,0.5543937100
gnq,2016,0.6944863200
gnq,2017,0.5851467800
gnq,2018,0.5956280200
eri,2000,2.0524513700
eri,2001,1.7919514200
eri,2002,2.1195554700
eri,2003,1.6689846500
eri,2004,1.5593377400
eri,2005,0.8529866300
eri,2006,0.8182653200
eri,2007,1.2148824900
eri,2008,1.4837212600
eri,2009,1.0316931000
eri,2010,1.1026418200
eri,2011,0.8179203900
eri,2012,0.8239272200
eri,2013,0.8098303100
eri,2014,0.5404333500
eri,2015,0.7437438400
eri,2016,0.6107682600
eri,2017,0.7903974700
eri,2018,0.6372399300
est,2000,3.9224736700
est,2001,3.7384424200
est,2002,3.5823161600
est,2003,3.6969993100
est,2004,3.7867319600
est,2005,3.7436716600
est,2006,3.5632844000
est,2007,3.7411403700
est,2008,4.3544149400
est,2009,5.0261011100
est,2010,4.6545581800
est,2011,4.3252377500
est,2012,4.4086842500
est,2013,4.5115447000
est,2014,4.5842442500
est,2015,4.7824544900
est,2016,4.8501038600
est,2017,4.8454694700
est,2018,4.9205517800
swz,2000,2.4108104700
swz,2001,2.3843185900
swz,2002,2.4225831000
swz,2003,2.9170405900
swz,2004,3.0239448500
swz,2005,3.6406045000
swz,2006,3.4594867200
swz,2007,3.7541039000
swz,2008,4.4539189300
swz,2009,4.4614906300
swz,2010,4.2280902900
swz,2011,3.6115586800
swz,2012,3.4132783400
swz,2013,3.3248484100
swz,2014,2.7401225600
swz,2015,2.9371852900
swz,2016,2.8276464900
swz,2017,3.5069360700
swz,2018,2.1498565700
eth,2000,1.7995612600
eth,2001,2.0154388000
eth,2002,2.0812320700
eth,2003,2.2763667100
eth,2004,1.3252451400
eth,2005,1.7282313100
eth,2006,1.1201326800
eth,2007,1.3330674200
eth,2008,0.5142492100
eth,2009,0.9070071600
eth,2010,0.9439687100
eth,2011,0.3811754600
eth,2012,1.0666327500
eth,2013,1.0996722000
eth,2014,0.7147955900
eth,2015,0.9654089800
eth,2016,0.9156910800
eth,2017,0.8737254100
eth,2018,0.7701149000
fji,2000,2.6313321600
fji,2001,2.0865433200
fji,2002,2.2017788900
fji,2003,2.2232654100
fji,2004,2.2177188400
fji,2005,2.4168481800
fji,2006,2.4755113100
fji,2007,2.4681818500
fji,2008,2.2114434200
fji,2009,2.1923708900
fji,2010,2.1831135700
fji,2011,1.8899345400
fji,2012,1.9140372300
fji,2013,1.8716199400
fji,2014,2.0661068000
fji,2015,2.0984785600
fji,2016,2.0958652500
fji,2017,2.1107094300
fji,2018,2.3386900400
fin,2000,5.3710937500
fin,2001,5.5264282200
fin,2002,5.8596534700
fin,2003,6.1372661600
fin,2004,6.2730827300
fin,2005,6.4486875500
fin,2006,6.5232448600
fin,2007,6.3554468200
fin,2008,6.5766663600
fin,2009,7.2397508600
fin,2010,7.1804533000
fin,2011,7.3015160600
fin,2012,7.6498737300
fin,2013,7.7914757700
fin,2014,7.7814946200
fin,2015,7.5776310000
fin,2016,7.2991805100
fin,2017,7.1315622300
fin,2018,7.0994348500
fra,2000,6.9707026500
fra,2001,7.0616564800
fra,2002,7.3163962400
fra,2003,7.3237090100
fra,2004,7.3839097000
fra,2005,7.4106597900
fra,2006,7.4088149100
fra,2007,7.3480925600
fra,2008,7.4266219100
fra,2009,7.9862489700
fra,2010,7.9206099500
fra,2011,7.8676471700
fra,2012,7.9553031900
fra,2013,8.0585317600
fra,2014,8.1712045700
fra,2015,8.3010721200
fra,2016,8.3533029600
fra,2017,8.3497629200
fra,2018,8.2600622200
gab,2000,1.0638380100
gab,2001,1.2630013200
gab,2002,1.1996045100
gab,2003,1.4352077200
gab,2004,1.3595464200
gab,2005,1.0543110400
gab,2006,1.2173731300
gab,2007,1.2334257400
gab,2008,1.0624164300
gab,2009,1.5406384500
gab,2010,1.5732575700
gab,2011,1.5855834500
gab,2012,1.4828583000
gab,2013,1.8230292800
gab,2014,1.5166884700
gab,2015,1.5654940600
gab,2016,2.0105507400
gab,2017,1.7597992400
gab,2018,1.6085559100
gmb,2000,0.5846713800
gmb,2001,0.5934853600
gmb,2002,0.5269528600
gmb,2003,0.5704515000
gmb,2004,0.7589309800
gmb,2005,0.7939007300
gmb,2006,0.8597961700
gmb,2007,0.6864029800
gmb,2008,0.7084214100
gmb,2009,0.8801949000
gmb,2010,0.8924976000
gmb,2011,1.0144969200
gmb,2012,1.1724184800
gmb,2013,1.0837651500
gmb,2014,1.0922869400
gmb,2015,0.9982920300
gmb,2016,1.2167706500
gmb,2017,1.0609788900
gmb,2018,0.9465318900
geo,2000,0.8439516400
geo,2001,1.1672160600
geo,2002,1.1534335600
geo,2003,1.1793555000
geo,2004,1.2113192100
geo,2005,1.2391361000
geo,2006,1.2182741200
geo,2007,1.1239261600
geo,2008,1.5779815900
geo,2009,2.1071944200
geo,2010,2.0344212100
geo,2011,1.4664804900
geo,2012,1.6280047900
geo,2013,1.9778747600
geo,2014,2.3292512900
geo,2015,2.8215141300
geo,2016,3.0856034800
geo,2017,2.6267111300
geo,2018,2.8070135100
deu,2000,7.7330031400
deu,2001,7.7554383300
deu,2002,7.9253182400
deu,2003,8.0524244300
deu,2004,7.7004404100
deu,2005,7.8034443900
deu,2006,7.6594076200
deu,2007,7.5554804800
deu,2008,7.7176818800
deu,2009,8.5021648400
deu,2010,8.4002494800
deu,2011,8.1261234300
deu,2012,8.1818447100
deu,2013,8.3995943100
deu,2014,8.4836530700
deu,2015,8.6019668600
deu,2016,8.6766367000
deu,2017,8.7987518300
deu,2018,8.8792486200
gha,2000,0.7759282600
gha,2001,1.0637131900
gha,2002,0.6973545000
gha,2003,0.8247773100
gha,2004,0.7247185100
gha,2005,1.4698644900
gha,2006,1.4750188600
gha,2007,1.6479333600
gha,2008,1.7585867600
gha,2009,2.1807529900
gha,2010,2.3842184500
gha,2011,2.3686533000
gha,2012,1.9841187000
gha,2013,1.8749147700
gha,2014,1.4382982300
gha,2015,1.6214003600
gha,2016,1.3277071700
gha,2017,1.0872182800
gha,2018,1.3763771100
grc,2000,4.4638028100
grc,2001,5.0488243100
grc,2002,4.9779529600
grc,2003,5.0579943700
grc,2004,4.7450952500
grc,2005,5.2102384600
grc,2006,5.0880932800
grc,2007,5.3189892800
grc,2008,5.7675848000
grc,2009,6.4268646200
grc,2010,6.5570526100
grc,2011,5.9317231200
grc,2012,5.5924592000
grc,2013,5.0765471500
grc,2014,4.4733891500
grc,2015,4.5583181400
grc,2016,4.2817883500
grc,2017,4.1504550000
grc,2018,4.0068788500
grd,2000,1.8603982900
grd,2001,2.1494340900
grd,2002,2.7116396400
grd,2003,2.1613318900
grd,2004,2.5947408700
grd,2005,2.4208881900
grd,2006,2.0441272300
grd,2007,2.0087027500
grd,2008,1.9629131600
grd,2009,2.1700940100
grd,2010,2.0567078600
grd,2011,2.4161126600
grd,2012,2.3869457200
grd,2013,2.2782232800
grd,2014,2.0931444200
grd,2015,1.9349372400
grd,2016,1.7657121400
grd,2017,1.8879635300
grd,2018,1.7050485600
gtm,2000,2.0169944800
gtm,2001,2.0895464400
gtm,2002,2.0516698400
gtm,2003,2.1498143700
gtm,2004,2.1100413800
gtm,2005,1.9486407000
gtm,2006,2.1401858300
gtm,2007,2.0322365800
gtm,2008,2.1129140900
gtm,2009,2.2745554400
gtm,2010,2.0696847400
gtm,2011,1.9845413000
gtm,2012,2.0067729900
gtm,2013,2.1797018100
gtm,2014,2.2048065700
gtm,2015,2.2217044800
gtm,2016,2.2006702400
gtm,2017,2.0839588600
gtm,2018,2.0550820800
gin,2000,0.3012516200
gin,2001,0.3710707100
gin,2002,0.6401180000
gin,2003,0.4221299600
gin,2004,0.2416415800
gin,2005,0.2612907300
gin,2006,0.2483571900
gin,2007,0.2406673300
gin,2008,0.2695930600
gin,2009,0.2602511600
gin,2010,0.3625516000
gin,2011,0.5103674500
gin,2012,0.5143135200
gin,2013,0.4885850800
gin,2014,0.6106274700
gin,2015,0.4293120500
gin,2016,0.6637604800
gin,2017,0.7147992300
gin,2018,0.6463778000
gnb,2000,3.4765765700
gnb,2001,3.2035918200
gnb,2002,2.0288267100
gnb,2003,2.6728315400
gnb,2004,3.6128613900
gnb,2005,3.0065767800
gnb,2006,2.7392394500
gnb,2007,2.8221666800
gnb,2008,2.5120308400
gnb,2009,2.9365184300
gnb,2010,1.2190535100
gnb,2011,0.5225849200
gnb,2012,0.5778797900
gnb,2013,0.6212863300
gnb,2014,0.7133719900
gnb,2015,0.6573140600
gnb,2016,0.5800896300
gnb,2017,0.5931375000
gnb,2018,0.6409102100
guy,2000,2.3804886300
guy,2001,2.1794436000
guy,2002,2.3284595000
guy,2003,2.3100523900
guy,2004,2.3042507200
guy,2005,2.3252537300
guy,2006,2.1504237700
guy,2007,2.1514480100
guy,2008,2.1956257800
guy,2009,2.4104254200
guy,2010,2.3268292000
guy,2011,2.6185376600
guy,2012,2.5516440900
guy,2013,2.6339130400
guy,2014,2.9171948400
guy,2015,3.1548082800
guy,2016,3.2390794800
guy,2017,3.6891369800
guy,2018,3.6728050700
hti,2000,1.5009499800
hti,2001,1.2802740300
hti,2002,0.8530380100
hti,2003,0.8429406300
hti,2004,1.0006563700
hti,2005,0.9724035900
hti,2006,0.4577429600
hti,2007,1.2822936800
hti,2008,1.3327561600
hti,2009,1.3776617100
hti,2010,1.4553885500
hti,2011,0.7297523600
hti,2012,0.7949653300
hti,2013,0.8383473200
hti,2014,0.8078944700
hti,2015,0.9536058900
hti,2016,0.9296988200
hti,2017,0.9527046100
hti,2018,0.9218193300
hnd,2000,3.0228588600
hnd,2001,2.4912173700
hnd,2002,2.5401225100
hnd,2003,2.6131160300
hnd,2004,2.4512717700
hnd,2005,2.9197757200
hnd,2006,3.2740633500
hnd,2007,3.3339471800
hnd,2008,3.3187580100
hnd,2009,3.9673025600
hnd,2010,3.6960582700
hnd,2011,3.8937044100
hnd,2012,3.3830452000
hnd,2013,3.4937377000
hnd,2014,3.1930570600
hnd,2015,2.9479651500
hnd,2016,3.0746495700
hnd,2017,2.8416445300
hnd,2018,2.8381052000
hun,2000,4.6664333300
hun,2001,4.5668401700
hun,2002,4.9306011200
hun,2003,5.6819939600
hun,2004,5.4098792100
hun,2005,5.6131796800
hun,2006,5.4787120800
hun,2007,4.8911442800
hun,2008,4.8079047200
hun,2009,4.9213848100
hun,2010,5.0020108200
hun,2011,4.9831333200
hun,2012,4.8298473400
hun,2013,4.7996244400
hun,2014,4.7175416900
hun,2015,4.6700606300
hun,2016,4.7724037200
hun,2017,4.6645827300
hun,2018,4.6297884000
isl,2000,7.2121834800
isl,2001,7.1000361400
isl,2002,7.7277832000
isl,2003,8.1483573900
isl,2004,7.6860175100
isl,2005,7.4424796100
isl,2006,7.2361903200
isl,2007,7.1226425200
isl,2008,7.0925130800
isl,2009,7.2698316600
isl,2010,6.8623280500
isl,2011,6.6056838000
isl,2012,6.5507230800
isl,2013,6.5970821400
isl,2014,6.6648340200
isl,2015,6.5719208700
isl,2016,6.6554093400
isl,2017,6.8301806400
isl,2018,6.9763226500
ind,2000,0.8344299200
ind,2001,0.8046814200
ind,2002,0.7702019800
ind,2003,0.7502433700
ind,2004,0.7116345200
ind,2005,0.7630369100
ind,2006,0.7453534000
ind,2007,0.7351270900
ind,2008,0.7952789700
ind,2009,0.8926126400
ind,2010,0.8575018600
ind,2011,0.9373191600
ind,2012,0.9318686100
ind,2013,0.8650419100
ind,2014,0.8565354900
ind,2015,0.9219318600
ind,2016,0.9422921500
ind,2017,0.9591056700
ind,2018,0.9552978900
idn,2000,0.5498771100
idn,2001,0.7722671600
idn,2002,0.6742535200
idn,2003,0.8178504100
idn,2004,0.7492620900
idn,2005,0.7321307700
idn,2006,0.8308428500
idn,2007,1.0186986900
idn,2008,0.8979123800
idn,2009,0.9216431400
idn,2010,0.7615110900
idn,2011,0.8003833900
idn,2012,0.8719697600
idn,2013,0.9263906500
idn,2014,1.0762531800
idn,2015,1.2294458200
idn,2016,1.4145309900
idn,2017,1.3340112000
idn,2018,1.4160132400
irn,2000,1.7855711000
irn,2001,1.9547621000
irn,2002,1.8673601200
irn,2003,2.0224268400
irn,2004,1.8893353900
irn,2005,1.9562475700
irn,2006,2.1666419500
irn,2007,2.0071866500
irn,2008,1.9583274100
irn,2009,2.4042184400
irn,2010,2.1856141100
irn,2011,2.2039997600
irn,2012,2.2769606100
irn,2013,2.3070972000
irn,2014,3.4825141400
irn,2015,4.0419406900
irn,2016,4.4838032700
irn,2017,4.4378442800
irn,2018,3.9781000600
irq,2003,1.3563679500
irq,2004,2.7258105300
irq,2005,2.0203063500
irq,2006,1.6088930400
irq,2007,2.0376632200
irq,2008,2.3812570600
irq,2009,2.9235503700
irq,2010,2.3866376900
irq,2011,2.0888767200
irq,2012,1.0089587000
irq,2013,1.1463512200
irq,2014,1.0374757100
irq,2015,0.7303820800
irq,2016,0.6849726400
irq,2017,1.7267541900
irq,2018,1.9763943000
irl,2000,4.5775198900
irl,2001,5.0196299600
irl,2002,5.2723627100
irl,2003,5.5202884700
irl,2004,5.7018957100
irl,2005,6.0317564000
irl,2006,5.8473601300
irl,2007,6.1822714800
irl,2008,7.2199745200
irl,2009,8.0825042700
irl,2010,8.0008144400
irl,2011,7.7465572400
irl,2012,7.7026977500
irl,2013,7.3322696700
irl,2014,6.8713722200
irl,2015,5.2712497700
irl,2016,5.3710570300
irl,2017,5.2077279100
irl,2018,5.1197037700
isr,2000,4.2921609900
isr,2001,4.5296611800
isr,2002,4.5753631600
isr,2003,4.4317712800
isr,2004,4.3406243300
isr,2005,4.2694101300
isr,2006,4.3074479100
isr,2007,4.1724348100
isr,2008,4.2703928900
isr,2009,4.3257942200
isr,2010,4.4066548300
isr,2011,4.3677182200
isr,2012,4.4544210400
isr,2013,4.4896149600
isr,2014,4.5164356200
isr,2015,4.5067310300
isr,2016,4.5391202000
isr,2017,4.7871298800
isr,2018,4.8638315200
ita,2000,5.4962778100
ita,2001,5.7740106600
ita,2002,5.8969430900
ita,2003,5.9008674600
ita,2004,6.2256984700
ita,2005,6.4620189700
ita,2006,6.5595970200
ita,2007,6.3045263300
ita,2008,6.6278948800
ita,2009,7.0095791800
ita,2010,6.9949379000
ita,2011,6.7571559000
ita,2012,6.6646614100
ita,2013,6.6481418600
ita,2014,6.6886215200
ita,2015,6.5926642400
ita,2016,6.4917354600
ita,2017,6.3985638600
ita,2018,6.4043731700
jam,2000,3.1873807900
jam,2001,2.4004743100
jam,2002,2.7612519300
jam,2003,2.0466740100
jam,2004,2.4733998800
jam,2005,2.2336316100
jam,2006,2.0005037800
jam,2007,2.6642618200
jam,2008,2.9513540300
jam,2009,2.9477660700
jam,2010,3.0463011300
jam,2011,3.0965740700
jam,2012,2.7824661700
jam,2013,2.9725365600
jam,2014,3.0615186700
jam,2015,3.5594272600
jam,2016,3.6255214200
jam,2017,4.0603632900
jam,2018,3.9362068200
jpn,2000,5.7515168200
jpn,2001,5.9583067900
jpn,2002,6.0349645600
jpn,2003,6.0860481300
jpn,2004,6.1467518800
jpn,2005,6.3154101400
jpn,2006,6.2713785200
jpn,2007,6.4109430300
jpn,2008,6.6555967300
jpn,2009,7.3638687100
jpn,2010,7.5018920900
jpn,2011,8.8905057900
jpn,2012,9.0566692400
jpn,2013,9.0930957800
jpn,2014,9.1116886100
jpn,2015,9.1528596900
jpn,2016,9.1051034900
jpn,2017,9.0921068200
jpn,2018,9.2106161100
jor,2000,4.3340554200
jor,2001,4.5104513200
jor,2002,4.5775685300
jor,2003,4.2467837300
jor,2004,3.5471510900
jor,2005,4.5826330200
jor,2006,4.1311478600
jor,2007,4.7069492300
jor,2008,5.2972488400
jor,2009,6.3741722100
jor,2010,5.5964183800
jor,2011,5.5976676900
jor,2012,5.0772132900
jor,2013,4.4610743500
jor,2014,4.7140917800
jor,2015,4.0653781900
jor,2016,3.5341959000
jor,2017,3.6374681000
jor,2018,3.8311049900
kaz,2000,2.1195797900
kaz,2001,1.9661642300
kaz,2002,1.9337829400
kaz,2003,2.0406007800
kaz,2004,2.3200492900
kaz,2005,2.5324895400
kaz,2006,2.3139340900
kaz,2007,1.7914917500
kaz,2008,2.2662608600
kaz,2009,2.6560699900
kaz,2010,1.8439954500
kaz,2011,1.8424384600
kaz,2012,2.0698890700
kaz,2013,1.8469957100
kaz,2014,2.1333131800
kaz,2015,1.9199069700
kaz,2016,2.0402517300
kaz,2017,1.9382069100
kaz,2018,1.7777290300
ken,2000,1.3265883900
ken,2001,1.3998079300
ken,2002,1.5015723700
ken,2003,1.4884191800
ken,2004,1.4160045400
ken,2005,1.4826921200
ken,2006,1.4584554400
ken,2007,1.5563856400
ken,2008,1.6380468600
ken,2009,1.6806076800
ken,2010,1.7715451700
ken,2011,1.7938100100
ken,2012,1.8192782400
ken,2013,1.8591113100
ken,2014,2.0421738600
ken,2015,2.1076130900
ken,2016,2.2007987500
ken,2017,2.0629463200
ken,2018,2.1773498100
kir,2000,8.3580169700
kir,2001,11.8736887000
kir,2002,11.4062404600
kir,2003,10.2574100500
kir,2004,12.0627336500
kir,2005,11.0958499900
kir,2006,9.6093835800
kir,2007,9.1572332400
kir,2008,10.5000000000
kir,2009,8.5941171600
kir,2010,8.4176473600
kir,2011,8.1306819900
kir,2012,7.6358699800
kir,2013,7.7760415100
kir,2014,8.2311554000
kir,2015,6.8070173300
kir,2016,7.4137396800
kir,2017,8.1539716700
kir,2018,9.2531051600
kor,2000,1.9615631100
kor,2001,2.4766221000
kor,2002,2.3534429100
kor,2003,2.4779696500
kor,2004,2.4893994300
kor,2005,2.6344361300
kor,2006,2.9170713400
kor,2007,3.0149321600
kor,2008,3.0905203800
kor,2009,3.4218690400
kor,2010,3.5118241300
kor,2011,3.5188112300
kor,2012,3.5364601600
kor,2013,3.6136276700
kor,2014,3.7114176800
kor,2015,3.8157031500
kor,2016,3.9772489100
kor,2017,4.1158881200
kor,2018,4.4208488500
kwt,2000,1.9099471600
kwt,2001,2.9356768100
kwt,2002,2.8475279800
kwt,2003,2.5950343600
kwt,2004,2.1978650100
kwt,2005,1.8987072700
kwt,2006,1.8255853700
kwt,2007,1.6788926100
kwt,2008,1.5118626400
kwt,2009,3.3709340100
kwt,2010,2.3338069900
kwt,2011,2.2558336300
kwt,2012,2.1879234300
kwt,2013,2.1865890000
kwt,2014,2.7481906400
kwt,2015,3.3765554400
kwt,2016,3.3363609300
kwt,2017,4.6238603600
kwt,2018,4.4014334700
kgz,2000,2.1343982200
kgz,2001,2.0031671500
kgz,2002,2.2198042900
kgz,2003,2.2665488700
kgz,2004,2.3370182500
kgz,2005,3.7988483900
kgz,2006,4.2117753000
kgz,2007,3.0853147500
kgz,2008,2.8958678200
kgz,2009,3.4807152700
kgz,2010,3.4151806800
kgz,2011,3.6931488500
kgz,2012,4.2210059200
kgz,2013,3.9468607900
kgz,2014,2.7490453700
kgz,2015,2.7116279600
kgz,2016,2.4972341100
kgz,2017,2.3476746100
kgz,2018,2.7989800000
lao,2000,1.2330596400
lao,2001,1.3295666000
lao,2002,1.0187549600
lao,2003,1.0962520800
lao,2004,0.7942554400
lao,2005,0.9067180800
lao,2006,0.6422159100
lao,2007,0.5703488600
lao,2008,0.5133253300
lao,2009,1.1466394700
lao,2010,0.6036360300
lao,2011,0.3669390100
lao,2012,0.4367017100
lao,2013,0.7126626400
lao,2014,0.6837331700
lao,2015,0.8639130600
lao,2016,0.7649484300
lao,2017,0.8885542800
lao,2018,0.8692286000
lva,2000,2.7661964900
lva,2001,2.8211190700
lva,2002,2.8653266400
lva,2003,2.7397420400
lva,2004,3.5036022700
lva,2005,3.2666578300
lva,2006,3.5320558500
lva,2007,3.3724432000
lva,2008,3.3876755200
lva,2009,3.6593098600
lva,2010,3.6944248700
lva,2011,3.5352349300
lva,2012,3.2650008200
lva,2013,3.2383241700
lva,2014,3.2562251100
lva,2015,3.3366084100
lva,2016,3.4659347500
lva,2017,3.4339129900
lva,2018,3.6959593300
lbn,2000,3.2314398300
lbn,2001,3.4549191000
lbn,2002,3.0518653400
lbn,2003,2.9415152100
lbn,2004,2.9715218500
lbn,2005,2.9008061900
lbn,2006,3.5476532000
lbn,2007,3.5120806700
lbn,2008,3.0695622000
lbn,2009,2.7404971100
lbn,2010,3.0026474000
lbn,2011,3.5687010300
lbn,2012,3.9816818200
lbn,2013,3.7655777900
lbn,2014,3.9268262400
lbn,2015,3.8175072700
lbn,2016,4.0465240500
lbn,2017,4.3516421300
lbn,2018,4.1782774900
lso,2000,2.9430379900
lso,2001,3.7021572600
lso,2002,3.3034157800
lso,2003,3.1052484500
lso,2004,3.2101447600
lso,2005,2.4398007400
lso,2006,3.2089040300
lso,2007,4.3130512200
lso,2008,4.1143293400
lso,2009,4.5430922500
lso,2010,4.4081049000
lso,2011,4.9949226400
lso,2012,5.1385569600
lso,2013,5.2783141100
lso,2014,5.8264417600
lso,2015,5.4956331300
lso,2016,5.1936345100
lso,2017,5.6297960300
lso,2018,5.3902568800
lbr,2000,0.7441683400
lbr,2001,0.7956714600
lbr,2002,0.4977168400
lbr,2003,0.5069850700
lbr,2004,0.6913806200
lbr,2005,0.5720562900
lbr,2006,0.6958187800
lbr,2007,0.8054031100
lbr,2008,1.3295654100
lbr,2009,0.9631933600
lbr,2010,0.7859793300
lbr,2011,1.4815712000
lbr,2012,0.8568401300
lbr,2013,0.3401371200
lbr,2014,0.8127515900
lbr,2015,1.1782935900
lbr,2016,1.3842316900
lbr,2017,1.4030891700
lbr,2018,1.6955666500
lby,2000,1.6684843300
lby,2001,2.2070052600
lby,2002,3.2720024600
lby,2003,2.7163124100
lby,2004,2.2970755100
lby,2005,1.6795284700
lby,2006,1.6435570700
lby,2007,1.6219239200
lby,2008,1.7832776300
lby,2009,2.9499456900
lby,2010,2.5075686000
lby,2011,3.8293638200
ltu,2000,4.1644234700
ltu,2001,4.2164878800
ltu,2002,4.4682192800
ltu,2003,4.5922722800
ltu,2004,3.4484047900
ltu,2005,3.4250562200
ltu,2006,3.6446847900
ltu,2007,3.7908916500
ltu,2008,4.4466829300
ltu,2009,5.2868371000
ltu,2010,4.8581080400
ltu,2011,4.5751819600
ltu,2012,4.1906108900
ltu,2013,4.0242972400
ltu,2014,4.1272673600
ltu,2015,4.2921266600
ltu,2016,4.3642392200
ltu,2017,4.2196941400
ltu,2018,4.3258891100
lux,2000,4.9130449300
lux,2001,5.3858766600
lux,2002,5.6561636900
lux,2003,5.8452448800
lux,2004,6.2077922800
lux,2005,6.0440473600
lux,2006,5.6214308700
lux,2007,5.3225007100
lux,2008,5.7309813500
lux,2009,6.3649168000
lux,2010,6.0416913000
lux,2011,5.1538286200
lux,2012,4.6699500100
lux,2013,4.6355972300
lux,2014,4.5812683100
lux,2015,4.4651079200
lux,2016,4.3864340800
lux,2017,4.4576439900
lux,2018,4.4888224600
mdg,2000,2.1105423000
mdg,2001,2.2563154700
mdg,2002,2.1779618300
mdg,2003,2.4888014800
mdg,2004,2.5434513100
mdg,2005,2.2546923200
mdg,2006,2.1816642300
mdg,2007,2.1862275600
mdg,2008,1.5884776100
mdg,2009,1.3902708300
mdg,2010,2.1358656900
mdg,2011,1.9595799400
mdg,2012,1.7389783900
mdg,2013,1.5283914800
mdg,2014,2.0510513800
mdg,2015,2.3224780600
mdg,2016,2.7754166100
mdg,2017,2.5818669800
mdg,2018,1.7113918100
mwi,2000,1.4297071700
mwi,2001,1.1779155700
mwi,2002,1.3726986600
mwi,2003,1.6545945400
mwi,2004,1.2076721200
mwi,2005,1.4822689300
mwi,2006,1.3287444100
mwi,2007,1.0342898400
mwi,2008,1.9254081200
mwi,2009,1.4865040800
mwi,2010,1.5938084100
mwi,2011,1.6225718300
mwi,2012,1.3466507200
mwi,2013,2.0867273800
mwi,2014,2.2078919400
mwi,2015,2.6739924000
mwi,2016,2.7186434300
mwi,2017,2.9550216200
mwi,2018,2.6956946800
mys,2000,1.1732547300
mys,2001,1.3514200400
mys,2002,1.3667756300
mys,2003,1.5188432900
mys,2004,1.4568765200
mys,2005,1.3627601900
mys,2006,1.6742742100
mys,2007,1.6243934600
mys,2008,1.5972938500
mys,2009,1.8113347300
mys,2010,1.6788923700
mys,2011,1.7647467900
mys,2012,1.8643866800
mys,2013,1.8931189800
mys,2014,2.0292747000
mys,2015,2.0343778100
mys,2016,1.8899102200
mys,2017,1.9252250200
mys,2018,1.9225193300
mdv,2000,2.5644016300
mdv,2001,2.6776623700
mdv,2002,2.5497593900
mdv,2003,2.1482141000
mdv,2004,2.3110232400
mdv,2005,2.9675643400
mdv,2006,2.9598770100
mdv,2007,3.9146642700
mdv,2008,6.3974390000
mdv,2009,5.8238139200
mdv,2010,4.4951310200
mdv,2011,3.6770257900
mdv,2012,4.2090425500
mdv,2013,4.2997651100
mdv,2014,4.9043560000
mdv,2015,6.2659807200
mdv,2016,7.3671445800
mdv,2017,6.4524402600
mdv,2018,6.6466660500
mli,2000,1.2895497100
mli,2001,1.0505844400
mli,2002,1.1065080200
mli,2003,1.4121985400
mli,2004,1.5877835800
mli,2005,1.3969199700
mli,2006,1.2249898900
mli,2007,0.9978883900
mli,2008,0.7152059700
mli,2009,0.6662153000
mli,2010,0.6690984400
mli,2011,0.6043616500
mli,2012,0.4135581300
mli,2013,0.8158382800
mli,2014,0.8917331700
mli,2015,0.9192737900
mli,2016,1.2092821600
mli,2017,1.2439271200
mli,2018,1.0963175300
mlt,2000,4.7378473300
mlt,2001,4.8323912600
mlt,2002,5.4298443800
mlt,2003,5.5475006100
mlt,2004,5.6466903700
mlt,2005,6.0008158700
mlt,2006,6.0526170700
mlt,2007,5.4884934400
mlt,2008,5.1560688000
mlt,2009,5.2454958000
mlt,2010,5.3034319900
mlt,2011,5.5168581000
mlt,2012,5.6504268600
mlt,2013,5.9628887200
mlt,2014,5.7560629800
mlt,2015,5.6020164500
mlt,2016,5.7467970800
mlt,2017,5.7844290700
mlt,2018,5.6904974000
mhl,2000,9.9177513100
mhl,2001,8.2861242300
mhl,2002,6.5794744500
mhl,2003,6.1007676100
mhl,2004,6.5715885200
mhl,2005,5.5213570600
mhl,2006,4.0818581600
mhl,2007,6.9482922600
mhl,2008,5.4454612700
mhl,2009,5.3291606900
mhl,2010,4.3392205200
mhl,2011,5.7440815000
mhl,2012,5.8500719100
mhl,2013,6.3967065800
mhl,2014,5.7868347200
mhl,2015,6.5853996300
mhl,2016,7.0565753000
mhl,2017,6.3230710000
mhl,2018,7.6224794400
mrt,2000,0.6461110700
mrt,2001,0.7346458400
mrt,2002,1.1717143100
mrt,2003,1.0130369700
mrt,2004,0.9115794900
mrt,2005,1.1018395400
mrt,2006,0.8716359700
mrt,2007,0.9890438900
mrt,2008,1.1466240900
mrt,2009,1.1313823500
mrt,2010,0.9492216700
mrt,2011,0.9816979200
mrt,2012,1.1546285200
mrt,2013,1.3868734800
mrt,2014,1.5366570900
mrt,2015,1.8157271100
mrt,2016,1.6417698900
mrt,2017,1.7063666600
mrt,2018,1.6433496500
mus,2000,1.5500642100
mus,2001,1.5924460900
mus,2002,1.7096730500
mus,2003,1.6913063500
mus,2004,1.8272342700
mus,2005,1.7179750200
mus,2006,1.6400526800
mus,2007,1.4929529400
mus,2008,1.4083915900
mus,2009,1.6011586200
mus,2010,2.0217030000
mus,2011,1.7717099200
mus,2012,1.9007318000
mus,2013,1.9576904800
mus,2014,2.4763040500
mus,2015,2.3754906700
mus,2016,2.5174033600
mus,2017,2.4528729900
mus,2018,2.5138614200
mex,2000,2.0117788300
mex,2001,2.1092739100
mex,2002,2.1650571800
mex,2003,2.4137032000
mex,2004,2.5874462100
mex,2005,2.4649763100
mex,2006,2.4219811000
mex,2007,2.5267596200
mex,2008,2.6165549800
mex,2009,2.8606767700
mex,2010,2.9067273100
mex,2011,2.9261913300
mex,2012,3.0141205800
mex,2013,3.1345408000
mex,2014,2.9979269500
mex,2015,3.0773191500
mex,2016,2.9421913600
mex,2017,2.8429181600
mex,2018,2.6895785300
fsm,2000,1.7481588100
fsm,2001,1.8243942300
fsm,2002,1.6974875900
fsm,2003,2.1074121000
fsm,2004,2.3252415700
fsm,2005,2.6596000200
fsm,2006,2.6138339000
fsm,2007,2.4582722200
fsm,2008,2.9463877700
fsm,2009,2.1853570900
fsm,2010,2.2894613700
fsm,2011,3.0350740000
fsm,2012,2.5816965100
fsm,2013,2.7758300300
fsm,2014,3.3503871000
fsm,2015,3.2249431600
fsm,2016,3.4910764700
fsm,2017,3.1878311600
fsm,2018,3.3142621500
mda,2000,2.4174900100
mda,2001,2.3879292000
mda,2002,2.9551918500
mda,2003,2.6779592000
mda,2004,4.4230842600
mda,2005,4.1989731800
mda,2006,4.3281946200
mda,2007,4.6985907600
mda,2008,4.3986582800
mda,2009,4.8599610300
mda,2010,4.6463413200
mda,2011,4.2451753600
mda,2012,4.4354114500
mda,2013,4.0549931500
mda,2014,4.2598819700
mda,2015,3.8970429900
mda,2016,3.6767954800
mda,2017,3.5497465100
mda,2018,3.7281441700
mco,2000,1.3879803400
mco,2001,1.4118324500
mco,2002,1.4349981500
mco,2003,1.6874226300
mco,2004,1.7241371900
mco,2005,1.7156603300
mco,2006,1.6325697900
mco,2007,1.4336956700
mco,2008,1.5500916200
mco,2009,1.8514082400
mco,2010,1.8982710800
mco,2011,1.7681796600
mco,2012,1.8168939400
mco,2013,1.7439669400
mco,2014,1.6904628300
mco,2015,1.6406623100
mco,2016,1.3921241800
mco,2017,1.4097380600
mco,2018,1.3692308700
mng,2000,3.6193945400
mng,2001,2.9898312100
mng,2002,3.0493621800
mng,2003,2.3848865000
mng,2004,2.2812628700
mng,2005,2.2726533400
mng,2006,2.4913401600
mng,2007,2.8818547700
mng,2008,3.2181944800
mng,2009,3.1017491800
mng,2010,2.4448435300
mng,2011,2.1319279700
mng,2012,2.3420372000
mng,2013,2.2616052600
mng,2014,2.3726286900
mng,2015,2.3892862800
mng,2016,2.6248672000
mng,2017,2.4706544900
mng,2018,2.2227485200
mne,2018,5.0550742100
mar,2000,0.9803871500
mar,2001,1.0851726500
mar,2002,1.2233936800
mar,2003,1.2485907100
mar,2004,1.2867744000
mar,2005,1.2350927600
mar,2006,1.8219854800
mar,2007,2.2034432900
mar,2008,2.1286141900
mar,2009,2.5189616700
mar,2010,2.3400414000
mar,2011,2.3524620500
mar,2012,2.4435877800
mar,2013,2.5181446100
mar,2014,2.1546831100
mar,2015,2.1044967200
mar,2016,2.2265350800
mar,2017,2.2504770800
mar,2018,2.1352081300
moz,2000,1.3395423900
moz,2001,1.6225410700
moz,2002,1.4067806000
moz,2003,1.3945624800
moz,2004,1.3199235200
moz,2005,1.6652092900
moz,2006,1.3302847100
moz,2007,1.3529813300
moz,2008,1.3567450000
moz,2009,1.4336729000
moz,2010,1.3977448900
moz,2011,1.3977367900
moz,2012,1.3506887000
moz,2013,1.6091067800
moz,2014,1.8182728300
moz,2015,1.9569175200
moz,2016,1.7891566800
moz,2017,1.7429286200
moz,2018,1.7305823600
mmr,2000,0.2238903900
mmr,2001,0.2023725100
mmr,2002,0.3245349200
mmr,2003,0.2301477600
mmr,2004,0.2308277600
mmr,2005,0.1562743500
mmr,2006,0.2561540000
mmr,2007,0.2054695800
mmr,2008,0.1734520000
mmr,2009,0.1819596700
mmr,2010,0.1842730900
mmr,2011,0.2295492300
mmr,2012,0.4198545200
mmr,2013,0.6108841900
mmr,2014,1.0625484000
mmr,2015,1.2047032100
mmr,2016,0.7146590900
mmr,2017,0.7531139300
mmr,2018,0.7104853400
nam,2000,4.8506641400
nam,2001,4.9487524000
nam,2002,5.1681222900
nam,2003,5.2750463500
nam,2004,4.9799084700
nam,2005,4.5467739100
nam,2006,4.1653323200
nam,2007,4.6889548300
nam,2008,4.1312160500
nam,2009,3.4577050200
nam,2010,3.9876587400
nam,2011,4.0920991900
nam,2012,3.8705275100
nam,2013,3.9984014000
nam,2014,3.7736990500
nam,2015,4.0986118300
nam,2016,4.1532354400
nam,2017,3.8547902100
nam,2018,3.6620504900
nru,2000,15.9275827400
nru,2001,12.3850307500
nru,2002,9.3850765200
nru,2003,7.1398892400
nru,2004,4.6724276500
nru,2005,9.2619047200
nru,2006,10.8736944200
nru,2007,16.8192634600
nru,2008,12.6014099100
nru,2009,6.3209466900
nru,2010,7.5917558700
nru,2011,5.5889563600
nru,2012,4.1944179500
nru,2013,5.1280155200
nru,2014,5.8432159400
nru,2015,8.2735080700
nru,2016,9.6546192200
nru,2017,8.4294834100
nru,2018,7.9270730000
npl,2000,0.5542739600
npl,2001,0.6663765300
npl,2002,0.9042268400
npl,2003,0.7531017100
npl,2004,0.7379156400
npl,2005,0.8591728200
npl,2006,0.9662367100
npl,2007,0.7736728800
npl,2008,0.8112468700
npl,2009,0.9085555700
npl,2010,0.9018473600
npl,2011,0.9086626800
npl,2012,0.9057553400
npl,2013,0.8703069100
npl,2014,0.9928218100
npl,2015,1.0345559100
npl,2016,1.1664979500
npl,2017,1.2258291200
npl,2018,1.4629916000
nld,2000,5.3207140000
nld,2001,5.6117591900
nld,2002,6.0526361500
nld,2003,6.3544006300
nld,2004,6.2497401200
nld,2005,6.2241892800
nld,2006,6.3683614700
nld,2007,6.2698454900
nld,2008,6.1780166600
nld,2009,6.6639242200
nld,2010,6.8305521000
nld,2011,6.8888106300
nld,2012,7.0378856700
nld,2013,7.1233363200
nld,2014,7.1484303500
nld,2015,6.7177481700
nld,2016,6.5612740500
nld,2017,6.4888143500
nld,2018,6.4751372300
nzl,2000,5.5644698100
nzl,2001,5.5461978900
nzl,2002,5.9201936700
nzl,2003,5.8297743800
nzl,2004,6.0866646800
nzl,2005,6.3661394100
nzl,2006,6.6662745500
nzl,2007,6.5983333600
nzl,2008,7.0743961300
nzl,2009,7.4781789800
nzl,2010,7.5031576200
nzl,2011,7.4901261300
nzl,2012,7.5756459200
nzl,2013,7.2694101300
nzl,2014,7.2943406100
nzl,2015,6.9574794800
nzl,2016,6.9140834800
nzl,2017,6.8058548000
nzl,2018,6.8922028500
nic,2000,2.5773143800
nic,2001,2.4591522200
nic,2002,2.4618067700
nic,2003,2.5571010100
nic,2004,2.2737882100
nic,2005,2.5080983600
nic,2006,2.8623824100
nic,2007,3.1530685400
nic,2008,3.1905419800
nic,2009,3.8133275500
nic,2010,3.5546593700
nic,2011,3.5304467700
nic,2012,3.7492055900
nic,2013,3.8688883800
nic,2014,4.1581101400
nic,2015,4.4658603700
nic,2016,4.6512236600
nic,2017,4.8369436300
nic,2018,5.1227693600
ner,2000,1.5318709600
ner,2001,1.5413076900
ner,2002,1.6142029800
ner,2003,1.3693525800
ner,2004,1.5250803200
ner,2005,2.4898474200
ner,2006,2.6746749900
ner,2007,2.0011217600
ner,2008,2.0804543500
ner,2009,2.0806291100
ner,2010,1.7949318900
ner,2011,1.7358105200
ner,2012,1.4091345100
ner,2013,1.7836246500
ner,2014,1.6778812400
ner,2015,1.4838569200
ner,2016,1.4973177900
ner,2017,2.5904173900
ner,2018,2.4348328100
nga,2000,0.5855941200
nga,2001,0.8576929600
nga,2002,0.5313319000
nga,2003,0.9298291800
nga,2004,1.2020340000
nga,2005,1.1413321500
nga,2006,0.9018670900
nga,2007,0.7786122000
nga,2008,0.6605994100
nga,2009,0.5700124500
nga,2010,0.4484703200
nga,2011,0.4793773300
nga,2012,0.5443667800
nga,2013,0.4892784700
nga,2014,0.4459318800
nga,2015,0.5890784300
nga,2016,0.4749693600
nga,2017,0.5326576800
nga,2018,0.5782939200
mkd,2000,4.7122073200
mkd,2001,4.5578985200
mkd,2002,4.7312064200
mkd,2003,4.9539809200
mkd,2004,4.7195920900
mkd,2005,4.3757925000
mkd,2006,4.2151598900
mkd,2007,4.0400762600
mkd,2008,4.2324471500
mkd,2009,4.0919199000
mkd,2010,4.0665726700
mkd,2011,4.0569944400
mkd,2012,4.1349639900
mkd,2013,4.4111170800
mkd,2014,4.0187177700
mkd,2015,4.1193018000
mkd,2016,4.0607338000
mkd,2017,3.7567496300
mkd,2018,3.7734344000
nor,2000,6.2994809200
nor,2001,6.6422424300
nor,2002,7.4601573900
nor,2003,7.6635866200
nor,2004,7.3230810200
nor,2005,6.9168291100
nor,2006,6.5945892300
nor,2007,6.7386531800
nor,2008,6.6977739300
nor,2009,7.6619906400
nor,2010,7.5412535700
nor,2011,7.4196748700
nor,2012,7.4397115700
nor,2013,7.5921521200
nor,2014,7.9701952900
nor,2015,8.6638841600
nor,2016,9.0427894600
nor,2017,8.7809543600
nor,2018,8.5744552600
omn,2000,2.5045032500
omn,2001,2.5290629900
omn,2002,2.6547129200
omn,2003,2.6295166000
omn,2004,2.4374716300
omn,2005,2.1303525000
omn,2006,1.8646587100
omn,2007,1.9682685100
omn,2008,1.5863107400
omn,2009,2.3007776700
omn,2010,2.3331139100
omn,2011,2.0846583800
omn,2012,2.1038732500
omn,2013,2.4351856700
omn,2014,3.1659863000
omn,2015,3.8488178300
omn,2016,3.8728675800
omn,2017,3.4630413100
omn,2018,3.6218094800
pak,2000,1.0134381100
pak,2001,0.9572235900
pak,2002,1.0712393500
pak,2003,0.6084459400
pak,2004,0.6546476500
pak,2005,0.5905880300
pak,2006,0.4893770500
pak,2007,0.6695284800
pak,2008,0.5615273700
pak,2009,0.5685845600
pak,2010,0.5717093300
pak,2011,0.6115551000
pak,2012,0.6782430400
pak,2013,0.7026686700
pak,2014,0.6984121800
pak,2015,0.7400205100
pak,2016,0.8204670500
pak,2017,0.9166914200
pak,2018,1.1378284700
plw,2000,4.7145271300
plw,2001,4.0117240000
plw,2002,3.5820217100
plw,2003,3.9746518100
plw,2004,4.1735978100
plw,2005,3.5113282200
plw,2006,3.6744885400
plw,2007,3.4183070700
plw,2008,3.0556933900
plw,2009,4.0177488300
plw,2010,4.1047306100
plw,2011,4.0513219800
plw,2012,4.3173470500
plw,2013,4.6626219700
plw,2014,4.4467072500
plw,2015,3.9246645000
plw,2016,6.2746257800
plw,2017,6.1396818200
plw,2018,6.4016356500
pan,2000,4.6724925000
pan,2001,4.5480547000
pan,2002,4.5841631900
pan,2003,4.3130173700
pan,2004,4.6444082300
pan,2005,3.8173046100
pan,2006,4.2113142000
pan,2007,4.6905641600
pan,2008,4.6509170500
pan,2009,4.7457704500
pan,2010,4.6904249200
pan,2011,4.2986707700
pan,2012,3.9666049500
pan,2013,4.1428465800
pan,2014,4.3016119000
pan,2015,4.2522330300
pan,2016,4.7516660700
pan,2017,4.3874502200
pan,2018,4.6430416100
png,2000,1.6627682400
png,2001,1.6294628400
png,2002,1.6801867500
png,2003,1.3926539400
png,2004,1.6909502700
png,2005,1.6094952800
png,2006,1.6288981400
png,2007,1.6344072800
png,2008,1.5140811200
png,2009,1.5568499600
png,2010,1.3003214600
png,2011,1.4970574400
png,2012,1.8222147200
png,2013,1.9845594200
png,2014,2.0206656500
png,2015,1.3778280000
png,2016,1.6779627800
png,2017,1.7125090400
png,2018,1.6579840200
pry,2000,2.3248913300
pry,2001,1.9476661700
pry,2002,1.4672560700
pry,2003,1.6300339700
pry,2004,1.5977729600
pry,2005,1.5857868200
pry,2006,1.7622096500
pry,2007,1.7357535400
pry,2008,1.6230890800
pry,2009,2.1230833500
pry,2010,2.1328623300
pry,2011,2.4643807400
pry,2012,3.0318732300
pry,2013,2.6469795700
pry,2014,3.1696498400
pry,2015,3.1607136700
pry,2016,3.1510596300
pry,2017,3.0258145300
pry,2018,2.9119231700
per,2000,2.3122291600
per,2001,2.6484808900
per,2002,2.8673939700
per,2003,2.8541851000
per,2004,2.7096858000
per,2005,2.4793539000
per,2006,2.2388341400
per,2007,2.0683028700
per,2008,2.0982883000
per,2009,2.4870951200
per,2010,2.4306030300
per,2011,2.4097676300
per,2012,2.5478096000
per,2013,2.6379623400
per,2014,3.0254499900
per,2015,3.1153583500
per,2016,3.1796772500
per,2017,3.1636481300
per,2018,3.2797732400
phl,2000,1.4006838800
phl,2001,1.1965532300
phl,2002,1.0124821700
phl,2003,1.1557970000
phl,2004,1.1316833500
phl,2005,1.2909965500
phl,2006,1.2662757600
phl,2007,1.2274714700
phl,2008,1.2139408600
phl,2009,1.3343396200
phl,2010,1.3758758300
phl,2011,1.1096278400
phl,2012,1.1499584900
phl,2013,1.1701828200
phl,2014,1.1387839300
phl,2015,1.3606834400
phl,2016,1.3974674900
phl,2017,1.4187588700
phl,2018,1.4369416200
pol,2000,3.6140351300
pol,2001,3.9944868100
pol,2002,4.2527427700
pol,2003,4.0886359200
pol,2004,3.9591152700
pol,2005,3.9793510400
pol,2006,4.0011591900
pol,2007,4.0926275300
pol,2008,4.5381913200
pol,2009,4.7257652300
pol,2010,4.5800242400
pol,2011,4.4276194600
pol,2012,4.3301162700
pol,2013,4.4816551200
pol,2014,4.4426851300
pol,2015,4.4358396500
pol,2016,4.5021886800
pol,2017,4.5159683200
pol,2018,4.5003747900
prt,2000,5.9020619400
prt,2001,5.9516105700
prt,2002,6.2135639200
prt,2003,6.3226094200
prt,2004,6.6051273300
prt,2005,6.7255234700
prt,2006,6.3136472700
prt,2007,6.2267427400
prt,2008,6.3852720300
prt,2009,6.9060235000
prt,2010,6.8605570800
prt,2011,6.4520425800
prt,2012,6.1305241600
prt,2013,6.0722403500
prt,2014,5.9600577400
prt,2015,5.9366269100
prt,2016,5.7829966500
prt,2017,5.6925535200
prt,2018,5.7812461900
qat,2000,1.1954573400
qat,2001,1.4590817700
qat,2002,1.5455721600
qat,2003,2.6479833100
qat,2004,2.3054750000
qat,2005,1.9245621000
qat,2006,1.6489323400
qat,2007,1.4752713400
qat,2008,1.1950411800
qat,2009,1.5264644600
qat,2010,1.2701863100
qat,2011,1.1766786600
qat,2012,1.3835847400
qat,2013,1.7475452400
qat,2014,2.1017494200
qat,2015,2.6596438900
qat,2016,2.5258870100
qat,2017,2.1051664400
qat,2018,1.8628507900
rou,2000,3.3358547700
rou,2001,3.4899041700
rou,2002,3.6797502000
rou,2003,4.4619364700
rou,2004,4.0427894600
rou,2005,4.4098105400
rou,2006,4.0208611500
rou,2007,4.0906643900
rou,2008,4.0731763800
rou,2009,4.1520824400
rou,2010,4.6089696900
rou,2011,3.5231442500
rou,2012,3.6264855900
rou,2013,4.0997109400
rou,2014,3.9678244600
rou,2015,3.8524375000
rou,2016,3.9042763700
rou,2017,4.0478534700
rou,2018,4.4280986800
rus,2000,2.9766278300
rus,2001,3.0399267700
rus,2002,3.2158396200
rus,2003,2.9970140500
rus,2004,2.7946970500
rus,2005,2.9147000300
rus,2006,2.9393928100
rus,2007,2.9433007200
rus,2008,3.0679073300
rus,2009,3.4994556900
rus,2010,3.0481321800
rus,2011,3.0009961100
rus,2012,3.1476609700
rus,2013,3.1688175200
rus,2014,3.2006845500
rus,2015,3.1095006500
rus,2016,2.9985451700
rus,2017,3.0507545500
rus,2018,3.1606526400
rwa,2000,0.7705520400
rwa,2001,0.8194021000
rwa,2002,0.8891698100
rwa,2003,2.6680567300
rwa,2004,2.1940133600
rwa,2005,1.8351250900
rwa,2006,1.5409364700
rwa,2007,1.8335938500
rwa,2008,1.9081351800
rwa,2009,1.9588165300
rwa,2010,2.1348693400
rwa,2011,2.2761514200
rwa,2012,2.1170458800
rwa,2013,2.2282850700
rwa,2014,2.2561881500
rwa,2015,2.1689071700
rwa,2016,2.2906234300
rwa,2017,2.2564275300
rwa,2018,2.3743403000
wsm,2000,3.6739659300
wsm,2001,3.1982474300
wsm,2002,3.5071573300
wsm,2003,2.8892045000
wsm,2004,3.0987124400
wsm,2005,3.2616097900
wsm,2006,3.5313174700
wsm,2007,3.3617589500
wsm,2008,3.5577828900
wsm,2009,4.2008390400
wsm,2010,4.1375694300
wsm,2011,3.6900849300
wsm,2012,3.7775368700
wsm,2013,3.9912993900
wsm,2014,4.3879957200
wsm,2015,4.4892816500
wsm,2016,4.2254500400
wsm,2017,4.1265425700
wsm,2018,3.7637724900
smr,2000,4.3057346300
smr,2001,4.2648572900
smr,2002,4.0332198100
smr,2003,3.6380734400
smr,2004,3.7470791300
smr,2005,3.8180902000
smr,2006,3.8770179700
smr,2007,4.0753493300
smr,2008,4.3451652500
smr,2009,5.0000000000
smr,2010,5.3558845500
smr,2011,6.0629315400
smr,2012,6.5652518300
smr,2013,6.3031053500
smr,2014,6.1386904700
smr,2015,5.8658132600
smr,2016,5.4785227800
smr,2017,6.0125055300
smr,2018,5.9962401400
stp,2000,3.4467127300
stp,2001,3.6399211900
stp,2002,3.7530674900
stp,2003,6.0485606200
stp,2004,5.1875319500
stp,2005,5.0308127400
stp,2006,0.5485131100
stp,2007,1.6638659200
stp,2008,1.2229808600
stp,2009,1.6996231100
stp,2010,2.0473380100
stp,2011,2.2490491900
stp,2012,2.1099014300
stp,2013,2.6623506500
stp,2014,2.3650829800
stp,2015,1.6886791000
stp,2016,2.5925409800
stp,2017,2.9737811100
stp,2018,2.7548310800
sau,2000,3.0345542400
sau,2001,3.2365651100
sau,2002,3.0729007700
sau,2003,2.8798472900
sau,2004,2.5618300400
sau,2005,2.4783651800
sau,2006,2.6413912800
sau,2007,2.5073983700
sau,2008,1.8894050100
sau,2009,2.7882373300
sau,2010,2.2592144000
sau,2011,2.4894464000
sau,2012,2.7447311900
sau,2013,3.1078667600
sau,2014,3.7311103300
sau,2015,4.1072959900
sau,2016,3.8930244400
sau,2017,4.4994683300
sau,2018,3.9720170500
sen,2000,1.2632236500
sen,2001,1.4907943000
sen,2002,1.3833255800
sen,2003,1.5560969100
sen,2004,1.6095720500
sen,2005,1.5924260600
sen,2006,1.7354898500
sen,2007,1.2899260500
sen,2008,1.3729544900
sen,2009,1.3911824200
sen,2010,1.1532125500
sen,2011,1.3016898600
sen,2012,1.2080377300
sen,2013,1.1678752900
sen,2014,1.0800368800
sen,2015,1.0782070200
sen,2016,1.0680191500
sen,2017,0.9382935200
sen,2018,0.9456812100
srb,2000,4.2557091700
srb,2001,4.5874037700
srb,2002,5.8210220300
srb,2003,5.6831250200
srb,2004,5.5954465900
srb,2005,5.4225435300
srb,2006,5.3083572400
srb,2007,5.7214441300
srb,2008,5.8675570500
srb,2009,5.7619633700
srb,2010,5.8120522500
srb,2011,5.5704584100
srb,2012,5.7943625500
srb,2013,5.5743579900
srb,2014,5.3864946400
srb,2015,5.0873928100
srb,2016,4.8779711700
srb,2017,4.7312579200
srb,2018,5.0694294000
syc,2000,3.7859380200
syc,2001,3.7585735300
syc,2002,3.6368391500
syc,2003,4.1458935700
syc,2004,3.8128249600
syc,2005,3.6201779800
syc,2006,3.4434094400
syc,2007,3.0430080900
syc,2008,2.4028265500
syc,2009,2.3870523000
syc,2010,3.1060183000
syc,2011,3.0136551900
syc,2012,4.0201811800
syc,2013,3.2052450200
syc,2014,3.2896783400
syc,2015,3.2453107800
syc,2016,3.5810596900
syc,2017,3.6444850000
syc,2018,3.8056745500
sle,2000,2.0776066800
sle,2001,2.5113332300
sle,2002,2.8049368900
sle,2003,2.2002265500
sle,2004,2.0971205200
sle,2005,1.7210629000
sle,2006,1.0842274400
sle,2007,1.0738450300
sle,2008,0.6328682900
sle,2009,0.9330916400
sle,2010,1.2722792600
sle,2011,0.8890319500
sle,2012,0.9520577200
sle,2013,0.8062161200
sle,2014,1.3374569400
sle,2015,1.6406904500
sle,2016,1.8463902500
sle,2017,1.8534114400
sle,2018,1.5602656600
sgp,2000,1.2147411100
sgp,2001,0.8820114700
sgp,2002,1.0521413100
sgp,2003,1.3372829000
sgp,2004,1.0226736100
sgp,2005,1.0006958200
sgp,2006,0.9954780300
sgp,2007,0.9503167900
sgp,2008,1.1918921500
sgp,2009,1.1854107400
sgp,2010,1.1491060300
sgp,2011,1.1721450100
sgp,2012,1.3078713400
sgp,2013,1.5369689500
sgp,2014,1.7436448300
sgp,2015,1.9681615800
sgp,2016,2.0838520500
sgp,2017,2.1295659500
sgp,2018,2.2476420400
svk,2000,4.6899871800
svk,2001,4.7108249700
svk,2002,4.8618383400
svk,2003,4.7435479200
svk,2004,4.9749641400
svk,2005,4.8997626300
svk,2006,4.7351117100
svk,2007,4.9123859400
svk,2008,5.2061772300
svk,2009,5.8082428000
svk,2010,5.5424614000
svk,2011,5.3923525800
svk,2012,5.4107356100
svk,2013,5.5325908700
svk,2014,5.4867873200
svk,2015,5.3564992000
svk,2016,5.6737890200
svk,2017,5.3545413000
svk,2018,5.2982392300
svn,2000,5.5714001700
svn,2001,5.5574116700
svn,2002,5.8096933400
svn,2003,5.8285856200
svn,2004,5.7156281500
svn,2005,5.7748050700
svn,2006,5.6125712400
svn,2007,5.2759380300
svn,2008,5.6679821000
svn,2009,6.1506943700
svn,2010,6.1980800600
svn,2011,6.1688919100
svn,2012,6.1747551000
svn,2013,6.1447396300
svn,2014,5.9959611900
svn,2015,6.0638723400
svn,2016,6.1293492300
svn,2017,5.8798527700
svn,2018,6.0091486000
slb,2000,4.9004955300
slb,2001,6.4907274200
slb,2002,6.1422119100
slb,2003,5.8757271800
slb,2004,5.3474164000
slb,2005,7.1073746700
slb,2006,6.0042510000
slb,2007,5.9638767200
slb,2008,3.6123025400
slb,2009,3.6867935700
slb,2010,3.8102917700
slb,2011,3.3215799300
slb,2012,3.4693398500
slb,2013,3.1566817800
slb,2014,3.3838625000
slb,2015,3.6303322300
slb,2016,3.5479116400
slb,2017,3.5374283800
slb,2018,3.5372927200
zaf,2000,2.7361364400
zaf,2001,2.7027514000
zaf,2002,2.3015925900
zaf,2003,2.3664197900
zaf,2004,2.8168027400
zaf,2005,2.7535231100
zaf,2006,3.1810243100
zaf,2007,3.1913898000
zaf,2008,3.3178634600
zaf,2009,3.5949974100
zaf,2010,3.9136428800
zaf,2011,4.0811882000
zaf,2012,4.2617015800
zaf,2013,4.2112054800
zaf,2014,4.2595105200
zaf,2015,4.3919434500
zaf,2016,4.3568282100
zaf,2017,4.3527679400
zaf,2018,4.4609417900
ssd,2017,0.7069642500
ssd,2018,0.6897740400
esp,2000,4.9190602300
esp,2001,4.8746185300
esp,2002,4.8981194500
esp,2003,5.3784298900
esp,2004,5.4649534200
esp,2005,5.5326409300
esp,2006,5.6447973300
esp,2007,5.7251300800
esp,2008,6.1424775100
esp,2009,6.8367414500
esp,2010,6.7882256500
esp,2011,6.7376084300
esp,2012,6.6031642000
esp,2013,6.4385623900
esp,2014,6.3872456600
esp,2015,6.5090403600
esp,2016,6.4058208500
esp,2017,6.3181138000
esp,2018,6.3203930900
lka,2000,2.2774028800
lka,2001,2.2042701200
lka,2002,2.2305910600
lka,2003,2.0761678200
lka,2004,2.2004485100
lka,2005,2.1106886900
lka,2006,2.0282886000
lka,2007,1.9162128000
lka,2008,1.7221359000
lka,2009,1.7025502900
lka,2010,1.5638768700
lka,2011,1.5812860700
lka,2012,1.4372397700
lka,2013,1.7381265200
lka,2014,1.6131497600
lka,2015,1.7099427000
lka,2016,1.6663191300
lka,2017,1.6174641800
lka,2018,1.5444034300
kna,2000,1.9569032200
kna,2001,1.9319089700
kna,2002,1.9404132400
kna,2003,2.1047828200
kna,2004,2.1703407800
kna,2005,2.2274317700
kna,2006,2.2306885700
kna,2007,2.0831668400
kna,2008,1.8618665900
kna,2009,2.0434768200
kna,2010,2.0084674400
kna,2011,1.9523795800
kna,2012,2.0250110600
kna,2013,2.0013785400
kna,2014,2.2266449900
kna,2015,2.1788191800
kna,2016,2.4473373900
kna,2017,2.4618229900
kna,2018,2.4708540400
lca,2000,1.8697567000
lca,2001,1.9964860700
lca,2002,2.0435309400
lca,2003,1.8349286300
lca,2004,1.7527999900
lca,2005,1.7907112800
lca,2006,1.7430076600
lca,2007,1.6187340000
lca,2008,1.7799809000
lca,2009,1.9870297900
lca,2010,1.9220728900
lca,2011,1.9704712600
lca,2012,2.2631163600
lca,2013,2.3221056500
lca,2014,2.1484558600
lca,2015,2.1702098800
lca,2016,2.1521232100
lca,2017,2.2414336200
lca,2018,2.0782704400
vct,2000,3.0020051000
vct,2001,2.9399058800
vct,2002,2.9536776500
vct,2003,2.7774698700
vct,2004,2.6013839200
vct,2005,2.5324254000
vct,2006,2.2878482300
vct,2007,2.2243280400
vct,2008,2.4314765900
vct,2009,2.6471591000
vct,2010,2.6955986000
vct,2011,2.5306196200
vct,2012,2.9077577600
vct,2013,2.8376846300
vct,2014,2.6823303700
vct,2015,2.6293845200
vct,2016,2.7191586500
vct,2017,2.8613750900
vct,2018,3.0514159200
sdn,2000,1.2199816700
sdn,2001,1.1215229000
sdn,2002,1.1286540000
sdn,2003,1.2633222300
sdn,2004,1.5730271300
sdn,2005,1.5996359600
sdn,2006,1.7773572200
sdn,2007,2.0494506400
sdn,2008,1.7319498100
sdn,2009,2.6293633000
sdn,2010,1.6462661000
sdn,2011,1.2828177200
sdn,2012,1.4933701800
sdn,2013,1.1519504800
sdn,2014,1.4345359800
sdn,2015,2.2378616300
sdn,2016,1.5063418100
sdn,2017,1.1353958800
sdn,2018,1.0309916700
sur,2000,3.0409212100
sur,2001,1.9907822600
sur,2002,2.6330299400
sur,2003,2.2888894100
sur,2004,2.6026551700
sur,2005,2.5297858700
sur,2006,2.9095454200
sur,2007,2.7669339200
sur,2008,2.2462079500
sur,2009,2.4497139500
sur,2010,2.1315989500
sur,2011,1.9183301900
sur,2012,1.8808225400
sur,2013,2.0231745200
sur,2014,2.0091781600
sur,2015,3.3882346200
sur,2016,3.8874239900
sur,2017,3.6273870500
sur,2018,5.2543420800
swe,2000,6.1894373900
swe,2001,6.4903535800
swe,2002,6.7792234400
swe,2003,6.9141292600
swe,2004,6.7224717100
swe,2005,6.7075505300
swe,2006,6.6315832100
swe,2007,6.5980315200
swe,2008,6.7719183000
swe,2009,7.2367830300
swe,2010,6.8627238300
swe,2011,8.8000097300
swe,2012,9.0407753000
swe,2013,9.1623106000
swe,2014,9.1993694300
swe,2015,9.0780363100
swe,2016,9.1513738600
swe,2017,9.1419982900
swe,2018,9.2737703300
che,2000,2.6780283500
che,2001,2.9157729100
che,2002,3.1797225500
che,2003,3.2662231900
che,2004,3.2363760500
che,2005,3.1962025200
che,2006,3.0053033800
che,2007,2.9572534600
che,2008,3.0826861900
che,2009,3.3368845000
che,2010,3.3256537900
che,2011,3.4063088900
che,2012,3.5827677200
che,2013,3.5511124100
che,2014,3.5287108400
che,2015,3.6173555900
che,2016,3.6292429000
che,2017,3.7536430400
che,2018,3.7078440200
syr,2000,1.5454683300
syr,2001,1.8609870700
syr,2002,2.0534725200
syr,2003,2.4528009900
syr,2004,2.1362843500
syr,2005,2.0691008600
syr,2006,1.7742805500
syr,2007,1.7619606300
syr,2008,1.5679736100
syr,2009,1.5912277700
syr,2010,1.4676411200
syr,2011,1.5044639100
syr,2012,1.6147646900
tjk,2000,0.8854455400
tjk,2001,0.8757962000
tjk,2002,0.8071748600
tjk,2003,0.7692307800
tjk,2004,0.8947710400
tjk,2005,0.9887515300
tjk,2006,0.9361518600
tjk,2007,1.0774648200
tjk,2008,1.3697540800
tjk,2009,1.0842263700
tjk,2010,1.1803278900
tjk,2011,1.3053311100
tjk,2012,1.6080859900
tjk,2013,1.9003083700
tjk,2014,2.0776231300
tjk,2015,2.0449566800
tjk,2016,2.0014319400
tjk,2017,2.0966396300
tjk,2018,1.9579576300
tza,2000,0.7458642700
tza,2001,1.0890829600
tza,2002,1.3321342500
tza,2003,1.4915851400
tza,2004,1.9667486000
tza,2005,2.3111696200
tza,2006,2.3799884300
tza,2007,1.9410567300
tza,2008,2.2578394400
tza,2009,1.4848464700
tza,2010,1.4499772800
tza,2011,1.2868162400
tza,2012,1.1757333300
tza,2013,1.1851704100
tza,2014,1.1994539500
tza,2015,1.2572610400
tza,2016,1.6101371000
tza,2017,1.5779467800
tza,2018,1.5584431900
tha,2000,1.7115294900
tha,2001,1.6648722900
tha,2002,2.0763695200
tha,2003,2.0455684700
tha,2004,2.0125589400
tha,2005,2.0130617600
tha,2006,2.2303154500
tha,2007,2.4140567800
tha,2008,2.6072633300
tha,2009,2.6468198300
tha,2010,2.5009613000
tha,2011,2.7270696200
tha,2012,2.6802399200
tha,2013,2.6227505200
tha,2014,2.7885603900
tha,2015,2.7487051500
tha,2016,2.8583829400
tha,2017,2.9346933400
tha,2018,2.8930504300
tls,2003,1.1760661600
tls,2004,0.6837447300
tls,2005,0.5409724700
tls,2006,0.4093463400
tls,2007,0.1821553900
tls,2008,0.5015061500
tls,2009,0.7373724000
tls,2010,0.7252399900
tls,2011,0.6555163900
tls,2012,0.7224277900
tls,2013,1.1007449600
tls,2014,1.4774863700
tls,2015,2.2709343400
tls,2016,2.2571883200
tls,2017,2.8616724000
tls,2018,2.6237027600
tgo,2000,0.3924864800
tgo,2001,0.4384321300
tgo,2002,0.4602221800
tgo,2003,0.5083342800
tgo,2004,0.5990526100
tgo,2005,0.6793581200
tgo,2006,0.7614350300
tgo,2007,0.8402047800
tgo,2008,0.8268392700
tgo,2009,0.9537647400
tgo,2010,1.5549583400
tgo,2011,1.4452674400
tgo,2012,1.6306121300
tgo,2013,1.3359510900
tgo,2014,1.3949863900
tgo,2015,1.2738821500
tgo,2016,1.3247649700
tgo,2017,0.9218113400
tgo,2018,1.0506997100
ton,2000,2.2293741700
ton,2001,2.3033487800
ton,2002,2.4622950600
ton,2003,2.3646156800
ton,2004,2.3705377600
ton,2005,2.4074344600
ton,2006,2.8074719900
ton,2007,3.0041871100
ton,2008,2.8565509300
ton,2009,2.8834972400
ton,2010,2.7195348700
ton,2011,2.6468145800
ton,2012,2.5506537000
ton,2013,2.7403683700
ton,2014,2.8021848200
ton,2015,2.7015121000
ton,2016,2.9705925000
ton,2017,2.8648250100
ton,2018,3.2233376500
tto,2000,1.5669964600
tto,2001,1.7426655300
tto,2002,1.9659956700
tto,2003,1.9043713800
tto,2004,1.8575668300
tto,2005,2.1462986500
tto,2006,1.8640686300
tto,2007,1.9181959600
tto,2008,1.7478144200
tto,2009,2.6116273400
tto,2010,2.4467358600
tto,2011,2.3549091800
tto,2012,2.3797485800
tto,2013,2.6061079500
tto,2014,2.6281414000
tto,2015,3.1089251000
tto,2016,3.5250995200
tto,2017,3.6797416200
tto,2018,3.4165163000
tun,2000,2.6589236300
tun,2001,2.6610770200
tun,2002,2.7802453000
tun,2003,2.8089878600
tun,2004,2.7880687700
tun,2005,2.7429890600
tun,2006,2.8128500000
tun,2007,2.8978636300
tun,2008,2.9401726700
tun,2009,3.1206736600
tun,2010,3.2805345100
tun,2011,3.6285307400
tun,2012,3.7633194900
tun,2013,4.0516595800
tun,2014,3.9573853000
tun,2015,3.9950146700
tun,2016,3.9629142300
tun,2017,4.1457095100
tun,2018,4.1833572400
tur,2000,2.8368306200
tur,2001,3.2871456100
tur,2002,3.5422973600
tur,2003,3.5705227900
tur,2004,3.5204429600
tur,2005,3.3154196700
tur,2006,3.5430409900
tur,2007,3.6026225100
tur,2008,3.7928450100
tur,2009,4.4229149800
tur,2010,3.9159364700
tur,2011,3.6818265900
tur,2012,3.5187308800
tur,2013,3.4247047900
tur,2014,3.3565747700
tur,2015,3.2166690800
tur,2016,3.3610124600
tur,2017,3.2481048100
tur,2018,3.1913538000
tkm,2000,3.2146275000
tkm,2001,2.8179171100
tkm,2002,2.4314765900
tkm,2003,2.7085261300
tkm,2004,2.4214305900
tkm,2005,2.0205254600
tkm,2006,1.5450513400
tkm,2007,1.3872615100
tkm,2008,0.9463170800
tkm,2009,1.1671068700
tkm,2010,1.2016779200
tkm,2011,1.2719194900
tkm,2012,1.2764893800
tkm,2013,1.4697883100
tkm,2014,1.4822861000
tkm,2015,1.5082130400
tkm,2016,1.2300850200
tkm,2017,1.5482507900
tkm,2018,1.1969449500
tuv,2000,24.1133537300
tuv,2001,17.6575965900
tuv,2002,11.7509002700
tuv,2003,13.3327751200
tuv,2004,9.4662513700
tuv,2005,10.3761358300
tuv,2006,10.8341970400
tuv,2007,10.1326532400
tuv,2008,9.9107389500
tuv,2009,12.0571422600
tuv,2010,13.9428567900
tuv,2011,13.1842107800
tuv,2012,13.4722213700
tuv,2013,13.5641021700
tuv,2014,14.1219511000
tuv,2015,13.1702127500
tuv,2016,13.0612239800
tuv,2017,12.4528303100
tuv,2018,15.2126340900
uga,2000,1.8702046900
uga,2001,2.0736246100
uga,2002,2.1570098400
uga,2003,2.0369234100
uga,2004,2.6895501600
uga,2005,2.6725618800
uga,2006,2.9001243100
uga,2007,2.8716831200
uga,2008,2.1679549200
uga,2009,2.0767402600
uga,2010,1.4323351400
uga,2011,1.3458451000
uga,2012,1.3233038200
uga,2013,1.2916324100
uga,2014,1.0138243400
uga,2015,1.0188559300
uga,2016,1.0109090800
uga,2017,0.9711229200
uga,2018,1.0331534100
ukr,2000,2.5113253600
ukr,2001,2.8000817300
ukr,2002,3.0708758800
ukr,2003,3.6492190400
ukr,2004,3.4048101900
ukr,2005,3.7263784400
ukr,2006,3.8774223300
ukr,2007,3.5619065800
ukr,2008,3.1920692900
ukr,2009,3.8480591800
ukr,2010,3.6865050800
ukr,2011,3.4237117800
ukr,2012,3.7404584900
ukr,2013,3.3390235900
ukr,2014,3.4507088700
ukr,2015,3.6868441100
ukr,2016,3.6395404300
ukr,2017,3.5156364400
ukr,2018,3.7030708800
are,2000,1.6341282100
are,2001,1.9132236200
are,2002,1.6640218500
are,2003,1.6215493700
are,2004,1.4060068100
are,2005,1.3188245300
are,2006,1.3325601800
are,2007,1.5053890900
are,2008,1.8715997900
are,2009,2.9841496900
are,2010,2.7482419000
are,2011,2.6579003300
are,2012,2.4848003400
are,2013,2.5859410800
are,2014,2.5765895800
are,2015,2.5533466300
are,2016,2.4367830800
are,2017,2.2716932300
are,2018,2.1796560300
gbr,2000,5.5964479400
gbr,2001,5.8629298200
gbr,2002,6.2223801600
gbr,2003,6.4575777100
gbr,2004,6.8079457300
gbr,2005,6.9418115600
gbr,2006,7.1423440000
gbr,2007,7.1453051600
gbr,2008,7.4886598600
gbr,2009,8.2987327600
gbr,2010,8.2187767000
gbr,2011,8.1763811100
gbr,2012,8.1714592000
gbr,2013,7.9630098300
gbr,2014,7.9693727500
gbr,2015,7.9375848800
gbr,2016,7.9309420600
gbr,2017,7.8091330500
gbr,2018,7.8579835900
usa,2000,5.5423545800
usa,2001,5.9685134900
usa,2002,6.3217511200
usa,2003,6.5222978600
usa,2004,6.6104707700
usa,2005,6.6295919400
usa,2006,6.8094744700
usa,2007,6.9236354800
usa,2008,7.2521872500
usa,2009,7.8789486900
usa,2010,7.9500608400
usa,2011,7.9338898700
usa,2012,7.9068517700
usa,2013,7.9375834500
usa,2014,8.2369146300
usa,2015,8.4722223300
usa,2016,8.5905189500
usa,2017,8.5450305900
usa,2018,8.5123634300
ury,2000,4.1572203600
ury,2001,4.7798676500
ury,2002,5.0414133100
ury,2003,5.4711704300
ury,2004,4.7174472800
ury,2005,3.8068208700
ury,2006,4.0111584700
ury,2007,3.9507768200
ury,2008,4.9708271000
ury,2009,5.1241211900
ury,2010,5.1567106200
ury,2011,5.3099737200
ury,2012,5.6283769600
ury,2013,5.8599848700
ury,2014,5.9742965700
ury,2015,6.1619854000
ury,2016,6.5908336600
ury,2017,6.6519908900
ury,2018,6.7149257700
uzb,2000,2.0531060700
uzb,2001,2.0811698400
uzb,2002,1.9783420600
uzb,2003,1.9394520500
uzb,2004,1.8464695200
uzb,2005,1.8572721500
uzb,2006,1.9723477400
uzb,2007,1.8390389700
uzb,2008,1.9602127100
uzb,2009,2.0431766500
uzb,2010,2.2247395500
uzb,2011,2.2891578700
uzb,2012,2.5448975600
uzb,2013,2.5467383900
uzb,2014,2.4393982900
uzb,2015,2.4828319500
uzb,2016,2.1649844600
uzb,2017,2.1067686100
uzb,2018,2.0197141200
vut,2000,2.4694292500
vut,2001,2.5160539200
vut,2002,2.6235220400
vut,2003,2.4897923500
vut,2004,2.3245546800
vut,2005,2.1404466600
vut,2006,2.1459634300
vut,2007,2.1811564000
vut,2008,2.2096927200
vut,2009,1.9459207100
vut,2010,1.8570426700
vut,2011,2.2950441800
vut,2012,2.2003357400
vut,2013,2.1237945600
vut,2014,0.5569016300
vut,2015,2.0194304000
vut,2016,1.2948787200
vut,2017,1.4443314100
vut,2018,2.1413815000
ven,2000,3.3639450100
ven,2001,3.5285365600
ven,2002,3.5537843700
ven,2003,3.7810909700
ven,2004,3.6735336800
ven,2005,2.8143215200
ven,2006,4.6007199300
ven,2007,4.0217666600
ven,2008,2.5531463600
ven,2009,2.5948722400
ven,2010,2.5867559900
ven,2011,3.0786449900
ven,2012,2.8544838400
ven,2013,2.1560771500
ven,2014,1.9913945200
ven,2015,2.6244118200
ven,2016,2.4708204300
ven,2017,3.7223112600
ven,2018,1.7046546900
vnm,2000,1.6922956700
vnm,2001,1.5174678600
vnm,2002,1.6670850500
vnm,2003,1.5322754400
vnm,2004,1.7200003900
vnm,2005,1.8717985200
vnm,2006,1.9426007300
vnm,2007,1.9291825300
vnm,2008,1.9394944900
vnm,2009,1.9188363600
vnm,2010,2.3638892200
vnm,2011,2.2728409800
vnm,2012,2.6314406400
vnm,2013,2.9844706100
vnm,2014,2.4265022300
vnm,2015,2.3633267900
vnm,2016,2.6842477300
vnm,2017,2.7320714000
vnm,2018,2.6962101500
yem,2000,2.3719620700
yem,2001,2.4779720300
yem,2002,2.3309879300
yem,2003,2.4040830100
yem,2004,1.9529944700
yem,2005,1.6550356100
yem,2006,1.6257580500
yem,2007,1.5639500600
yem,2008,1.6028108600
yem,2009,1.3086916200
yem,2010,1.1621707700
yem,2011,1.0921183800
yem,2012,1.2413144100
yem,2013,0.9796077600
yem,2014,0.7834845200
yem,2015,0.4971580200
zmb,2000,3.1815805400
zmb,2001,3.1055932000
zmb,2002,2.9581449000
zmb,2003,2.4405000200
zmb,2004,2.4150152200
zmb,2005,1.8311865300
zmb,2006,1.7252633600
zmb,2007,0.9780887400
zmb,2008,0.5798190200
zmb,2009,0.4382160600
zmb,2010,0.8413667700
zmb,2011,1.2038799500
zmb,2012,1.2978662300
zmb,2013,1.3098732200
zmb,2014,1.8938220700
zmb,2015,2.0905413600
zmb,2016,1.7143074300
zmb,2017,1.7744194300
zmb,2018,1.9287191600
zwe,2010,2.7533571700
zwe,2011,2.1196537000
zwe,2012,1.9987827500
zwe,2013,2.0180702200
zwe,2014,2.7315664300
zwe,2015,1.5513681200
zwe,2016,1.7668122100
zwe,2017,1.6995619500
zwe,2018,1.3242476000
