year,country,gc_tax_ypkg_zs
2006,afg,17.984605641145198
2007,afg,22.008814976856602
2008,afg,27.475140307731
2009,afg,30.531278075352397
2010,afg,27.398017367596196
2011,afg,28.377409613127604
2012,afg,32.2965423547257
1995,alb,13.305930321211902
1996,alb,16.227969844300098
1997,alb,10.946283434777401
1998,alb,11.414428726112401
2002,alb,20.7622652526236
2003,alb,19.3099286488728
2004,alb,20.540481069866498
2006,dza,65.1589718425724
2007,dza,27.422819405406603
2008,dza,60.2587241876101
2009,dza,63.70592689174371
2010,dza,63.55943501647101
2011,dza,65.4471221827458
1999,ago,55.884380937924604
2000,ago,64.70023211291411
2001,ago,57.8897815078886
2002,ago,54.7393784164961
2003,ago,56.9504051138213
2004,ago,62.5093522640519
2005,ago,67.8423682492126
2006,ago,72.35946658236399
2007,ago,74.39190968687109
2008,ago,71.7413194933046
2009,ago,59.2082693171224
2010,ago,62.1304461308671
2011,ago,66.2819368981788
2012,ago,68.1493317687785
2000,atg,13.2181882270004
2001,atg,14.968553459119502
2002,atg,17.3839184597961
2003,atg,16.3361169102296
2004,atg,10.861423220973801
2005,atg,14.021978021977999
2006,atg,19.644115574348103
2007,atg,14.604139528151698
2008,atg,16.103408434431
2009,atg,17.0910359260551
2010,atg,16.0277536860364
2011,atg,12.6405513239028
2012,atg,12.7937768950679
2002,arg,18.7031842070109
2003,arg,22.0450738863895
2004,arg,24.202354203896398
2003,arm,15.127759567297499
2004,arm,19.631313169518602
2005,arm,22.757404263656603
2006,arm,26.360310176677398
2007,arm,24.334739598667497
2008,arm,22.644457821437303
2009,arm,27.388625210950103
2010,arm,25.6922834556532
2011,arm,27.523730941372598
2012,arm,28.1827748649105
1999,aus,73.40398054212291
2000,aus,75.0575126986728
2001,aus,69.05908771448651
2002,aus,67.07426336757521
2003,aus,69.00105735374129
2004,aus,69.5299675510594
2005,aus,71.1270556195664
2006,aus,71.8511691637645
2007,aus,72.28403803358279
2008,aus,73.01222786609209
2009,aus,72.4341726618705
2010,aus,69.9974921489289
2011,aus,71.1375170967764
2012,aus,72.62445574207841
1995,aut,43.9654975822291
1996,aut,45.836724784608606
1997,aut,46.008599271609604
1998,aut,45.917356208118704
1999,aut,45.0719658784023
2000,aut,45.2077848457594
2001,aut,48.656207608196
2002,aut,46.165730656051
2003,aut,45.783794261401795
2004,aut,45.7421950815113
2005,aut,46.1210694386569
2006,aut,47.2162130988167
2007,aut,48.1593648497072
2008,aut,49.002443566076295
2009,aut,44.6252215171449
2010,aut,45.1217778162009
2011,aut,45.99119272938479
2012,aut,46.640237421415904
1994,aze,17.5355173112304
1995,aze,30.8570518710324
1996,aze,28.416754094755202
1997,aze,28.4183280403479
1998,aze,29.592027602825198
1999,aze,30.181559922513102
2008,aze,53.0784402973752
2009,aze,38.2402134522719
2010,aze,39.2519563027814
2011,aze,44.94494966153071
2012,aze,43.9253806018154
2007,bhr,11.0837964942283
2008,bhr,14.648028793839499
2009,bhr,9.509228544696779
2011,bhr,15.662847547386699
2001,bgd,15.9647887133818
2002,bgd,16.715509472813
2003,bgd,15.689341936958101
2004,bgd,15.850095084479301
2005,bgd,16.1989618462112
2006,bgd,18.8411185694827
2007,bgd,22.6710258265702
2008,bgd,24.2424612743499
2009,bgd,25.4095616394402
2010,bgd,25.981916270181603
2011,bgd,27.620019064511
2007,brb,38.58147323808279
2008,brb,36.875353511725
2009,brb,37.0055944710784
2010,brb,34.0650526944251
1992,blr,17.989417989418
1993,blr,17.949695121951198
1994,blr,28.096189654389402
1995,blr,24.5765028454039
1996,blr,12.5416952028681
1997,blr,14.7796431008392
1998,blr,17.5914497890661
1999,blr,18.4636559358027
2000,blr,18.9012624549711
2001,blr,17.3205005950665
2002,blr,12.3163007723786
2003,blr,10.6351844936498
2004,blr,12.557589599579401
2005,blr,13.3974997858635
2006,blr,10.6012279355857
2007,blr,9.90688951969449
2008,blr,10.7537180410542
2009,blr,10.8853105889243
2010,blr,12.706715256729698
2011,blr,6.324812016582019
2012,blr,6.8391148981789005
1995,bel,59.0678886035349
1996,bel,57.87365996924579
1997,bel,58.05146005810229
1998,bel,59.0389379508639
1999,bel,57.2657170331114
2000,bel,58.241613344461406
2001,bel,59.1930435577625
2002,bel,60.629947253220394
2003,bel,59.922985485396005
2004,bel,58.924286096887705
2005,bel,59.1109128716409
2006,bel,58.884603468507
2007,bel,59.319659282552394
2008,bel,60.3784694935137
2009,bel,57.745927971318
2010,bel,57.8556837883149
2011,bel,59.061359176469296
2012,bel,58.5861171065407
1990,blz,23.325567192200698
1991,blz,25.0119427616008
1992,blz,29.0793116131405
1993,blz,27.5369413056407
1994,blz,24.4667654978368
1995,blz,19.5030719423533
1996,blz,20.700372648999696
1997,blz,21.681168210128497
1998,blz,23.6121293393408
1999,blz,25.3089058204876
2000,blz,25.7249466591613
2001,blz,23.607605999184297
2002,blz,21.932098199527196
2003,blz,23.463447386089896
2004,blz,23.9920484018682
2005,blz,27.268897473596397
2006,blz,26.054947976072196
2007,blz,30.438390708239798
2008,blz,33.1123865451992
2009,blz,35.492725318818394
2010,blz,36.418773811546004
2011,blz,35.4954836825495
2012,blz,33.919343092835
2001,ben,23.897378589853396
2002,ben,23.6258766468005
2003,ben,22.0130162260041
2004,ben,22.4197831921207
2005,ben,22.5754126268638
2006,ben,22.1189168715364
2007,ben,21.0906960963328
2008,ben,20.725330566629
2009,ben,21.0700445513619
2010,ben,19.551725872792197
2011,ben,20.936855667665398
2012,ben,19.6820774209007
1990,btn,30.729391454467002
1991,btn,25.8522727272727
1992,btn,25.0761730652041
1993,btn,32.2522925520018
1994,btn,32.8432346513014
1995,btn,40.5509387503847
1996,btn,50.473821369343796
1997,btn,56.6233168373806
1998,btn,53.569428509535506
1999,btn,57.27603096855739
2000,btn,53.446967781093505
2001,btn,62.1719442850436
2002,btn,54.04806120133121
2003,btn,46.9010082695794
2004,btn,58.016992581941395
2005,btn,50.7557578031715
2006,btn,49.906866505754394
2007,btn,56.712288911183606
2008,btn,55.28004101390471
2009,btn,58.0437284071932
2002,bol,11.2587357107777
2003,bol,11.124125065459001
2004,bol,11.409524356068198
2005,bol,14.015154320473302
2006,bol,15.23462626411
2007,bol,14.783964295107902
2003,bih,3.30381407936443
2004,bih,4.2921714067577
2005,bih,3.6126833888567997
2006,bih,3.8633683216448396
2007,bih,5.9921053291507995
2008,bih,4.97946886875555
2009,bih,10.4997530221688
2010,bih,12.5239681467322
2011,bih,12.7324977744401
2012,bih,13.006867798057101
1990,bwa,71.7088336744848
1991,bwa,58.46055667370279
1992,bwa,53.26573340449121
1993,bwa,59.2795811518325
1994,bwa,60.6437165188373
1995,bwa,51.2621094282985
1996,bwa,51.2566989323252
2006,bwa,43.1879515044915
2007,bwa,36.7300559917159
2008,bwa,39.4035469401225
2009,bwa,39.511787988813204
2010,bwa,45.658624227976595
2011,bwa,45.2734558316288
2012,bwa,33.237643534698
1990,bra,38.8489774514945
1991,bra,37.421988733464204
1992,bra,39.9261940142139
1993,bra,37.05350562570629
1994,bra,30.653054641480697
1997,bra,35.3953784010145
1998,bra,41.7141259660585
1999,bra,37.779603986879295
2000,bra,35.702029003919
2001,bra,35.5888056697091
2002,bra,38.766084280229705
2003,bra,37.532684710705205
2004,bra,35.878233180481
2005,bra,38.4803194140321
2006,bra,39.68912645818
2007,bra,42.3756928422134
2008,bra,46.4156753674057
2009,bra,46.693910825694395
2010,bra,43.7000305305527
2011,bra,45.2065589812989
2012,bra,44.763075648211604
1990,bgr,58.7261970789425
1991,bgr,62.2760418385192
1992,bgr,44.472924400447795
1993,bgr,27.736728680124898
1994,bgr,26.520173426974303
1995,bgr,29.8961230629506
1996,bgr,35.1868241687541
1997,bgr,39.0166799594639
1998,bgr,26.525468966763395
1999,bgr,24.1536135288515
2000,bgr,21.3223101198622
2001,bgr,24.6284400253195
2002,bgr,20.009969864237398
2003,bgr,22.631247632101697
2004,bgr,25.7936228843961
2005,bgr,23.101231889085803
2006,bgr,22.816882769814
2007,bgr,26.1571513449805
2008,bgr,25.9174425291615
2009,bgr,26.411442564652198
2010,bgr,24.933276217533603
2011,bgr,25.494272095699703
2012,bgr,24.780759909298897
2002,bfa,25.406254903030895
2003,bfa,24.803821225718302
2004,bfa,22.4396956287753
2005,bfa,23.532586098922803
2006,bfa,23.255220027674103
2007,bfa,23.8414252402265
2008,bfa,23.2687374945022
2009,bfa,21.5711597647825
2010,bfa,23.611353173604805
2011,bfa,28.8980256548806
2012,bfa,28.7422023014683
1991,bdi,25.1971203291052
1992,bdi,24.5449482662602
1993,bdi,27.0170178996561
1994,bdi,19.203791988602102
1995,bdi,21.6903030739328
1996,bdi,27.4676169466599
1997,bdi,26.3659352729316
1998,bdi,22.8829211347468
1999,bdi,24.419942589759003
2005,cpv,30.810036336920298
2006,cpv,30.017863203692396
2007,cpv,29.2363216265603
2008,cpv,29.231703033702196
2009,cpv,31.604174767034102
2010,cpv,30.1234343646268
2011,cpv,28.3854815753296
2012,cpv,29.5940185748696
2002,khm,9.783158530755811
2003,khm,10.766144280237699
2004,khm,9.074820380456801
2005,khm,10.939522521354402
2006,khm,13.5739801323336
2007,khm,14.134272926866801
2008,khm,14.7606926385342
2009,khm,17.902492274388003
2010,khm,17.0071554173733
2011,khm,18.149560233777603
2012,khm,19.419002201486197
1990,cmr,27.6627580310248
1991,cmr,29.376365775760604
1992,cmr,29.038054289931303
1993,cmr,29.703795022157102
1994,cmr,31.535981340467895
1995,cmr,23.396991632013997
1998,cmr,25.331950849608496
1999,cmr,26.046686638012098
1991,can,69.8787890810982
1992,can,69.7913519729469
1993,can,69.49470540853811
1994,can,70.33421462951671
1995,can,71.50713975065241
1996,can,72.8241622678561
1997,can,73.5118618880456
1998,can,74.261199067924
1999,can,75.5051136632486
2000,can,76.63581018081209
2001,can,75.4107365484552
2002,can,72.8721768651986
2003,can,72.7824296831137
2004,can,73.8301101866427
2005,can,74.2762613730356
2006,can,75.76859421234771
2007,can,76.70426047204829
2008,can,78.3048017924349
2009,can,77.2211926872944
2010,can,76.7245768752928
2012,can,77.44020898562749
2013,can,77.3005314858094
2008,caf,15.4264281206814
2009,caf,17.945342841429998
2010,caf,15.488571802393201
2011,caf,20.406859949639898
2012,caf,13.274699439867101
2002,chl,28.412825249678196
2003,chl,29.7861601742656
2004,chl,34.6083311237046
2005,chl,41.67808495204321
2006,chl,51.240702543908995
2007,chl,51.2260889603391
2008,chl,38.1378919725366
2009,chl,36.7618385559869
2010,chl,33.5888589813408
2011,chl,32.5259532864538
2012,chl,35.3454600792979
2005,chn,27.7910347775282
2006,chn,28.4411147616867
2007,chn,28.640564609538103
2008,chn,29.1729848370114
2009,chn,27.7924703155614
2010,chn,25.4198333863203
2011,chn,27.139023697607303
2003,col,42.584956371606296
2008,col,31.813919854384498
2009,col,36.2735446883787
2010,col,31.0911785567278
2011,col,25.8843532450222
2012,col,37.939556563252104
1990,zar,28.869955645574898
1991,zar,33.86422136422139
1992,zar,21.615779332444703
1993,zar,30.7075385494626
1994,zar,18.5224380369363
1995,zar,35.8056265984655
1996,zar,40.269819395082294
1997,zar,31.045328399629998
1998,zar,33.066073393259394
1999,zar,22.755158951478
2000,zar,17.210791891066002
2001,zar,26.8020009074253
2002,zar,22.0846840452602
2003,zar,23.500331501125398
2004,zar,24.4517441981531
2005,zar,16.312998423255802
2006,zar,27.867086325025
2007,zar,26.684135322929002
2008,zar,29.6203496425777
2009,zar,27.7236808491683
2010,zar,29.379741259727997
2003,cog,14.881925342892899
2004,cog,30.7652087135083
2005,cog,32.6386240268928
2006,cog,31.183255019222603
2007,cog,32.7335285835824
2008,cog,36.4797162491687
2008,cri,27.914752383175696
2009,cri,29.5834133597576
2010,cri,29.1669911365761
2011,cri,27.462701065840697
2012,cri,26.946975373288698
2003,civ,20.7629610957062
2004,civ,20.0579990333494
2005,civ,26.0230179028133
2006,civ,27.8918744594456
2007,civ,29.2058302683558
2008,civ,30.0671765635238
2009,civ,25.379125217441302
2010,civ,23.986424872931398
2011,civ,26.5038247234093
2012,civ,25.2781684272992
1991,hrv,37.357284213731205
1992,hrv,15.726214101172
1993,hrv,11.1333077127175
1994,hrv,16.1857088564983
1995,hrv,16.8927892297814
1996,hrv,18.8292109882238
1997,hrv,18.398375
1998,hrv,18.234317374643897
1999,hrv,18.103880912992
2000,hrv,14.442024086732301
2001,hrv,13.313740985873801
2002,hrv,13.3323592635147
2003,hrv,12.9175867524347
2004,hrv,12.5612036858666
2005,hrv,13.2034275664652
2006,hrv,14.564983153465901
2007,hrv,16.48478243948
2008,hrv,17.6102798499418
2009,hrv,17.0218078515804
2010,hrv,12.1047468413244
2011,hrv,13.9941544900405
2012,hrv,13.8604531355654
1995,cyp,40.512856739191896
1996,cyp,40.483213934541396
1997,cyp,42.6329007953118
1998,cyp,43.7412668840242
1999,cyp,47.259767687434
2000,cyp,44.354058570046604
2001,cyp,43.8210283716125
2002,cyp,43.280647356878205
2003,cyp,34.405990016638896
2004,cyp,28.8565842583249
2005,cyp,32.045695771186
2006,cyp,36.0226257814826
2007,cyp,42.847774244833104
2008,cyp,40.3479541227526
2009,cyp,40.468503125644
2010,cyp,39.821147929256
2011,cyp,42.7304005366455
2012,cyp,40.6145535852649
1993,cze,32.4085349474401
1994,cze,30.2701854282114
1995,cze,28.664583507927603
1996,cze,27.973514146510702
1997,cze,26.2633914454595
1998,cze,28.631197334901
1999,cze,26.240694036908604
2000,cze,25.7741752192905
2001,cze,39.37928491655929
2002,cze,40.95020818473721
2003,cze,41.5540126460897
2004,cze,40.9058091558652
2005,cze,42.013232310614704
2006,cze,39.6089940267094
2007,cze,40.4036452511885
2008,cze,40.6108882689122
2009,cze,34.6482773877829
2010,cze,34.0657619326403
2011,cze,32.9387411863639
2012,cze,33.4036280137773
1995,dnk,44.1600914738165
1996,dnk,43.6331317637628
1997,dnk,43.1803225662532
1998,dnk,41.897224666511896
1999,dnk,40.6468355410954
2000,dnk,43.5137452736518
2001,dnk,43.595961131592595
2002,dnk,42.9196408012894
2003,dnk,42.443163934823104
2004,dnk,40.4007494950211
2005,dnk,40.2327432065298
2006,dnk,42.9789521901834
2007,dnk,51.3930285925301
2008,dnk,51.43735147094979
2009,dnk,51.9479087159593
2010,dnk,47.0379493456456
2011,dnk,46.6810222213402
2012,dnk,46.85133528920171
2000,dma,35.2004393190555
2001,dma,27.31737262124
2002,dma,25.679012345679002
2003,dma,25.195094760312198
2004,dma,19.1033138401559
2005,dma,22.1107719145225
2006,dma,20.3711173860428
2007,dma,18.6339754816112
2008,dma,16.9811320754717
2009,dma,17.4360573923893
2010,dma,19.0301921317475
2011,dma,17.922411029176
2012,dma,18.7644532540469
2004,dom,20.796307036234698
2005,dom,19.9240100109022
2006,dom,22.082340630269197
2007,dom,25.440350265584804
2008,dom,24.8759631199955
2009,dom,24.674777178701802
2010,dom,22.1578357688487
2011,dom,23.989693622040896
1990,ecu,62.8767123287671
1991,ecu,58.740499457111795
1992,ecu,62.07809397749829
1993,ecu,59.3959731543624
1994,ecu,56.4908120924718
1990,egy,33.4805584036596
1991,egy,38.642943305187
1992,egy,38.858632225939495
1993,egy,38.1635876656823
1994,egy,36.012360123601205
1995,egy,33.7514950905399
1996,egy,34.2161757363954
1997,egy,34.3674911660777
2002,egy,38.626432030235
2003,egy,37.3941438208698
2004,egy,40.627885503231795
2005,egy,41.6731344938463
2006,egy,49.3650470602553
2007,egy,51.2001238566656
2008,egy,48.8777676786304
2009,egy,49.1688349720964
2010,egy,44.9386633508022
2011,egy,46.6454316184939
2012,egy,43.9925750928113
2002,slv,30.7642106637082
2003,slv,29.6647013280924
2004,slv,30.2222478120682
2005,slv,31.071830457614396
2006,slv,32.5422782386726
2007,slv,33.8798006038054
2008,slv,34.2142996806361
2009,slv,37.827175479857395
2010,slv,35.7696263284196
2011,slv,38.1705142416502
2012,slv,32.7265372168285
2007,gnq,89.69263179268509
2008,gnq,93.9044543255198
2009,gnq,93.4290941734141
1995,est,33.2744692842382
1996,est,41.5829301575487
1997,est,27.636652025378197
1998,est,33.0758162700608
1999,est,32.322109988776695
2000,est,24.8574075980643
2001,est,23.1230313136928
2002,est,24.640994785399105
2003,est,27.465467167245198
2004,est,26.837645536869303
2005,est,20.8826641421173
2006,est,20.5583756345178
2007,est,21.5420276637787
2008,est,22.3424832297625
2009,est,17.257603764073302
2010,est,16.7034966852983
2011,est,16.794731064763997
2012,est,18.0942744496005
1990,eth,40.871721857346294
1991,eth,38.430050565856
1992,eth,40.0728597449909
1993,eth,31.101744316398396
1994,eth,29.241971135093003
1995,eth,31.031239170256
1996,eth,34.673533122376
1997,eth,30.782851499983
1998,eth,32.0697735824147
1999,eth,33.0601353283141
2001,eth,28.411592738297202
2002,eth,29.4006382658362
2003,eth,24.6483153229273
2004,eth,17.891362464217302
2005,eth,18.0077774454083
2006,eth,18.8489891248814
2007,eth,19.4685298158023
2008,eth,19.4297112753497
2009,eth,23.3507627427266
2010,eth,26.519643945550605
2011,eth,26.1701854499896
1990,fji,43.75152577731421
1991,fji,46.719806546952704
1992,fji,39.3670071583689
1993,fji,35.3992627854854
1994,fji,32.9132213421534
1995,fji,36.643318002307794
1996,fji,37.2979542871575
2004,fji,31.9019212086138
2005,fji,32.47605754481
2006,fji,35.8166585570154
1995,fin,33.216354600672695
1996,fin,36.1390852296046
1997,fin,35.618766777841
1998,fin,37.248707746086104
1999,fin,36.5300286327845
2000,fin,43.1520731669889
2001,fin,39.5448399602704
2002,fin,39.3717610691881
2003,fin,36.4658246207772
2004,fin,36.475899228192795
2005,fin,36.403521106955
2006,fin,36.0901845179605
2007,fin,38.0348571575246
2008,fin,37.0012951723087
2009,fin,29.464285714285698
2010,fin,28.501756321305198
2011,fin,29.330396024386502
2012,fin,28.1218605585694
1995,fra,37.45583353754989
1996,fra,37.882781150218705
1997,fra,39.3802025951769
1998,fra,45.5590836697284
1999,fra,46.5285654028214
2000,fra,48.1594421262944
2001,fra,49.1734635384083
2002,fra,46.675997402784795
2003,fra,45.6274489160034
2004,fra,46.015670979938
2005,fra,46.3996094632457
2006,fra,47.9127382938604
2007,fra,47.903159194218595
2008,fra,48.7753576996445
2009,fra,44.6141638033761
2010,fra,44.3148871496266
2011,fra,47.5535618734221
2012,fra,48.83292225608729
1990,gmb,13.720014951298301
1991,gmb,12.9589591867698
1992,gmb,13.893097088657598
1993,gmb,15.410245730945402
2007,gmb,31.528330307829
2008,gmb,30.8995549904641
2009,gmb,24.2802435462986
1997,geo,11.1433087460485
1998,geo,16.3871322518559
1999,geo,14.53125
2000,geo,11.310553633218
2001,geo,5.196657835744849
2002,geo,4.89522803310442
2003,geo,5.2797609164868
2004,geo,2.8401517481800496
2006,geo,15.2513730460499
2007,geo,17.708021923268603
2008,geo,39.8626034877576
2009,geo,37.7465939399764
2010,geo,36.908805853148706
2011,geo,39.15374008962429
2012,geo,39.413097558270394
1995,deu,44.8683503492746
1996,deu,45.866102036700894
1997,deu,45.8372918645932
1998,deu,45.659962738260205
1999,deu,44.93867039154921
2000,deu,45.927858916621105
2001,deu,42.0621150342674
2002,deu,40.6893887362637
2003,deu,40.1226787664902
2004,deu,39.969931271477705
2005,deu,39.8403060800133
2006,deu,41.7447559302098
2007,deu,41.5770609318996
2008,deu,41.8039956614534
2009,deu,38.822945824327704
2010,deu,38.025350233489
2011,deu,38.6179523050395
2012,deu,40.1086064279851
1990,gha,25.1018540857714
1991,gha,19.5471634324924
1992,gha,20.574690556336
1993,gha,21.6632754069512
2001,gha,32.446068027526806
2002,gha,32.7042905257266
2003,gha,29.1870893528511
2004,gha,27.953301357277198
2005,gha,29.376854212486702
2006,gha,27.4745942464848
2007,gha,26.683562980333
2008,gha,27.059203810097
2009,gha,33.326537419758395
2010,gha,35.6078121365232
2011,gha,35.905182579794605
1995,grc,33.2777711632337
1996,grc,31.689759688244198
1997,grc,33.43415542112611
1998,grc,38.0122057541412
1999,grc,37.8263185935003
2000,grc,39.9659166219585
2001,grc,36.8498512603726
2002,grc,37.718408968930795
2003,grc,37.39296187683279
2004,grc,38.4793452200513
2005,grc,40.0514492384494
2006,grc,36.79419679419679
2007,grc,36.4071391619245
2008,grc,36.5703736337508
2009,grc,38.438796222751705
2010,grc,35.0695225667102
2011,grc,32.8753569742079
2012,grc,36.6007214907746
1991,grd,18.1546035125067
1992,grd,22.831702011963
1993,grd,22.92689065056
1994,grd,22.0434534743777
1995,grd,25.005807200929198
1999,grd,16.6379310344828
2000,grd,19.577517917766897
2001,grd,22.5451688923802
2002,grd,16.577743902439
2003,grd,15.923566878980902
2004,grd,15.3846153846154
2005,grd,16.7781331782495
2006,grd,15.555555555555598
2007,grd,18.5700099304866
2008,grd,21.8072844628861
2009,grd,22.9534087917873
2010,grd,18.774044626827397
2011,grd,18.337468982630302
2012,grd,18.725198412698397
1990,gtm,21.5201640116642
1991,gtm,30.0367653424602
1992,gtm,22.258662483958396
1993,gtm,23.535992324397697
1994,gtm,16.751129358571802
1995,gtm,20.779620099214398
1996,gtm,24.6033889980354
1997,gtm,24.5085782315318
1998,gtm,20.5807984128445
1999,gtm,20.893439110845698
2000,gtm,24.4745083468245
2001,gtm,25.9287095772079
2002,gtm,28.0412499287812
2003,gtm,27.5678399973225
2004,gtm,26.0876758553232
2005,gtm,27.661873347069395
2006,gtm,28.0600038162897
2007,gtm,27.4147358283756
2008,gtm,29.0754287084782
2009,gtm,30.4926747843314
2010,gtm,29.6876966594032
2011,gtm,31.5753905573932
2012,gtm,31.4309850878503
1998,gin,10.601885987038699
1999,gin,10.2073159322668
2003,hnd,22.5066726431817
2004,hnd,25.158573204225195
2005,hnd,26.3835013254654
2006,hnd,29.4449799426752
2007,hnd,30.9526078490698
2008,hnd,31.097918221936602
2009,hnd,32.0297579476853
2010,hnd,30.670707838127697
2011,hnd,33.662509809494
2012,hnd,32.4655182411183
2002,hkg,61.8488899601436
2003,hkg,60.7112034399273
2004,hkg,61.4313898117742
2005,hkg,63.109402578411895
2006,hkg,60.770169260358294
2007,hkg,57.5696215732368
2008,hkg,66.9034672952703
2009,hkg,58.58534233365479
1995,hun,28.9072608725057
1996,hun,32.38756631683739
1997,hun,33.4804954008678
1998,hun,32.7173799697361
1999,hun,33.983006472118
2000,hun,34.071612107551395
2001,hun,36.7837790436102
2002,hun,37.4171317960209
2003,hun,33.7685505828191
2004,hun,31.453365856829098
2005,hun,33.0396983875721
2006,hun,35.5252105554907
2007,hun,37.0968631429326
2008,hun,43.417547700088605
2009,hun,40.38875382110621
2010,hun,33.5663751178109
2011,hun,28.862885572947302
2012,hun,28.809312323747697
1998,isl,28.6400605659369
1999,isl,30.829439196921896
2000,isl,32.3636376721109
2001,isl,35.127493293777
2002,isl,34.4702960096524
2003,isl,35.372415717100296
2004,isl,34.7627893613507
2005,isl,36.6648674385119
2006,isl,39.0584772569902
2007,isl,40.120758867355
2008,isl,43.7362413693927
2009,isl,41.1602920278766
2010,isl,39.5339311061884
2011,isl,38.7417003135524
2012,isl,37.5137453625403
1990,ind,18.6004099072498
1991,ind,22.1042786306007
1992,ind,23.4508353765559
1993,ind,26.619676867108897
1994,ind,28.8729494875073
1995,ind,29.9001231604592
1996,ind,29.910221959895
1997,ind,27.526415216313897
1998,ind,32.014270910848495
1999,ind,33.512855745493496
2000,ind,36.0028006598524
2001,ind,36.780908697255896
2002,ind,38.2690760452406
2003,ind,41.2634757377745
2004,ind,43.29579810990371
2005,ind,44.2652231859993
2006,ind,47.4727145246583
2007,ind,52.5787030870931
2008,ind,52.78160509368939
2009,ind,58.7772826475076
2010,ind,55.206336877357906
2011,ind,55.206336877357906
2012,ind,52.2540580468666
1991,idn,62.9674152130544
1992,idn,61.310474854999704
1993,idn,58.679030077728996
1994,idn,55.3033741867151
1995,idn,58.185812931575605
1996,idn,60.6434882570745
1997,idn,64.6826831432609
1998,idn,68.0321617005629
1999,idn,69.432730088909
2001,idn,49.556433885828
2002,idn,47.280216273916
2003,idn,46.11611775313379
2004,idn,42.0084919090193
2005,idn,68.3701240701569
2006,idn,47.7386858824345
2007,idn,48.578577555494796
2008,idn,50.7875772827882
2009,idn,49.5689159278792
1990,irn,31.0010865970615
1991,irn,30.233540522599696
1992,irn,32.405104248822
1993,irn,58.1889187210154
1994,irn,58.0877537655534
1995,irn,42.4173318129989
1996,irn,39.3364046721578
1997,irn,32.4648675537868
1998,irn,39.1172043714417
1999,irn,39.2810289636189
2000,irn,49.6357111635606
2001,irn,50.0657686079579
2002,irn,45.351709892397004
2003,irn,45.2438926640287
2004,irn,44.88793896802179
2005,irn,59.0753443306931
2006,irn,60.6118172812
2007,irn,61.6162936240179
2008,irn,66.2568003707926
2009,irn,66.7218875821366
1995,irl,50.1272407107104
1996,irl,50.5030886403327
1997,irl,50.7844362892616
1998,irl,51.003871406064206
1999,irl,50.90664550634279
2000,irl,50.10503350772329
2001,irl,51.1538462899333
2002,irl,48.5432278287148
2003,irl,48.5978635291528
2004,irl,48.5250002300079
2005,irl,47.3399591767408
2006,irl,48.142493432292206
2007,irl,48.573206102478196
2008,irl,47.9034817680782
2009,irl,48.224397371361
2010,irl,47.5330653974419
2011,irl,51.4322949826769
2012,irl,52.422506566616
2000,isr,51.5976683266662
2001,isr,51.58813195699471
2002,isr,47.0300098493795
2003,isr,45.347100107976104
2004,isr,44.8219845814928
2005,isr,45.7302102002543
2006,isr,49.35743837943971
2007,isr,48.9583423406903
2008,isr,45.57707091648021
2009,isr,41.790518123326294
2010,isr,40.965935451268294
2011,isr,41.9163476254914
2012,isr,42.297964624958794
1995,ita,54.59807016605129
1996,ita,57.9896590711796
1997,ita,56.898220985114406
1998,ita,53.468385278830205
1999,ita,54.845497000887796
2000,ita,55.78567398255179
2001,ita,57.5379413631884
2002,ita,55.153348487497794
2003,ita,52.315037578698394
2004,ita,53.307307454016104
2005,ita,54.619825169058196
2006,ita,55.524068414943294
2007,ita,56.9319379082672
2008,ita,58.265225415238596
2009,ita,54.8772921549704
2010,ita,55.0818057891576
2011,ita,54.189914193355506
2012,ita,54.5747300625118
2003,jam,20.1297974963872
2004,jam,44.443749937488604
2005,jam,41.6371930275689
2006,jam,41.7215077502116
2007,jam,43.0363081426511
2008,jam,43.81012587516211
2009,jam,45.1836275514899
2010,jam,38.195212045152104
2011,jam,38.103330592557604
2012,jam,38.9716028754895
2005,jpn,57.0180721757755
2006,jpn,59.080692188952796
2007,jpn,58.5014162513446
2008,jpn,54.302252075978004
2009,jpn,47.924737403547795
2010,jpn,49.929786910646804
2011,jpn,50.766092287750595
2012,jpn,52.18722221526671
1990,jor,22.9313327165212
1991,jor,17.4758927226156
1992,jor,13.202474107476599
1993,jor,14.6220783536623
1994,jor,15.686634674993698
1995,jor,15.6122292210785
1996,jor,16.245036655996802
1997,jor,15.2908728739977
1998,jor,13.7347667430584
1999,jor,14.5998585599878
2000,jor,14.1246358499175
2001,jor,16.4379989400809
2002,jor,16.520165024837898
2003,jor,14.836892142271399
2004,jor,12.827855438662699
2005,jor,13.018538913362699
2006,jor,15.695849053724599
2007,jor,16.5231036324786
2008,jor,21.877379355353302
2009,jor,26.553005312684498
2010,jor,20.9183160856023
2011,jor,21.798053686891798
2012,jor,20.537685743271503
1997,kaz,23.4827124378811
1998,kaz,17.6893022667236
1999,kaz,18.041131500429
2000,kaz,31.218827824956303
2001,kaz,28.9318231947226
2002,kaz,45.622321958217604
2003,kaz,45.1829834004664
2004,kaz,46.8871964468143
1991,ken,32.853383268384
1992,ken,29.2962491269874
1993,ken,34.1057944599115
1994,ken,33.3723262032086
1995,ken,38.5600419507079
1996,ken,39.902413075180505
1997,ken,38.8607359632746
1998,ken,37.7555376739779
1999,ken,37.9348450028019
2000,ken,33.3963529220646
2001,ken,30.610953303336395
2002,ken,32.925712619204
2003,ken,39.308772649221
2004,ken,35.789982514737204
2005,ken,37.572483641934
2006,ken,38.62437295935489
2007,ken,40.2919922891539
2008,ken,41.6652376168796
2009,ken,43.6138649157606
2010,ken,44.019362234465504
2011,ken,45.820417630977
2012,ken,46.1813048115046
2010,kir,49.004704952709
2011,kir,43.156306559091604
2012,kir,43.653254524203795
1990,kor,39.5459443391669
1991,kor,36.960884297792504
1992,kor,39.8239606034019
1993,kor,39.716222047364
1994,kor,39.4659444362159
1995,kor,39.2943953218022
1996,kor,37.156139837748796
1997,kor,34.7385882622126
1998,kor,41.2623039119914
1999,kor,33.3342708854167
2000,kor,38.077682800168
2001,kor,37.20322358189271
2002,kor,36.9380315590141
2003,kor,40.483411124382
2004,kor,40.8438735907842
2005,kor,42.7220813128551
2006,kor,43.7298026792848
2007,kor,46.001310474114895
2008,kor,45.132645280662096
2009,kor,42.344710959574705
2010,kor,42.0497231166541
2011,kor,45.306144764363296
1990,kwt,19.512195121951198
1991,kwt,25.0
1992,kwt,60.0
1993,kwt,18.9873417721519
1994,kwt,32.380952380952394
1995,kwt,24.7311827956989
1996,kwt,15.3846153846154
1997,kwt,18.5185185185185
1998,kwt,24.576271186440703
2001,kwt,16.2162162162162
2002,kwt,18.978102189781
2003,kwt,15.8730158730159
2004,kwt,22.8448275862069
2005,kwt,23.8683127572016
2006,kwt,28.6713286713287
2007,kwt,30.7909604519774
2008,kwt,35.1585014409222
1993,kgz,38.205353776549
1994,kgz,37.50212597086
1995,kgz,29.616380905390397
1996,kgz,22.9859315511941
1997,kgz,17.8937854402338
1998,kgz,18.3264475550348
1999,kgz,19.3248236479678
2000,kgz,17.9727705035503
2001,kgz,21.860272750029896
2006,kgz,14.0844759665816
2007,kgz,13.0668527416956
2008,kgz,14.870092804318302
2009,kgz,19.0104672591519
2010,kgz,31.355104579591604
2011,kgz,30.306296184226102
2012,kgz,26.325569343877802
2006,lao,19.4377529872203
2007,lao,25.317492591942397
2008,lao,29.093420124731196
2009,lao,27.724702272584896
2010,lao,21.1323842844593
2011,lao,23.923473133196897
2012,lao,26.896265415123
1994,lva,26.4553686934023
1995,lva,14.213242625065998
1996,lva,13.2210652414302
1997,lva,21.978447550092604
1998,lva,23.090977162111603
1999,lva,24.332290391329998
2000,lva,22.0
2001,lva,24.844200928520603
2002,lva,25.397186804290598
2003,lva,21.921455513645395
2004,lva,24.844352208716302
2005,lva,23.3245343892066
2006,lva,23.561921949018696
2007,lva,25.351923850382104
2008,lva,29.1358024691358
2009,lva,18.3369235776733
2010,lva,16.4606106063028
2011,lva,18.0346591534438
2012,lva,19.5009850512758
2000,lbn,16.1139277295185
2001,lbn,19.8076192886976
2002,lbn,17.439516129032302
2003,lbn,16.8238351985909
2004,lbn,17.2407899734144
2005,lbn,21.305413032037197
2006,lbn,23.404338587045103
2007,lbn,23.3857502300573
2008,lbn,21.703784467189802
2009,lbn,20.4457949699767
2010,lbn,20.997572136514698
2011,lbn,24.579159623832997
2012,lbn,24.950628257652504
1990,lso,12.6877801133625
1991,lso,19.7368139387859
1992,lso,18.782637112751697
1993,lso,14.9424596999496
1994,lso,17.985498108448898
1995,lso,19.5118500176866
1996,lso,19.2419074586524
1997,lso,19.0671076974828
1998,lso,22.9299739768157
1999,lso,22.2806458466114
2000,lso,24.215640667803804
2001,lso,24.3725036787892
2002,lso,25.7502232229512
2003,lso,28.819329649941697
2004,lso,24.0873965690268
2005,lso,22.8932620073293
2006,lso,16.4429009863601
2007,lso,19.0125511328929
2008,lso,19.5155884398912
2005,lbr,39.12603916103279
2006,lbr,30.9173395965419
2007,lbr,30.3758240806328
2008,lbr,34.3848931137001
2010,lbr,31.3384712969711
2011,lbr,35.7449346554828
2012,lbr,35.140626124254
2000,ltu,19.7829803047194
2001,ltu,18.191951526237602
2002,ltu,30.101831184551
2003,ltu,33.860873318466304
2004,ltu,37.513634483017995
2005,ltu,38.3321541133338
2006,ltu,39.867698384784
2007,ltu,36.8041755179424
2008,ltu,36.0503395182762
2009,ltu,21.3557705835457
2010,ltu,14.796883034690099
2011,ltu,16.342409706546302
2012,ltu,19.959553790369803
1999,lux,46.4774022799252
2000,lux,45.6106895922779
2001,lux,47.296947812859294
2002,lux,47.9548990017375
2003,lux,47.84136128785211
2004,lux,43.860302221349
2005,lux,45.1758962281419
2006,lux,45.7013602326023
2007,lux,45.7359896931578
2008,lux,47.779298017780896
2009,lux,47.6555030379957
2010,lux,48.97165498566339
2011,lux,47.810174034768494
2012,lux,47.7309888213984
1996,mac,11.3594468508273
1997,mac,9.571887611031169
1998,mac,12.0843191526599
1999,mac,13.1415206396031
2000,mac,10.3302914380342
2001,mac,10.2226689180325
2002,mac,8.556976745561151
2003,mac,5.88832669817056
2004,mac,5.32829986913752
2005,mac,5.152167531069581
2006,mac,5.748817238500379
2007,mac,8.27541486772215
2008,mac,5.764087421505019
2009,mac,5.45351688489406
2010,mac,4.1340702081964
2011,mac,3.40249183084027
2012,mac,3.48009756329907
2005,mkd,19.2242981938502
2006,mkd,21.6723406797402
2007,mkd,20.750829502272
2008,mkd,22.861529653629
2009,mkd,18.8854314799431
2010,mkd,130.539774653234
2011,mkd,17.874794069192802
2012,mkd,18.5376613545297
2000,mdg,15.7290895632865
2001,mdg,20.454858243875602
2002,mdg,22.8939716158153
2003,mdg,10.922347411806399
2004,mdg,11.6063767381441
2005,mdg,15.2563976860477
2006,mdg,18.6072335025381
2007,mdg,12.7067046883363
2008,mdg,18.369106937524
2009,mdg,29.4816184222848
2010,mdg,27.5333149887967
2011,mdg,25.647893813639897
1996,mys,46.0889196225187
1997,mys,48.72269330267321
1998,mys,59.8666300884209
1999,mys,59.3529422866417
2000,mys,55.46387731220101
2001,mys,63.967698591421204
2002,mys,63.068547241209096
2003,mys,62.31989027754229
2004,mys,62.239247199900106
2005,mys,61.5388433238619
2006,mys,66.1971144728612
2007,mys,67.5254773808712
2008,mys,68.11346108771531
2009,mys,68.5613662175869
2010,mys,66.4600510421515
2011,mys,70.3110056714979
2012,mys,71.35113391320401
1990,mdv,2.40585774058577
1991,mdv,2.8945931185144707
1992,mdv,2.70870337477798
1993,mdv,2.8647980214344595
1994,mdv,3.05741983594333
1995,mdv,3.00704776820673
1996,mdv,3.3375403169261
1997,mdv,3.1593565559541696
1998,mdv,3.92156862745098
1999,mdv,4.30778675943927
2000,mdv,4.62615900572105
2001,mdv,5.00668832409708
2002,mdv,4.66245305486855
2003,mdv,3.64152281863325
2004,mdv,2.9504613890238
2005,mdv,3.8135593220339
2006,mdv,3.8558893013837303
2007,mdv,5.81735568483013
2008,mdv,7.15219199239634
2009,mdv,8.99341142020498
2010,mdv,6.935962607894651
2011,mdv,5.41183154108821
2000,mli,17.695855421682502
2001,mli,17.218503477636098
2002,mli,17.1183238859958
2003,mli,20.9528044543928
2004,mli,17.9184492397647
2005,mli,20.462094493486
2006,mli,18.1285395758087
2007,mli,20.914263292132603
2008,mli,28.820274687828498
2009,mli,28.3713390528791
2010,mli,29.999486724495696
2011,mli,28.745004625265604
2012,mli,31.917770870821702
2013,mli,30.283343246182397
2003,mlt,43.7477763760297
2004,mlt,41.591967308981296
2005,mlt,39.977087835426005
2006,mlt,42.2025305096906
2007,mlt,44.814390984096406
2008,mlt,45.164996739867604
2009,mlt,46.813694607228406
2010,mlt,46.2549278373729
2011,mlt,45.8016469422295
2012,mlt,47.94867132881411
2009,mus,29.008270575450698
2010,mus,25.189907023194
2011,mus,22.878178574668198
2012,mus,22.411973799273802
1990,mex,39.8198984631642
1991,mex,40.3357970617757
1992,mex,44.434986656850995
1993,mex,48.9159776694227
1994,mex,49.0980122556635
1995,mex,38.8504257587894
1996,mex,37.435270162383105
1997,mex,40.6016156522276
1998,mex,46.3296753718503
1999,mex,46.8643149956982
2000,mex,43.158228213559504
1996,mda,12.3262968070436
1997,mda,9.07194994786236
1998,mda,6.48153762202146
1999,mda,7.28723117555112
2000,mda,5.79482831708351
2001,mda,5.15784026220459
2002,mda,4.82533126828429
2003,mda,5.22640345465762
2004,mda,5.38399877853271
2005,mda,4.3375813565897
2006,mda,4.828231855598309
2007,mda,5.866026008536039
2008,mda,2.35678196657598
2009,mda,1.71326446590314
2010,mda,1.6483306447297001
2011,mda,1.7165671314595499
2012,mda,4.68328267477204
1992,mng,33.5852090032154
1993,mng,55.123736930521794
1994,mng,48.911486018026295
1995,mng,54.1579633439605
1996,mng,41.1303182106823
1997,mng,42.8102156479069
1998,mng,23.9965581819102
1999,mng,13.0649804162144
2000,mng,21.0443474737034
2001,mng,13.658993130077699
2002,mng,22.172402183254103
2003,mng,28.2148035143789
2006,mng,46.6902824573865
2007,mng,24.3071025882374
2008,mng,52.395825707204295
2009,mng,35.953227897832
2010,mng,42.568914106097004
2011,mng,24.723865139394
2012,mng,20.520901983402698
2002,mar,33.1314228995596
2003,mar,35.2185693002439
2004,mar,36.2874713861152
2005,mar,36.8254284890506
2006,mar,38.00168739699429
2007,mar,37.9557907395403
2008,mar,42.3320657870835
2009,mar,39.8680500025664
2010,mar,35.0012715745019
2011,mar,35.8330888354905
2012,mar,38.1788614278906
2010,moz,33.1555896449338
2011,moz,35.0641037853179
2012,moz,41.688922344830395
1990,mmr,29.797175321227602
1991,mmr,18.7977099236641
1992,mmr,25.320385258298202
1993,mmr,27.2423104015027
1994,mmr,33.535644992786395
1995,mmr,34.4152976505918
1996,mmr,29.3937557802086
1997,mmr,31.2711161463918
1998,mmr,36.21167458034
1999,mmr,35.1096294822039
2000,mmr,34.518731760138394
2001,mmr,35.317252228631396
2002,mmr,40.5005152624285
2003,mmr,53.8550381370589
2004,mmr,46.739862135817795
2005,mmr,43.3332983887031
1990,nam,39.44611679711021
1991,nam,26.797561412946
1992,nam,32.769995113210605
1993,nam,33.5110406685638
1994,nam,32.862472497688195
1995,nam,30.158158601778197
1996,nam,32.9103770145118
1997,nam,38.7602820211516
1998,nam,36.923328607263606
1999,nam,35.0940479257923
2000,nam,34.954835131120895
2001,nam,40.7654611441097
2002,nam,48.26956328328079
2003,nam,41.8540234939875
2004,nam,38.8237341651253
2005,nam,38.465414523594205
2006,nam,36.0459910266058
2007,nam,30.649331516334602
2008,nam,38.0220718350298
2009,nam,36.5319002763421
2010,nam,35.283890983779294
2011,nam,36.900897992354395
1990,npl,13.032602236134698
1991,npl,9.37042459736457
1992,npl,8.83749116250884
1993,npl,10.041912582328301
1994,npl,12.5373328139203
1995,npl,13.9687214380014
1996,npl,15.323658143285
1997,npl,16.1579011891627
1998,npl,17.6060944172983
1999,npl,20.043043599000303
2000,npl,21.021356177606197
2001,npl,21.9143187958317
2002,npl,20.513081284483
2003,npl,16.153558958271198
2004,npl,16.8627654495257
2005,npl,16.2469873282962
2006,npl,15.9548501536603
2007,npl,19.2950045482217
2008,npl,19.5252444354674
2009,npl,20.5480844723638
2010,npl,21.1667216216312
2011,npl,23.790428622448395
2012,npl,24.2313420175987
2013,npl,24.3680332859931
1995,nld,50.1128735666552
1996,nld,49.8117059578166
1997,nld,48.7796538845931
1998,nld,47.8026559796881
1999,nld,46.425138462946904
2000,nld,46.3468729575382
2001,nld,46.0320284697509
2002,nld,46.2560490221344
2003,nld,44.34259357951961
2004,nld,43.10846299381579
2005,nld,45.2930193338553
2006,nld,45.8023735604204
2007,nld,46.7355520306468
2008,nld,46.688212731810395
2009,nld,47.5079000842161
2010,nld,47.1819645732689
2011,nld,47.279459480093095
2012,nld,46.5879503960874
2001,nzl,62.5288719730338
2002,nzl,61.884388277341
2003,nzl,62.36566479695729
2004,nzl,62.273131330858
2005,nzl,65.5508993035788
2006,nzl,67.4264318301616
2007,nzl,66.3992029462522
2008,nzl,68.4735154326673
2009,nzl,64.2324840094808
2010,nzl,60.53407043749829
2011,nzl,57.426516757065706
2012,nzl,57.326498252521404
1990,nic,22.2887315375818
1991,nic,15.6733813714399
1992,nic,17.2420769848986
1993,nic,12.7904526184233
1994,nic,9.421751662876211
1995,nic,13.6616681903151
1996,nic,14.8181209551439
1997,nic,15.3756130436565
1998,nic,14.9690864857975
1999,nic,16.0394931420605
2000,nic,17.106710431928402
2001,nic,18.574483250178197
2002,nic,20.801898659673103
2003,nic,25.9795852566744
2004,nic,28.2249745248665
2005,nic,28.596555514840603
2006,nic,29.3936785143279
2007,nic,30.267312953072
2008,nic,32.2217963953696
2009,nic,35.2543265616636
2010,nic,32.6382705432939
2011,nic,35.0160752972087
2012,nic,35.2142509434704
2005,ner,15.8057166410288
2006,ner,18.088656409194602
2007,ner,19.6307558790885
2003,nga,85.08575689783741
2004,nga,77.4834437086093
2005,nga,93.69688385269122
2006,nga,92.63204616067459
2007,nga,94.78866474543709
2008,nga,95.6702562198292
2009,nga,94.7723570929962
2010,nga,93.5547961535405
2011,nga,91.8667362560891
2012,nga,90.9485046894355
2000,nor,49.527045981367294
2001,nor,48.7645938180066
2002,nor,49.73073751054271
2003,nor,49.295653606239206
2004,nor,53.025792327751894
2005,nor,56.2219990936636
2006,nor,57.6518117580995
2007,nor,55.6458090229894
2008,nor,60.093156970878105
2009,nor,53.685403662255105
2010,nor,55.072903132669296
2011,nor,57.768101159886506
2012,nor,57.5026140414971
1990,omn,87.5891583452211
1991,omn,81.6432498472816
1992,omn,79.778972520908
1993,omn,77.0247373771603
1994,omn,79.5929903900509
1995,omn,77.518396346105
1996,omn,77.4339281680596
1997,omn,80.8095952023988
1998,omn,63.7228260869565
1999,omn,63.6296112899232
2000,omn,33.5204490777867
2001,omn,28.0857354028086
2002,omn,35.358758888170705
2003,omn,36.26179245283021
2004,omn,35.221143473570706
2005,omn,33.095936321742805
2006,omn,30.6973400431344
2007,omn,42.7559414990859
2008,omn,41.9657062047021
2009,omn,58.718070759955594
2010,omn,47.55757152826239
2011,omn,47.489892183288404
2012,omn,46.0565767175075
1990,pak,12.7635872425529
1991,pak,15.4757020698088
1992,pak,18.019335393732
1993,pak,21.5011375799084
1994,pak,21.004963028452
1995,pak,24.252757787944603
1996,pak,26.0201016004807
1997,pak,26.2275108507015
1998,pak,28.574838655212698
1999,pak,27.2410022567061
2000,pak,28.063862637818104
2001,pak,28.9632220937081
2002,pak,30.8341700662344
2003,pak,27.4638538405651
2004,pak,27.7362146358954
2005,pak,28.341924756434
2006,pak,29.9552924773645
2007,pak,37.8236666002555
2008,pak,37.189809318320705
2009,pak,38.54075777111
2010,pak,36.1418324178751
2011,pak,37.067626236852895
2012,pak,36.7979736911776
2013,pak,37.2267657250132
1990,pan,34.2388059701493
1991,pan,38.0577094190924
1992,pan,37.2146645146415
1993,pan,36.8648289604782
1994,pan,36.3986268594611
1995,pan,39.3267172601673
1996,pan,37.4880245257712
1997,pan,39.34567369780461
1998,pan,33.9479945615228
1999,pan,40.173844330304206
2000,pan,41.6765053128689
2001,pan,41.5341278043516
1990,png,46.9894736842105
1991,png,48.984985924304
1992,png,54.3360012432979
1993,png,57.9063320990464
1994,png,53.483298376412705
1995,png,52.633633324004705
1996,png,57.200325491742795
1997,png,57.1406030813786
1998,png,57.25253410086351
1999,png,56.1673155695624
2000,png,46.709269256959
2001,png,61.066781641562606
2002,png,53.9829960734101
2005,pry,17.3789329685363
2006,pry,15.1856071394664
2007,pry,17.441737224511098
2008,pry,18.096442314363898
2009,pry,23.717296077218197
2010,pry,18.2988173033405
2011,pry,19.6985439843249
2012,pry,20.8502185884658
1990,per,6.32302522728436
1991,per,8.47173993475966
1992,per,13.9002236015624
1993,per,16.6813584457956
1994,per,19.749902446157698
1995,per,19.0378971545234
1996,per,23.9699207511503
1997,per,24.0979358332885
1998,per,25.1540369342977
1999,per,27.375202747397104
2000,per,26.970205365142398
2001,per,27.4010543441784
2002,per,26.650763041526698
2003,per,30.6399997080793
2004,per,30.277167700587
2005,per,31.6321481586202
2006,per,40.5049472038274
2007,per,43.573461551403206
2008,per,41.46976928143339
2009,per,38.6713148246049
2010,per,40.026120543469204
2011,per,44.5163090510641
2012,per,44.33699662724361
1990,phl,32.5418589321028
1991,phl,33.342477026471
1992,phl,33.5296231522963
1993,phl,32.4955467697789
1994,phl,33.867787176793605
1995,phl,35.7999723042539
1996,phl,37.0639368948665
1997,phl,39.831135588902505
1998,phl,43.956215418222
1999,phl,42.6289015627099
2000,phl,44.0478312472556
2001,phl,45.6084301809296
2002,phl,45.6313007180099
2003,phl,44.5619198139771
2004,phl,45.988164506744205
2005,phl,45.8221138856608
2006,phl,43.8434530392844
2007,phl,45.758931203286
2008,phl,45.96432067359329
2009,phl,44.35190005205621
2010,phl,44.73315332334229
2011,phl,47.580332527498506
2012,phl,47.20600757780029
2001,pol,29.734435173299104
2002,pol,29.586323742210396
2003,pol,28.3165602467357
2004,pol,23.5815052963108
2005,pol,24.611931468164702
2006,pol,25.9998586964201
2007,pol,27.9907348954659
2008,pol,28.298831964843302
2009,pol,27.2573216896943
2010,pol,24.5294423474413
2011,pol,24.443664389506303
2012,pol,26.2351761439971
1995,prt,38.7759012092208
1996,prt,39.8996903419831
1997,prt,40.663576999127
1998,prt,39.3533810254714
1999,prt,40.083888915947796
2000,prt,42.5048228339683
2001,prt,41.0218132558326
2002,prt,39.334377207981895
2003,prt,37.0417189190384
2004,prt,37.6810761422889
2005,prt,35.9835650514989
2006,prt,36.4337591061161
2007,prt,39.1612402200617
2008,prt,40.229562799243205
2009,prt,40.718201077244004
2010,prt,38.821995123280296
2011,prt,40.88974516252821
2012,prt,38.735817255524005
2004,qat,95.90358665254809
2005,qat,94.7266788970322
2006,qat,93.91657130862042
2007,qat,93.4003202883371
2008,qat,94.7003453707502
2009,qat,95.6097488769702
2010,qat,93.9786744438969
2002,rom,20.627765472880302
2003,rom,22.682025749973302
2004,rom,26.8208144175089
2006,rom,30.399099012648396
2007,rom,30.809143611027302
2008,rom,37.7195944343854
2009,rom,37.3805254050132
2010,rom,32.052999578982
2011,rom,30.4572456346561
2012,rom,31.2320041024324
2002,rus,11.829542876684
2003,rus,9.45409152333591
2004,rus,9.101605000047769
2005,rus,10.6957829800902
2006,rus,11.747426956970198
2007,rus,11.392175034981598
2008,rus,10.1559149666115
2009,rus,2.78440731901352
2010,rus,4.42366570128258
2011,rus,3.63118987392038
2012,rus,3.85485833849307
1990,rwa,22.375462017984198
1991,rwa,16.7753353204173
1992,rwa,19.323858742463397
2008,rwa,37.043712230054
2009,rwa,37.0201988372646
2010,rwa,38.5956334306955
2011,rwa,38.852693658442604
2012,rwa,41.355988122731794
2013,rwa,43.419434194341896
2010,wsm,22.1819033264825
2011,wsm,23.334210516985603
2012,wsm,25.3490425177072
2002,smr,46.501919321597
2003,smr,45.074343487678796
2004,smr,43.693400755841104
2005,smr,41.842745730794796
2006,smr,38.27531081051271
2007,smr,37.471576816824204
2008,smr,37.820340566507895
2009,smr,39.0894952595592
2010,smr,37.4380490674073
2011,smr,41.906524939857505
2012,smr,35.8663484503843
2002,stp,46.377757890639295
2003,stp,34.4563982411416
2004,stp,34.2393451229953
2005,stp,39.0176809681449
2006,stp,27.155584810942898
2007,stp,25.7599748081805
2008,stp,26.611835523590102
2009,stp,31.2646676481533
2010,stp,25.9826060444984
2011,stp,31.0723155413001
2012,stp,29.3560298266221
2009,sen,25.6731833271855
2010,sen,27.308599323225604
2011,sen,25.7129536094491
2012,sen,27.735368956743002
2007,srb,16.7372296081966
2008,srb,17.8293208962819
2009,srb,16.5095030281352
2010,srb,15.9780180376327
2011,srb,15.181612955576501
2012,srb,13.472970080690802
1993,syc,16.3307612576299
1994,syc,17.3492749936403
1995,syc,18.8098086124402
1996,syc,17.2086117297699
1997,syc,16.9331585845347
1998,syc,19.4848162590098
1999,syc,24.6274423225522
2000,syc,26.6615737203973
2001,syc,24.788181620682202
2002,syc,25.3327995195676
2003,syc,22.1741221741222
2004,syc,21.9009174311927
2005,syc,20.2486342975481
2006,syc,21.4328406475848
2007,syc,22.384321827407998
2008,syc,24.656875655568598
2009,syc,27.511348385159696
2010,syc,31.911301564945198
2011,syc,36.5366977155895
2012,syc,34.373449036429896
1990,sle,32.9726629707513
1991,sle,25.46490004649
1992,sle,27.826718999854602
1993,sle,25.235798810838
1994,sle,22.955921549293603
1995,sle,16.9721839157781
1996,sle,16.2717528752936
1997,sle,17.6137737582822
1998,sle,17.5989536542831
1999,sle,29.132357292247896
2000,sle,29.4015868176093
2001,sle,28.2456284171492
2002,sle,28.1390525563451
2003,sle,28.2060155381748
2004,sle,30.5946248261649
2005,sle,29.954977151423
2006,sle,29.2333045227027
2007,sle,28.8019295874009
2008,sle,31.8748777466258
2009,sle,30.3203872520472
2010,sle,31.9526135621597
2011,sle,33.9521267199724
2012,sle,43.386695991220506
1990,sgp,44.636239516286295
1991,sgp,45.035223079503496
1992,sgp,47.0347349177331
1993,sgp,45.7246740220662
1994,sgp,41.435370875447894
1995,sgp,41.5010700091715
1996,sgp,42.0384526291406
1997,sgp,41.7062027763135
1998,sgp,47.3448909641846
1999,sgp,47.3956617889239
2000,sgp,50.178818174429
2001,sgp,52.710304270007704
2002,sgp,51.70511296076101
2003,sgp,46.20507249799271
2004,sgp,44.5995656605948
2005,sgp,47.358590165265795
2006,sgp,47.1760916249105
2007,sgp,42.727610766282396
2008,sgp,51.1080442686908
2009,sgp,46.957686420292994
2010,sgp,44.59960150309399
2011,sgp,44.6308630098612
2012,sgp,44.6761778301369
2003,svk,34.1738833505648
2004,svk,26.0711203496626
2005,svk,20.869926257548002
2006,svk,23.091375854470503
2007,svk,25.8213311451443
2008,svk,27.1925460927099
2009,svk,21.922766536683998
2010,svk,24.2145478132967
2011,svk,22.447905623601198
2012,svk,24.5411273217907
1992,svn,24.7042813775777
1993,svn,22.658183103570103
1994,svn,22.7968867687673
1995,svn,23.202281523731898
1996,svn,24.392346147216
1997,svn,25.2535799522672
1998,svn,24.934002111932397
1999,svn,21.659919028340102
2000,svn,24.2266926098807
2001,svn,25.263056641166
2002,svn,27.0954080912431
2003,svn,26.9064826726354
2004,svn,27.9672240112079
2005,svn,28.3587137010042
2006,svn,33.1266753545387
2007,svn,29.947227843999702
2008,svn,33.8208569351702
2009,svn,27.957479247162
2010,svn,22.2575200702944
2011,svn,24.7880650295012
2012,svn,23.8062077623589
2000,zaf,57.103331765553705
2001,zaf,58.2220096752775
2002,zaf,58.0766516092603
2003,zaf,56.30297553564879
2004,zaf,54.4460403564307
2005,zaf,54.6931502045033
2006,zaf,55.819155426014994
2007,zaf,57.04101597728379
2008,zaf,60.36991791846
2009,zaf,58.6873337877354
2010,zaf,55.2125770887986
2011,zaf,56.0523424508706
2012,zaf,54.9841642851343
1995,esp,56.0651907730849
1996,esp,56.2092936275585
1997,esp,53.773836935641896
1998,esp,51.834658038498496
1999,esp,49.9742980145216
2000,esp,51.27793037617129
2001,esp,51.727816091954004
2002,esp,60.9353288713048
2003,esp,59.6972863430544
2004,esp,59.8978363050149
2005,esp,61.1844181543684
2006,esp,63.2181394542178
2007,esp,68.6778834631003
2008,esp,66.2472850558881
2009,esp,64.3713040771864
2010,esp,52.484786593787405
2011,esp,58.504457179242294
2012,esp,67.57487715727879
1990,lka,11.987386857497599
1991,lka,14.2641254750062
1992,lka,14.3635482561262
1993,lka,15.6495634438664
1994,lka,15.3665872033958
1995,lka,14.4766034266047
1996,lka,15.9374207967558
1997,lka,15.119428539351098
1998,lka,13.862575321643801
1999,lka,17.001349170019502
2000,lka,15.053840080705301
2001,lka,16.8267432313604
2002,lka,16.961846103901998
2003,lka,17.0072696505042
2004,lka,14.6942660680798
2005,lka,15.596934943250101
2006,lka,18.7880358280868
2007,lka,21.0568094516718
2008,lka,21.608002445267502
2009,lka,22.5481594938386
2010,lka,18.7130949174507
2011,lka,19.3584209511393
2012,lka,18.9889008516876
1990,kna,23.8061381680294
1991,kna,21.6465169833045
1992,kna,21.1374407582938
1993,kna,19.6618312852259
1994,kna,21.4732510288066
2000,kna,31.4893617021277
2001,kna,29.6505652620761
2002,kna,29.184347006129197
2003,kna,27.4048738777255
2004,kna,28.520752039730397
2005,kna,29.526300494042395
2006,kna,26.3031275060144
2007,kna,29.029029029029
2008,kna,32.0418350368434
2009,kna,37.4144486692015
2010,kna,26.997084548105
2011,kna,21.225490196078397
2012,kna,20.4010025062657
2000,lca,27.6578243882377
2001,lca,30.2283517974226
2002,lca,23.991081382385698
2003,lca,23.5105015002143
2004,lca,21.6397099832683
2005,lca,24.198301265383897
2006,lca,22.9083050324174
2007,lca,25.106624964458298
2008,lca,28.8877511839242
2009,lca,29.359107420861395
2010,lca,28.755475392940003
2011,lca,30.030618493570103
2012,lca,27.899802566633802
1990,vct,28.1012658227848
1991,vct,32.3682256867112
1992,vct,31.506849315068497
1993,vct,30.0829875518672
1994,vct,33.6569579288026
1995,vct,30.1219512195122
1996,vct,31.2989921612542
1997,vct,31.5898498187468
1998,vct,34.1292134831461
1999,vct,32.3408153916628
2000,vct,31.414762741652
2001,vct,29.3046357615894
2002,vct,32.2214076246334
2003,vct,28.256880733944996
2004,vct,27.6383636988656
2005,vct,29.4136914510318
2006,vct,27.2326350606395
2007,vct,25.732737208147
2008,vct,24.642857142857103
2009,vct,25.5201109570042
2010,vct,25.812574139976302
2011,vct,27.7602523659306
2012,vct,28.4254528564793
1998,sdn,20.0881441163445
1999,sdn,18.2814359093415
2001,sur,38.839138695064
2002,sur,36.03532624369421
2003,sur,29.4666757382694
2004,sur,35.4862730535453
2005,sur,38.7331395661109
2006,sur,36.4155448300249
2007,sur,39.1001337923053
2008,sur,37.653262394920894
2009,sur,40.910372179675896
2010,sur,38.468058900282
2011,sur,39.0141086340308
2012,sur,41.864101767116104
1995,swe,24.5031286456676
1996,swe,22.543947186612396
1997,swe,24.5814732800845
1998,swe,23.2282402482756
1999,swe,24.116898260801502
2000,swe,29.7623780486667
2001,swe,22.880141621583
2002,swe,17.5428093887358
2003,swe,18.411215307954198
2004,swe,21.614009888877696
2005,swe,25.5878163304785
2006,swe,27.1195772017215
2007,swe,25.1653012226941
2008,swe,17.7429644959251
2009,swe,14.7504673174495
2010,swe,17.0668575060036
2011,swe,15.8229450477951
2012,swe,14.6390080479967
2002,che,32.713553187307504
2003,che,32.6236775834775
2004,che,32.486076058769996
2005,che,34.2312201229144
2006,che,35.8249654099439
2007,che,36.9545093747806
2008,che,40.7012384704488
2009,che,40.6227210078881
2010,che,38.4089853514423
2011,che,39.7001334987698
1990,syr,40.2047142251856
1991,syr,43.7199481911251
1992,syr,35.248744485447105
1993,syr,30.142295553956
1994,syr,27.4738449358141
1995,syr,28.8858386529657
1996,syr,32.2340356624009
1998,syr,53.4092438771389
1999,syr,54.74899882690829
2000,syr,66.3022029339682
2001,syr,66.9312511981431
2002,syr,60.245627947744104
2003,syr,60.9800730999214
2004,syr,58.4544828946925
2005,syr,51.518323601721
2006,syr,46.268272472023106
2007,syr,48.6034689830461
2008,syr,41.4618974453057
2009,syr,50.001102511521204
1998,tjk,7.335481252219799
1999,tjk,8.53672894572394
2000,tjk,4.2897312378751895
2001,tjk,3.72929556165322
2003,tjk,3.0656333881721403
2004,tjk,4.473560819690539
2009,tza,29.455853261852496
2010,tza,30.783585406980702
2011,tza,34.0512572193593
2012,tza,27.825435652053798
2003,tha,36.3563252205327
2004,tha,39.486335281334796
2005,tha,40.2117563809909
2006,tha,43.8995004971384
2007,tha,44.737035772870904
2008,tha,47.7233159233963
2009,tha,46.5651440131056
2010,tha,42.310045551817204
2011,tha,46.0941310775216
2012,tha,44.9406434961973
2004,tgo,27.9398571415694
2005,tgo,19.9636570637666
2006,tgo,21.2355936015486
2007,tgo,21.7397361179627
2008,tgo,20.187146665960697
2009,tgo,23.1811313631424
2010,tgo,14.5761104670513
2011,tgo,14.1984628053802
2012,tgo,12.6687869575843
1993,tto,50.0114089129939
1994,tto,53.826888718734
1995,tto,60.200594560053396
2001,tto,43.742346917811005
2002,tto,33.9626901966234
2003,tto,49.405346930429204
2004,tto,49.7712285272328
2005,tto,60.012575964094495
2006,tto,69.2897047086991
2007,tto,67.10447962428229
2008,tto,71.68336254628609
2009,tto,60.7024089794262
2010,tto,62.2289234620115
1990,tun,19.2901163060099
1991,tun,20.5179445350734
1992,tun,19.9886104783599
1993,tun,22.662641215426603
1994,tun,22.3474235595079
1995,tun,23.113477613649398
1996,tun,23.483065859397698
1997,tun,26.2325691325928
1998,tun,26.999391101686
1999,tun,26.5753740372981
2000,tun,28.1205973513666
2001,tun,29.377159848911
2002,tun,31.4865222192842
2003,tun,32.8301260783013
2004,tun,32.8902371759515
2005,tun,36.5147643025227
2006,tun,36.67973269734821
2007,tun,38.8899990534386
2008,tun,40.251877609016
2009,tun,39.49012640580771
2010,tun,39.631927929063
2011,tun,43.4273004631289
2012,tun,40.7806571405506
2008,tur,31.374582900780602
2009,tur,31.2296751177887
2010,tur,28.4773579385585
2011,tur,29.157142777526303
2012,tur,29.980113230623196
1998,uga,15.1930425616023
1999,uga,15.848009766919501
2000,uga,16.2121598866955
2001,uga,18.599752557888397
2002,uga,21.3923963620077
2003,uga,22.744635337112797
2004,uga,24.511661965947
2005,uga,27.181525281262196
2006,uga,27.1005215316924
2007,uga,27.7014947726789
2008,uga,27.2741671001801
2009,uga,28.0948451225065
2010,uga,30.983564993226103
2011,uga,45.236674498652896
2012,uga,36.4391492273573
1999,ukr,19.850472363351
2000,ukr,24.195909176205696
2001,ukr,25.636569609511103
2002,ukr,27.5944177924408
2003,ukr,35.850113260810204
2004,ukr,36.362427197254604
2005,ukr,31.8967273535458
2006,ukr,26.7806589364817
2007,ukr,28.5869155354449
2008,ukr,28.0229724370862
2009,ukr,21.781346572978002
2010,ukr,23.782724958615898
2011,ukr,25.3013847207338
2012,ukr,24.243849371149
1995,gbr,49.2406191078052
1996,gbr,48.3484974612864
1997,gbr,48.541948274308396
1998,gbr,50.656329225388205
1999,gbr,49.75401997795589
2000,gbr,50.419738325296294
2001,gbr,51.0927558956782
2002,gbr,49.08524115744579
2003,gbr,48.022734390096
2004,gbr,48.243535528379205
2005,gbr,50.478010353233095
2006,gbr,51.8487609869032
2007,gbr,51.4862468438649
2008,gbr,49.908945089667995
2009,gbr,50.9978806075592
2010,gbr,48.970108813401204
2011,gbr,47.8808988440831
2012,gbr,46.6324337234297
2001,usa,91.1304211679975
2002,usa,89.79703285701281
2003,usa,89.74288589989929
2004,usa,89.82777636379059
2005,usa,91.18773946360149
2006,usa,91.99394818130241
2007,usa,92.7145948545323
2008,usa,91.72254961728649
2009,usa,90.55138056235751
2010,usa,91.5378787878788
2011,usa,92.14371098419451
2012,usa,91.9944245803285
2013,usa,92.1262064683637
1990,ury,9.93189557321226
1991,ury,8.87542796944957
1992,ury,10.6611078022633
1993,ury,11.1741102581996
1994,ury,10.7826190618108
1995,ury,15.527079303675
1996,ury,21.1121683053177
1997,ury,18.837221549318
1998,ury,19.6934458546526
1999,ury,23.9344420110226
2000,ury,25.113322822231
2001,ury,12.4662809241063
2002,ury,11.363787233740899
2003,ury,9.24931723824646
2004,ury,13.765137102630401
2005,ury,15.7353420525176
2006,ury,16.122530090518598
2007,ury,18.468354602599103
2008,ury,29.0246903637601
2009,ury,27.911747077885998
2010,ury,28.5715297013863
2011,ury,28.3392225872726
2012,ury,29.259536163798
1990,ven,86.3828508464389
1991,ven,84.3912860458272
1992,ven,73.9549933813796
1993,ven,68.494908740512
1994,ven,54.4022708496621
1995,ven,49.2769204071986
1996,ven,55.4203257688831
1997,ven,54.200855508573206
1998,ven,25.1367898952877
1999,ven,28.866969898425797
2000,ven,42.5063891689885
2001,ven,36.141270886332705
2002,ven,25.1027947575171
2003,ven,27.938463522695304
2004,ven,29.0431930114473
2005,ven,39.1021950275389
2007,wbg,8.206106870229009
2008,wbg,6.23047538865984
1990,yem,44.855457656739205
1991,yem,49.3798874333815
1992,yem,33.6889176229729
1993,yem,37.7481037380206
1994,yem,47.180154598517106
1995,yem,35.212188140902796
1996,yem,44.30146135690251
1997,yem,47.151470025543205
1998,yem,48.7416400311568
1999,yem,45.8666520611969
1990,zmb,41.906719983334796
1991,zmb,35.4287569923111
1992,zmb,41.518541212547206
1993,zmb,33.9171616639085
1994,zmb,31.284880184949998
1995,zmb,31.425862283424102
1996,zmb,34.681213628130806
1997,zmb,33.6050225795792
1998,zmb,37.1155288822206
1999,zmb,34.6586374519335
2001,zmb,37.9278137124356
2002,zmb,43.405852944878795
2003,zmb,46.3660490754969
2004,zmb,44.30018922335421
2005,zmb,43.676846143604095
2006,zmb,45.7444782939832
2007,zmb,42.801133956921795
2008,zmb,44.2433199351135
2009,zmb,49.62702181233279
2010,zmb,51.8877982848875
2011,zmb,62.6059661451404
1990,zwe,49.9870566916904
1991,zwe,52.9778814935065
1992,zwe,50.5148386926657
1993,zwe,53.975997458313294
1994,zwe,55.025434449099706
1995,zwe,46.2155135563171
1996,zwe,45.9078119827872
1997,zwe,48.237156264978296
